roi,subject,spearman_diss_vs_lag,mean_lag1,mean_lag_ge10,mean_cross_run_P
V1,sub-01,-0.13341660091659768,0.9579938512327492,0.9556475365141532,0.9924463467932086
V1,sub-02,-0.16415911090790777,0.9716912162182456,0.9397225574793111,0.9880940501736755
V1,sub-03,-0.10095339377815452,0.961979081977711,0.9718824704237897,0.9983388976896306
V2,sub-01,-0.14349577828887544,0.9544145555781759,0.9575317262433889,0.9949074910822734
V2,sub-02,-0.16159668519692308,0.9407008252070346,0.9429293357822025,0.9833481645104192
V2,sub-03,-0.11472874454464022,0.9587022280852223,0.9686288868745411,0.9987843776078681
LOC,sub-01,-0.25858144525202637,1.0281894968441938,0.9701663800421898,0.9997572908051724
LOC,sub-02,-0.23222108004429284,1.0026573652712067,0.9392479495651901,0.990164087543019
LOC,sub-03,-0.19681471869010983,1.0065866288424827,0.9716025463358061,0.9995988706217693
IT,sub-01,-0.27685177779077313,1.0298749337901691,0.9750356055193088,0.9998876740645248
IT,sub-02,-0.30004533221933716,1.0112843694520472,0.9580437864169415,0.994388459712396
IT,sub-03,-0.2041089389176968,0.9977762723104724,0.9821669668150418,0.9996523796483485
