roi,subject,lag,mean_dissimilarity,n
V1,sub-01,1,0.9579938512327492,625
V1,sub-01,2,0.982426938999988,615
V1,sub-01,3,0.9976821562870395,605
V1,sub-01,4,0.99101293723635,597
V1,sub-01,5,0.9865646976247867,593
V1,sub-01,6,0.9848232057528948,589
V1,sub-01,7,0.9932912436599969,581
V1,sub-01,8,0.9936960260060483,575
V1,sub-01,9,0.986742204962336,565
V1,sub-01,10,0.9883284847215622,553
V1,sub-01,11,0.9839340313927317,548
V1,sub-01,12,0.9780329605953929,538
V1,sub-01,13,0.9695007174771902,530
V1,sub-01,14,0.9695944354408642,524
V1,sub-01,15,0.9665951745797621,514
V1,sub-01,16,0.9558266360084015,512
V1,sub-01,17,0.9595137084976597,503
V1,sub-01,18,0.9678158017220322,491
V1,sub-01,19,0.9547831347069636,488
V1,sub-01,20,0.9572958933860335,478
V1,sub-01,21,0.9544348005858384,469
V1,sub-01,22,0.9513255259533664,461
V1,sub-01,23,0.9557826260814131,450
V1,sub-01,24,0.9496221930190722,441
V1,sub-01,25,0.9590027633232959,435
V1,sub-01,26,0.9488896673383389,424
V1,sub-01,27,0.9528313212072639,414
V1,sub-01,28,0.9417204151630612,407
V1,sub-01,29,0.9414649723919662,401
V1,sub-01,30,0.9513323228709893,394
V1,sub-01,31,0.9411738238611251,387
V1,sub-01,32,0.9486516586514745,382
V1,sub-01,33,0.9357176088321898,374
V1,sub-01,34,0.9432505459702757,371
V1,sub-01,35,0.9369627745426425,358
V1,sub-01,36,0.9421074405084924,352
V1,sub-01,37,0.9474249779065493,343
V1,sub-01,38,0.946201931003314,335
V1,sub-01,39,0.9498348149707306,325
V1,sub-01,40,0.9344291358484326,325
V1,sub-01,41,0.9546510594009799,313
V1,sub-01,42,0.9610248203761627,307
V1,sub-01,43,0.9426715124775971,298
V1,sub-01,44,0.9478110142820066,292
V1,sub-01,45,0.9600455568229639,291
V1,sub-01,46,0.9565208548585241,284
V1,sub-01,47,0.9475983840731343,272
V1,sub-01,48,0.9520878492233936,270
V1,sub-01,49,0.9553866900691514,259
V1,sub-01,50,0.9583360352396416,248
V1,sub-01,51,0.9547966732581721,247
V1,sub-01,52,0.9655705272362017,236
V1,sub-01,53,0.9592473121668448,228
V1,sub-01,54,0.958922290551461,224
V1,sub-01,55,0.9595212930557886,215
V1,sub-01,56,0.9617378154196253,205
V1,sub-01,57,0.9513848210296151,198
V1,sub-01,58,0.9609515465436616,189
V1,sub-01,59,0.968584029428876,180
V1,sub-01,60,0.9543484538956635,169
V1,sub-01,61,0.9501975272923122,165
V1,sub-01,62,0.958110499853171,153
V1,sub-01,63,0.9523051456748457,144
V1,sub-01,64,0.9502761988530962,138
V1,sub-01,65,0.9485500063268999,130
V1,sub-01,66,0.9483154132509873,121
V1,sub-01,67,0.959360358078605,116
V1,sub-01,68,0.9493141127365143,109
V1,sub-01,69,0.9512148561881009,101
V1,sub-01,70,0.9503589195102178,93
V1,sub-01,71,0.9423077164483399,82
V1,sub-01,72,0.9381066910805895,73
V1,sub-01,73,0.939439475779634,66
V1,sub-01,74,0.964236303443595,59
V1,sub-01,75,0.9547126363101011,52
V1,sub-01,76,0.9386064413848518,43
V1,sub-01,77,0.9531365377456729,36
V1,sub-01,78,0.9536708600397792,30
V1,sub-01,79,0.922152178264415,25
V1,sub-01,80,0.9717649102873344,18
V1,sub-01,81,0.960093246969865,9
V1,sub-02,1,0.9716912162182456,625
V1,sub-02,2,0.9584927490914953,615
V1,sub-02,3,0.9767277701469922,605
V1,sub-02,4,0.9722378177011008,597
V1,sub-02,5,0.9724096029437616,593
V1,sub-02,6,0.9702948972145692,589
V1,sub-02,7,0.9746489473174929,581
V1,sub-02,8,0.9686189887595893,575
V1,sub-02,9,0.9630943135610285,565
V1,sub-02,10,0.9664164074920375,553
V1,sub-02,11,0.9620526618078266,548
V1,sub-02,12,0.9637060914542254,538
V1,sub-02,13,0.9632710301684227,530
V1,sub-02,14,0.9641828339992469,524
V1,sub-02,15,0.9586303591822224,514
V1,sub-02,16,0.948558397270826,512
V1,sub-02,17,0.9481504220814467,503
V1,sub-02,18,0.9440430229697577,491
V1,sub-02,19,0.9459167476128155,488
V1,sub-02,20,0.9368111408105005,478
V1,sub-02,21,0.9407880011061381,469
V1,sub-02,22,0.9460798334756263,461
V1,sub-02,23,0.9316652652982838,450
V1,sub-02,24,0.9334539019404278,441
V1,sub-02,25,0.9300814896903515,435
V1,sub-02,26,0.9284127775436798,424
V1,sub-02,27,0.9360877781811087,414
V1,sub-02,28,0.9305361621385194,407
V1,sub-02,29,0.9290165518631243,401
V1,sub-02,30,0.9290840441211781,394
V1,sub-02,31,0.9224660665000121,387
V1,sub-02,32,0.9334105153878388,382
V1,sub-02,33,0.9333020587131481,374
V1,sub-02,34,0.9270168929010034,371
V1,sub-02,35,0.9298788309833363,358
V1,sub-02,36,0.927806561493468,352
V1,sub-02,37,0.9328462681663517,343
V1,sub-02,38,0.9386650917207536,335
V1,sub-02,39,0.9321380867871925,325
V1,sub-02,40,0.9306237786428014,325
V1,sub-02,41,0.9322730932156398,313
V1,sub-02,42,0.9345513084622395,307
V1,sub-02,43,0.9338281782920199,298
V1,sub-02,44,0.9269378999679442,292
V1,sub-02,45,0.93281049080416,291
V1,sub-02,46,0.935335441848047,284
V1,sub-02,47,0.9295371439717148,272
V1,sub-02,48,0.9419370921076577,270
V1,sub-02,49,0.9359823603054984,259
V1,sub-02,50,0.9426900193789562,248
V1,sub-02,51,0.9447072682803096,247
V1,sub-02,52,0.9443139968542154,236
V1,sub-02,53,0.9403718673052789,228
V1,sub-02,54,0.9386638088378269,224
V1,sub-02,55,0.9431070362601008,215
V1,sub-02,56,0.9439452500965966,205
V1,sub-02,57,0.9468828663685322,198
V1,sub-02,58,0.9424047798781605,189
V1,sub-02,59,0.9522395650652709,180
V1,sub-02,60,0.9431242807728742,169
V1,sub-02,61,0.9354555907997091,165
V1,sub-02,62,0.9339418343111091,153
V1,sub-02,63,0.9343901837639272,144
V1,sub-02,64,0.9317049780149645,138
V1,sub-02,65,0.9262901634625889,130
V1,sub-02,66,0.9323291238919471,121
V1,sub-02,67,0.9305964085306546,116
V1,sub-02,68,0.9358570553468373,109
V1,sub-02,69,0.9265755149890986,101
V1,sub-02,70,0.9301469228797115,93
V1,sub-02,71,0.9298432736071881,82
V1,sub-02,72,0.9003804574112844,73
V1,sub-02,73,0.918057486317694,66
V1,sub-02,74,0.9152240202115342,59
V1,sub-02,75,0.9333055546766814,52
V1,sub-02,76,0.892698818184703,43
V1,sub-02,77,0.9113286107590002,36
V1,sub-02,78,0.8962558696521081,30
V1,sub-02,79,0.8974719445227035,25
V1,sub-02,80,0.9014245346504521,18
V1,sub-02,81,0.8939704120332159,9
V1,sub-03,1,0.961979081977711,622
V1,sub-03,2,0.9940154020682761,609
V1,sub-03,3,1.0383013245371038,605
V1,sub-03,4,1.0037906593260333,600
V1,sub-03,5,1.0001718360163878,589
V1,sub-03,6,1.0029988450800802,590
V1,sub-03,7,1.0022019102233268,581
V1,sub-03,8,1.0047124971853683,568
V1,sub-03,9,1.005207902510274,558
V1,sub-03,10,1.0000244146377775,554
V1,sub-03,11,0.9931372669204673,547
V1,sub-03,12,0.9974316114099513,544
V1,sub-03,13,0.9906862696635955,536
V1,sub-03,14,0.9942570339248973,528
V1,sub-03,15,0.9947686925918494,521
V1,sub-03,16,0.9851403427563857,520
V1,sub-03,17,0.9885596737302186,505
V1,sub-03,18,0.9873211493009336,499
V1,sub-03,19,0.9833188422836892,493
V1,sub-03,20,0.9672542207882713,482
V1,sub-03,21,0.9668796335137084,468
V1,sub-03,22,0.9772188320829935,467
V1,sub-03,23,0.9706343205386526,455
V1,sub-03,24,0.9570145702673879,448
V1,sub-03,25,0.9602018063888683,434
V1,sub-03,26,0.9674183264736709,420
V1,sub-03,27,0.9626700642353367,417
V1,sub-03,28,0.9529968745905685,407
V1,sub-03,29,0.9536073737398841,403
V1,sub-03,30,0.9608747904017649,393
V1,sub-03,31,0.9495605647200707,385
V1,sub-03,32,0.9559795667157783,376
V1,sub-03,33,0.9738725536934395,374
V1,sub-03,34,0.9426765105817501,371
V1,sub-03,35,0.9449472803830676,368
V1,sub-03,36,0.9580435008209645,355
V1,sub-03,37,0.9654904648136066,351
V1,sub-03,38,0.9592228867462226,347
V1,sub-03,39,0.9589286795635146,332
V1,sub-03,40,0.9616848604759267,324
V1,sub-03,41,0.9741129433601533,317
V1,sub-03,42,0.9748112387669725,309
V1,sub-03,43,0.9742409514021717,302
V1,sub-03,44,0.9689897777380237,294
V1,sub-03,45,0.9633686078389975,280
V1,sub-03,46,0.9849690454141856,274
V1,sub-03,47,0.9658934366632435,265
V1,sub-03,48,0.9608840214931937,262
V1,sub-03,49,0.9636578322467871,255
V1,sub-03,50,0.9732998109482875,252
V1,sub-03,51,0.9774381716830071,246
V1,sub-03,52,0.9889624255415224,235
V1,sub-03,53,0.9732409107376693,227
V1,sub-03,54,0.9805225975185319,226
V1,sub-03,55,0.9713549426278351,213
V1,sub-03,56,0.9630991455220219,204
V1,sub-03,57,0.9721374836373591,197
V1,sub-03,58,0.9763857839522033,190
V1,sub-03,59,0.9641176375155852,177
V1,sub-03,60,0.9797477122993022,169
V1,sub-03,61,0.9522960059409166,161
V1,sub-03,62,0.9745563451455601,151
V1,sub-03,63,0.9939015438346026,142
V1,sub-03,64,0.9897125756874435,133
V1,sub-03,65,0.9751812021203272,126
V1,sub-03,66,0.9503500081284196,117
V1,sub-03,67,0.9498384050853595,108
V1,sub-03,68,0.9580453777662956,101
V1,sub-03,69,0.948755228372572,91
V1,sub-03,70,0.9311407758277569,86
V1,sub-03,71,0.9533455169300804,79
V1,sub-03,72,0.9556337966514301,78
V1,sub-03,73,0.9607562009897056,69
V1,sub-03,74,0.9811523011280614,60
V1,sub-03,75,0.9577120715447793,52
V1,sub-03,76,0.9869580757783684,42
V1,sub-03,77,0.9057891515296902,39
V1,sub-03,78,0.9767183182528053,33
V1,sub-03,79,0.972274557833822,25
V1,sub-03,80,0.9989049293814761,17
V1,sub-03,81,1.0004152516052014,10
V2,sub-01,1,0.9544145555781759,625
V2,sub-01,2,1.0013880101324322,615
V2,sub-01,3,1.0010660077302098,605
V2,sub-01,4,0.9945117027244729,597
V2,sub-01,5,0.986704609103081,593
V2,sub-01,6,0.9845046183795658,589
V2,sub-01,7,0.993170409798197,581
V2,sub-01,8,0.9985363595924116,575
V2,sub-01,9,0.9899772136033382,565
V2,sub-01,10,0.9859871845864884,553
V2,sub-01,11,0.9849145956523729,548
V2,sub-01,12,0.9821900186652657,538
V2,sub-01,13,0.9674966652421717,530
V2,sub-01,14,0.9711490335904965,524
V2,sub-01,15,0.9684956286317368,514
V2,sub-01,16,0.9581171590390769,512
V2,sub-01,17,0.9663987613890849,503
V2,sub-01,18,0.9677027551831336,491
V2,sub-01,19,0.9576854535953006,488
V2,sub-01,20,0.9573128598286805,478
V2,sub-01,21,0.9572654745224384,469
V2,sub-01,22,0.9560895796694426,461
V2,sub-01,23,0.954103230491523,450
V2,sub-01,24,0.9498735398638336,441
V2,sub-01,25,0.9564553442620891,435
V2,sub-01,26,0.9538332487599904,424
V2,sub-01,27,0.9533049222381947,414
V2,sub-01,28,0.9485077764177554,407
V2,sub-01,29,0.941688320185936,401
V2,sub-01,30,0.9479235265753457,394
V2,sub-01,31,0.9441553475873224,387
V2,sub-01,32,0.9515072323867769,382
V2,sub-01,33,0.9401575813294273,374
V2,sub-01,34,0.943393213926388,371
V2,sub-01,35,0.9429265675336195,358
V2,sub-01,36,0.944090123320866,352
V2,sub-01,37,0.9476183652038523,343
V2,sub-01,38,0.9501506507934355,335
V2,sub-01,39,0.9487663014486746,325
V2,sub-01,40,0.9427385868537462,325
V2,sub-01,41,0.9514430143671987,313
V2,sub-01,42,0.964011841792309,307
V2,sub-01,43,0.9441828679296311,298
V2,sub-01,44,0.9502784679539393,292
V2,sub-01,45,0.9565979369057528,291
V2,sub-01,46,0.9598042796304597,284
V2,sub-01,47,0.9571278987316882,272
V2,sub-01,48,0.9584746531244173,270
V2,sub-01,49,0.9586699037695059,259
V2,sub-01,50,0.9601776490191666,248
V2,sub-01,51,0.9569103037571753,247
V2,sub-01,52,0.9638996447406173,236
V2,sub-01,53,0.967616321107819,228
V2,sub-01,54,0.95746455386238,224
V2,sub-01,55,0.963560715467939,215
V2,sub-01,56,0.9606342508961823,205
V2,sub-01,57,0.9555030560314076,198
V2,sub-01,58,0.965269597283135,189
V2,sub-01,59,0.9676268337916389,180
V2,sub-01,60,0.9551845519062978,169
V2,sub-01,61,0.9542396410766667,165
V2,sub-01,62,0.9621108538710179,153
V2,sub-01,63,0.952457138021046,144
V2,sub-01,64,0.9546905843839177,138
V2,sub-01,65,0.9534328291763615,130
V2,sub-01,66,0.9429115446882117,121
V2,sub-01,67,0.9487969491560013,116
V2,sub-01,68,0.9506803505558844,109
V2,sub-01,69,0.9467450030431839,101
V2,sub-01,70,0.9500552657928928,93
V2,sub-01,71,0.9489947597323671,82
V2,sub-01,72,0.9385318736194002,73
V2,sub-01,73,0.9410634569770318,66
V2,sub-01,74,0.979282711389725,59
V2,sub-01,75,0.9529704998540842,52
V2,sub-01,76,0.9439451220030018,43
V2,sub-01,77,0.9735011852104422,36
V2,sub-01,78,0.9395089971677739,30
V2,sub-01,79,0.9349647278220256,25
V2,sub-01,80,0.997551269354171,18
V2,sub-01,81,0.9646098108592693,9
V2,sub-02,1,0.9407008252070346,625
V2,sub-02,2,0.9601470867167512,615
V2,sub-02,3,0.9820734247077436,605
V2,sub-02,4,0.9794568751915771,597
V2,sub-02,5,0.9798120381469888,593
V2,sub-02,6,0.9779736750357674,589
V2,sub-02,7,0.9801231405135664,581
V2,sub-02,8,0.9758652138750135,575
V2,sub-02,9,0.9689658497632071,565
V2,sub-02,10,0.9686767616851015,553
V2,sub-02,11,0.9690449123350585,548
V2,sub-02,12,0.9685725109802937,538
V2,sub-02,13,0.9706127148107887,530
V2,sub-02,14,0.9659655516533263,524
V2,sub-02,15,0.9630704878432518,514
V2,sub-02,16,0.9538068647353836,512
V2,sub-02,17,0.9508997361616529,503
V2,sub-02,18,0.948758900347152,491
V2,sub-02,19,0.9502220727877575,488
V2,sub-02,20,0.9454444671967709,478
V2,sub-02,21,0.9451624882912157,469
V2,sub-02,22,0.9448500726905512,461
V2,sub-02,23,0.9356117171010299,450
V2,sub-02,24,0.9366535531668199,441
V2,sub-02,25,0.9373903510410054,435
V2,sub-02,26,0.9310228836879951,424
V2,sub-02,27,0.9405243853406022,414
V2,sub-02,28,0.9314400609340276,407
V2,sub-02,29,0.9280163547154155,401
V2,sub-02,30,0.9257502076145013,394
V2,sub-02,31,0.9254165929816361,387
V2,sub-02,32,0.9318047364615671,382
V2,sub-02,33,0.9336929600363929,374
V2,sub-02,34,0.9311546068290203,371
V2,sub-02,35,0.9359917279989904,358
V2,sub-02,36,0.932968173370197,352
V2,sub-02,37,0.933678077879369,343
V2,sub-02,38,0.9361960533368893,335
V2,sub-02,39,0.9368477810996592,325
V2,sub-02,40,0.9307176670910144,325
V2,sub-02,41,0.9337198309420165,313
V2,sub-02,42,0.9318013233346217,307
V2,sub-02,43,0.9367424752619781,298
V2,sub-02,44,0.9380270054226375,292
V2,sub-02,45,0.93190460342938,291
V2,sub-02,46,0.9351601517130506,284
V2,sub-02,47,0.9350329185607436,272
V2,sub-02,48,0.94390993965059,270
V2,sub-02,49,0.9397542111730961,259
V2,sub-02,50,0.9493444123211862,248
V2,sub-02,51,0.9490832329589605,247
V2,sub-02,52,0.9476602988652585,236
V2,sub-02,53,0.95374730198552,228
V2,sub-02,54,0.95367821315259,224
V2,sub-02,55,0.9479376534918935,215
V2,sub-02,56,0.9506144953899235,205
V2,sub-02,57,0.9441898367646003,198
V2,sub-02,58,0.9435766735099232,189
V2,sub-02,59,0.948474662574792,180
V2,sub-02,60,0.9453673308562311,169
V2,sub-02,61,0.9347961718153178,165
V2,sub-02,62,0.9358542002506586,153
V2,sub-02,63,0.9376808261312252,144
V2,sub-02,64,0.9379420274606731,138
V2,sub-02,65,0.9261529537159284,130
V2,sub-02,66,0.9279451240474453,121
V2,sub-02,67,0.9285520773296273,116
V2,sub-02,68,0.9302969834091332,109
V2,sub-02,69,0.931755968933384,101
V2,sub-02,70,0.9383406490795777,93
V2,sub-02,71,0.9262741658758633,82
V2,sub-02,72,0.9046480125870409,73
V2,sub-02,73,0.9206886665838282,66
V2,sub-02,74,0.9109733029518704,59
V2,sub-02,75,0.923533297195733,52
V2,sub-02,76,0.8920083868997613,43
V2,sub-02,77,0.9060707382785657,36
V2,sub-02,78,0.9201372431128242,30
V2,sub-02,79,0.9142877104726653,25
V2,sub-02,80,0.9365129738495663,18
V2,sub-02,81,0.9152878826090289,9
V2,sub-03,1,0.9587022280852223,622
V2,sub-03,2,0.9974121984484119,609
V2,sub-03,3,1.0211430628490181,605
V2,sub-03,4,1.004526974075186,600
V2,sub-03,5,1.00287273012432,589
V2,sub-03,6,0.9959171040466916,590
V2,sub-03,7,1.0004638981862621,581
V2,sub-03,8,1.005918033537979,568
V2,sub-03,9,0.9965256395052389,558
V2,sub-03,10,0.9947275202461265,554
V2,sub-03,11,0.9885448010978227,547
V2,sub-03,12,0.9931189531115397,544
V2,sub-03,13,0.9936686487968337,536
V2,sub-03,14,0.9917813420481347,528
V2,sub-03,15,0.9892940371384806,521
V2,sub-03,16,0.9866377491099316,520
V2,sub-03,17,0.9744029153979926,505
V2,sub-03,18,0.9837277860270077,499
V2,sub-03,19,0.9784356615199398,493
V2,sub-03,20,0.9642405558850006,482
V2,sub-03,21,0.9624679867586586,468
V2,sub-03,22,0.9757147159743996,467
V2,sub-03,23,0.9654960372013744,455
V2,sub-03,24,0.953208507595306,448
V2,sub-03,25,0.95861939947702,434
V2,sub-03,26,0.9632172119717225,420
V2,sub-03,27,0.9583303769283462,417
V2,sub-03,28,0.9529041705993568,407
V2,sub-03,29,0.952974920101207,403
V2,sub-03,30,0.9588039550428312,393
V2,sub-03,31,0.9502968990260651,385
V2,sub-03,32,0.955381579047811,376
V2,sub-03,33,0.9648542888133964,374
V2,sub-03,34,0.9475149557573332,371
V2,sub-03,35,0.949534512365463,368
V2,sub-03,36,0.9634565099433231,355
V2,sub-03,37,0.9565221976282761,351
V2,sub-03,38,0.9522895802032325,347
V2,sub-03,39,0.9585550205574053,332
V2,sub-03,40,0.9611050382292402,324
V2,sub-03,41,0.9688489938535869,317
V2,sub-03,42,0.9726966811112453,309
V2,sub-03,43,0.9762318777048217,302
V2,sub-03,44,0.9640339156046656,294
V2,sub-03,45,0.9537316885572348,280
V2,sub-03,46,0.9780669989826714,274
V2,sub-03,47,0.9623949131552608,265
V2,sub-03,48,0.9597470634848901,262
V2,sub-03,49,0.9605536850623844,255
V2,sub-03,50,0.9652601423756452,252
V2,sub-03,51,0.967765525221636,246
V2,sub-03,52,0.9782473408320729,235
V2,sub-03,53,0.9726931248526808,227
V2,sub-03,54,0.9701602619073357,226
V2,sub-03,55,0.9704784841420434,213
V2,sub-03,56,0.9601085210651787,204
V2,sub-03,57,0.9735365459478484,197
V2,sub-03,58,0.9829942457766276,190
V2,sub-03,59,0.9606068441167872,177
V2,sub-03,60,0.9794376198369068,169
V2,sub-03,61,0.940918853903566,161
V2,sub-03,62,0.9696446842555623,151
V2,sub-03,63,0.9851860375403105,142
V2,sub-03,64,0.9801770574721861,133
V2,sub-03,65,0.9724214108278455,126
V2,sub-03,66,0.9466484937783434,117
V2,sub-03,67,0.9473741119849793,108
V2,sub-03,68,0.9601876689285805,101
V2,sub-03,69,0.9558270835035846,91
V2,sub-03,70,0.9418231091191831,86
V2,sub-03,71,0.9429721936678707,79
V2,sub-03,72,0.9582597657955555,78
V2,sub-03,73,0.9512077421720772,69
V2,sub-03,74,0.9565945333629375,60
V2,sub-03,75,0.9495350601868124,52
V2,sub-03,76,0.9583382395000218,42
V2,sub-03,77,0.9100652144215385,39
V2,sub-03,78,0.9632487387502803,33
V2,sub-03,79,0.9964696806690599,25
V2,sub-03,80,0.9997831107048905,17
V2,sub-03,81,0.998045410549989,10
LOC,sub-01,1,1.0281894968441938,625
LOC,sub-01,2,1.0123836171063034,615
LOC,sub-01,3,1.019055572460486,605
LOC,sub-01,4,1.0122157180862896,597
LOC,sub-01,5,1.006664110335971,593
LOC,sub-01,6,1.0025206839819425,589
LOC,sub-01,7,1.0018841728751617,581
LOC,sub-01,8,0.9980190921321906,575
LOC,sub-01,9,0.9917889508834384,565
LOC,sub-01,10,0.9896337555181571,553
LOC,sub-01,11,0.9836278011954845,548
LOC,sub-01,12,0.9883794943257161,538
LOC,sub-01,13,0.9818505070097281,530
LOC,sub-01,14,0.9810901799590019,524
LOC,sub-01,15,0.9813227424835959,514
LOC,sub-01,16,0.9745645518270228,512
LOC,sub-01,17,0.9776197577271032,503
LOC,sub-01,18,0.9763018403038786,491
LOC,sub-01,19,0.975195204565484,488
LOC,sub-01,20,0.9695940059751826,478
LOC,sub-01,21,0.9708392594389711,469
LOC,sub-01,22,0.9698765073236185,461
LOC,sub-01,23,0.9703714303443359,450
LOC,sub-01,24,0.9620613586556959,441
LOC,sub-01,25,0.9643747137138586,435
LOC,sub-01,26,0.9700431564439235,424
LOC,sub-01,27,0.9636962592733147,414
LOC,sub-01,28,0.9650352024209736,407
LOC,sub-01,29,0.9617568358690121,401
LOC,sub-01,30,0.9591762990088374,394
LOC,sub-01,31,0.9660927059005052,387
LOC,sub-01,32,0.9613101437606921,382
LOC,sub-01,33,0.9597726010317723,374
LOC,sub-01,34,0.964252975527136,371
LOC,sub-01,35,0.9638175870933693,358
LOC,sub-01,36,0.9565006769809994,352
LOC,sub-01,37,0.9599559218902763,343
LOC,sub-01,38,0.9645720092248607,335
LOC,sub-01,39,0.9651127490179079,325
LOC,sub-01,40,0.9613652022221008,325
LOC,sub-01,41,0.9601025677287329,313
LOC,sub-01,42,0.9741712618988744,307
LOC,sub-01,43,0.9667882442910151,298
LOC,sub-01,44,0.9676636935171475,292
LOC,sub-01,45,0.9741248535122586,291
LOC,sub-01,46,0.9718517694133477,284
LOC,sub-01,47,0.9707652482157049,272
LOC,sub-01,48,0.9671180240439402,270
LOC,sub-01,49,0.9684228812350417,259
LOC,sub-01,50,0.9711664812754056,248
LOC,sub-01,51,0.9730197757508928,247
LOC,sub-01,52,0.9713685985152797,236
LOC,sub-01,53,0.9765147865098457,228
LOC,sub-01,54,0.9752605564965282,224
LOC,sub-01,55,0.974632797296771,215
LOC,sub-01,56,0.9691289063283725,205
LOC,sub-01,57,0.9653163828451635,198
LOC,sub-01,58,0.969612352227973,189
LOC,sub-01,59,0.9749674507703882,180
LOC,sub-01,60,0.9663578346499724,169
LOC,sub-01,61,0.9677578733540939,165
LOC,sub-01,62,0.9702305736640358,153
LOC,sub-01,63,0.9663746726727653,144
LOC,sub-01,64,0.9752420250617128,138
LOC,sub-01,65,0.9643330628317953,130
LOC,sub-01,66,0.9691029092172161,121
LOC,sub-01,67,0.9631631420569656,116
LOC,sub-01,68,0.9645861467698165,109
LOC,sub-01,69,0.9616255252982656,101
LOC,sub-01,70,0.9574951544181622,93
LOC,sub-01,71,0.9618002719771007,82
LOC,sub-01,72,0.9558642783950406,73
LOC,sub-01,73,0.9531332069816683,66
LOC,sub-01,74,0.9507939797927863,59
LOC,sub-01,75,0.955441548413831,52
LOC,sub-01,76,0.9571830436894496,43
LOC,sub-01,77,0.9641288040890353,36
LOC,sub-01,78,0.9633457805369967,30
LOC,sub-01,79,0.9567942163344096,25
LOC,sub-01,80,0.9677240852938811,18
LOC,sub-01,81,0.9337647708154777,9
LOC,sub-02,1,1.0026573652712067,625
LOC,sub-02,2,0.9671278832468787,615
LOC,sub-02,3,0.974760379348291,605
LOC,sub-02,4,0.9702719999924067,597
LOC,sub-02,5,0.9717678602206582,593
LOC,sub-02,6,0.9681316624500311,589
LOC,sub-02,7,0.968036166689855,581
LOC,sub-02,8,0.9664767072907234,575
LOC,sub-02,9,0.962905223807302,565
LOC,sub-02,10,0.9608648458279005,553
LOC,sub-02,11,0.9624229010688324,548
LOC,sub-02,12,0.9543349058283511,538
LOC,sub-02,13,0.9568315587625378,530
LOC,sub-02,14,0.9533077039309624,524
LOC,sub-02,15,0.9502798213339526,514
LOC,sub-02,16,0.9465030400794522,512
LOC,sub-02,17,0.9437751965551344,503
LOC,sub-02,18,0.9446793954039439,491
LOC,sub-02,19,0.9440769668703631,488
LOC,sub-02,20,0.9398820072346117,478
LOC,sub-02,21,0.9403284097759935,469
LOC,sub-02,22,0.9384828109554274,461
LOC,sub-02,23,0.9356949565789484,450
LOC,sub-02,24,0.9365914044418255,441
LOC,sub-02,25,0.9334904572297643,435
LOC,sub-02,26,0.9283230343122858,424
LOC,sub-02,27,0.9324033086745331,414
LOC,sub-02,28,0.9293482193843972,407
LOC,sub-02,29,0.9302572589592732,401
LOC,sub-02,30,0.9331051190681106,394
LOC,sub-02,31,0.9309896531804885,387
LOC,sub-02,32,0.9354357356643892,382
LOC,sub-02,33,0.9316531724483725,374
LOC,sub-02,34,0.9296074401887321,371
LOC,sub-02,35,0.93004786843887,358
LOC,sub-02,36,0.9326938185250576,352
LOC,sub-02,37,0.9332096943846577,343
LOC,sub-02,38,0.9361046960919912,335
LOC,sub-02,39,0.9327734348143946,325
LOC,sub-02,40,0.9287101768992696,325
LOC,sub-02,41,0.9330407847041486,313
LOC,sub-02,42,0.9314366436518373,307
LOC,sub-02,43,0.9324903113736555,298
LOC,sub-02,44,0.9334589339397014,292
LOC,sub-02,45,0.9359437991333425,291
LOC,sub-02,46,0.9340012036134592,284
LOC,sub-02,47,0.9388429866487006,272
LOC,sub-02,48,0.9367675633868381,270
LOC,sub-02,49,0.9418178374387597,259
LOC,sub-02,50,0.9398048041745123,248
LOC,sub-02,51,0.9401371717617852,247
LOC,sub-02,52,0.942675917396507,236
LOC,sub-02,53,0.9473972830710624,228
LOC,sub-02,54,0.9427313971004944,224
LOC,sub-02,55,0.9380754534778286,215
LOC,sub-02,56,0.941837205163789,205
LOC,sub-02,57,0.9469477177123782,198
LOC,sub-02,58,0.9456502095187135,189
LOC,sub-02,59,0.9363553471615469,180
LOC,sub-02,60,0.9410999598980476,169
LOC,sub-02,61,0.9378322535905859,165
LOC,sub-02,62,0.9288206201901599,153
LOC,sub-02,63,0.9395542816889917,144
LOC,sub-02,64,0.9340450119281386,138
LOC,sub-02,65,0.9311967652814667,130
LOC,sub-02,66,0.9400102978971697,121
LOC,sub-02,67,0.9326264142926843,116
LOC,sub-02,68,0.9337958572463664,109
LOC,sub-02,69,0.9320918021695441,101
LOC,sub-02,70,0.9335978422308525,93
LOC,sub-02,71,0.9288754630755767,82
LOC,sub-02,72,0.9243973033275921,73
LOC,sub-02,73,0.9277163230423681,66
LOC,sub-02,74,0.9278089480629959,59
LOC,sub-02,75,0.911475762206198,52
LOC,sub-02,76,0.9082916964174754,43
LOC,sub-02,77,0.9252462609479915,36
LOC,sub-02,78,0.9146712852357942,30
LOC,sub-02,79,0.9143857727747932,25
LOC,sub-02,80,0.9307359521034123,18
LOC,sub-02,81,0.9113144100158641,9
LOC,sub-03,1,1.0065866288424827,622
LOC,sub-03,2,1.0137070140551536,609
LOC,sub-03,3,1.0200703343300443,605
LOC,sub-03,4,1.0194105305062557,600
LOC,sub-03,5,1.0090450026502031,589
LOC,sub-03,6,1.0060805667264567,590
LOC,sub-03,7,0.9995036405173161,581
LOC,sub-03,8,0.9960598341070749,568
LOC,sub-03,9,0.9992920892369812,558
LOC,sub-03,10,0.9908212152271817,554
LOC,sub-03,11,0.9925157190694197,547
LOC,sub-03,12,0.9912770997796265,544
LOC,sub-03,13,0.9849602430053489,536
LOC,sub-03,14,0.9800939056186054,528
LOC,sub-03,15,0.9840168580599309,521
LOC,sub-03,16,0.986549627173831,520
LOC,sub-03,17,0.9737715601685855,505
LOC,sub-03,18,0.9745767736155442,499
LOC,sub-03,19,0.9766128601263063,493
LOC,sub-03,20,0.9716037607369149,482
LOC,sub-03,21,0.9733084314387642,468
LOC,sub-03,22,0.9697117369569975,467
LOC,sub-03,23,0.9707488607397847,455
LOC,sub-03,24,0.964502619295501,448
LOC,sub-03,25,0.967241125812604,434
LOC,sub-03,26,0.9624154535221461,420
LOC,sub-03,27,0.9624460911827918,417
LOC,sub-03,28,0.958278486109606,407
LOC,sub-03,29,0.96196891045607,403
LOC,sub-03,30,0.9658611393045753,393
LOC,sub-03,31,0.9691701830586503,385
LOC,sub-03,32,0.9657540265333892,376
LOC,sub-03,33,0.9632439801204647,374
LOC,sub-03,34,0.9623788661059585,371
LOC,sub-03,35,0.9585485116857673,368
LOC,sub-03,36,0.9622560413081108,355
LOC,sub-03,37,0.9612722785318423,351
LOC,sub-03,38,0.9640283006454076,347
LOC,sub-03,39,0.9675504405326908,332
LOC,sub-03,40,0.961180093181132,324
LOC,sub-03,41,0.9706538182535627,317
LOC,sub-03,42,0.9652317276240702,309
LOC,sub-03,43,0.9690170886286588,302
LOC,sub-03,44,0.975270326787899,294
LOC,sub-03,45,0.97246077929106,280
LOC,sub-03,46,0.9707158827854263,274
LOC,sub-03,47,0.9732931987610398,265
LOC,sub-03,48,0.9665612048729415,262
LOC,sub-03,49,0.9634408315239879,255
LOC,sub-03,50,0.9658202268037382,252
LOC,sub-03,51,0.9673432044494754,246
LOC,sub-03,52,0.9727504497837638,235
LOC,sub-03,53,0.9825413707792889,227
LOC,sub-03,54,0.9758634909359026,226
LOC,sub-03,55,0.9710817748092794,213
LOC,sub-03,56,0.9673762710196246,204
LOC,sub-03,57,0.9791380023874007,197
LOC,sub-03,58,0.9731477885531373,190
LOC,sub-03,59,0.9669572194696779,177
LOC,sub-03,60,0.9677401857094774,169
LOC,sub-03,61,0.9741670138445233,161
LOC,sub-03,62,0.9812900222299141,151
LOC,sub-03,63,0.9768382077093117,142
LOC,sub-03,64,0.9767647643691674,133
LOC,sub-03,65,0.9844486040631979,126
LOC,sub-03,66,0.9730620012370885,117
LOC,sub-03,67,0.9549397278108215,108
LOC,sub-03,68,0.956505178039764,101
LOC,sub-03,69,0.9605571175379375,91
LOC,sub-03,70,0.9547960655611972,86
LOC,sub-03,71,0.9657388205229145,79
LOC,sub-03,72,0.9660693975199272,78
LOC,sub-03,73,0.9558314674241923,69
LOC,sub-03,74,0.9641665364435992,60
LOC,sub-03,75,0.959778218796007,52
LOC,sub-03,76,0.9720587486394817,42
LOC,sub-03,77,0.9403848048038776,39
LOC,sub-03,78,0.9591507373029882,33
LOC,sub-03,79,0.9697304227704682,25
LOC,sub-03,80,0.9652071470580833,17
LOC,sub-03,81,0.9435951608707762,10
IT,sub-01,1,1.0298749337901691,625
IT,sub-01,2,1.022188693907683,615
IT,sub-01,3,1.022550919959831,605
IT,sub-01,4,1.0147968684144266,597
IT,sub-01,5,1.0126109355171395,593
IT,sub-01,6,1.00882167018739,589
IT,sub-01,7,1.0054074380930795,581
IT,sub-01,8,1.0044321425563545,575
IT,sub-01,9,0.9987998081273647,565
IT,sub-01,10,0.9937825369157769,553
IT,sub-01,11,0.9908449422912936,548
IT,sub-01,12,0.9936786642817369,538
IT,sub-01,13,0.9856606911969648,530
IT,sub-01,14,0.9854655422109747,524
IT,sub-01,15,0.9835382810539095,514
IT,sub-01,16,0.980901510056103,512
IT,sub-01,17,0.9815283505285815,503
IT,sub-01,18,0.9787370504918729,491
IT,sub-01,19,0.9786908093555533,488
IT,sub-01,20,0.9756860008082924,478
IT,sub-01,21,0.9757499590783296,469
IT,sub-01,22,0.9733707935226814,461
IT,sub-01,23,0.9731004365814732,450
IT,sub-01,24,0.9670169990249603,441
IT,sub-01,25,0.9707138807912585,435
IT,sub-01,26,0.974610635677541,424
IT,sub-01,27,0.968553064449818,414
IT,sub-01,28,0.9677833221754186,407
IT,sub-01,29,0.9642664222339135,401
IT,sub-01,30,0.9669076376378768,394
IT,sub-01,31,0.9687886717298075,387
IT,sub-01,32,0.9696681773995252,382
IT,sub-01,33,0.9648051554416709,374
IT,sub-01,34,0.9684893397816603,371
IT,sub-01,35,0.9687320197710357,358
IT,sub-01,36,0.9636751272854057,352
IT,sub-01,37,0.9677376022181059,343
IT,sub-01,38,0.968519283663547,335
IT,sub-01,39,0.9685136429369844,325
IT,sub-01,40,0.9653853560361201,325
IT,sub-01,41,0.9669610408957185,313
IT,sub-01,42,0.9791719414935023,307
IT,sub-01,43,0.9686204795463967,298
IT,sub-01,44,0.9709185698461451,292
IT,sub-01,45,0.9785065476777228,291
IT,sub-01,46,0.9783461827967582,284
IT,sub-01,47,0.9758884792332533,272
IT,sub-01,48,0.9749068134716317,270
IT,sub-01,49,0.9746115565028313,259
IT,sub-01,50,0.9780381961711307,248
IT,sub-01,51,0.9792929758048702,247
IT,sub-01,52,0.9788417610371739,236
IT,sub-01,53,0.9777352924104112,228
IT,sub-01,54,0.9777486050909098,224
IT,sub-01,55,0.9798505634136208,215
IT,sub-01,56,0.9778098091215273,205
IT,sub-01,57,0.969213273474149,198
IT,sub-01,58,0.9703459652140806,189
IT,sub-01,59,0.9768690298764524,180
IT,sub-01,60,0.9740073569625239,169
IT,sub-01,61,0.9727135929291382,165
IT,sub-01,62,0.974671143486024,153
IT,sub-01,63,0.9725255475268116,144
IT,sub-01,64,0.9791963503580468,138
IT,sub-01,65,0.9742238841213535,130
IT,sub-01,66,0.9757382235258566,121
IT,sub-01,67,0.972384571657256,116
IT,sub-01,68,0.9717859736725744,109
IT,sub-01,69,0.9653408856303071,101
IT,sub-01,70,0.9621054873362095,93
IT,sub-01,71,0.9687047953581838,82
IT,sub-01,72,0.967313774211626,73
IT,sub-01,73,0.9534391303763831,66
IT,sub-01,74,0.9585982801336722,59
IT,sub-01,75,0.9640990729059948,52
IT,sub-01,76,0.9649338385277163,43
IT,sub-01,77,0.968749841267224,36
IT,sub-01,78,0.9623120122148006,30
IT,sub-01,79,0.9581799306953322,25
IT,sub-01,80,0.9625217172213587,18
IT,sub-01,81,0.9515350664934102,9
IT,sub-02,1,1.0112843694520472,625
IT,sub-02,2,0.9904486747143367,615
IT,sub-02,3,1.0001623216919628,605
IT,sub-02,4,0.9968323160460416,597
IT,sub-02,5,0.9942222014463246,593
IT,sub-02,6,0.9907658780983545,589
IT,sub-02,7,0.9901176712054491,581
IT,sub-02,8,0.9836486721132006,575
IT,sub-02,9,0.9833566606282119,565
IT,sub-02,10,0.9790400924119091,553
IT,sub-02,11,0.9798949853451377,548
IT,sub-02,12,0.9759338571513347,538
IT,sub-02,13,0.974770673856764,530
IT,sub-02,14,0.9732528201329286,524
IT,sub-02,15,0.9691009849216309,514
IT,sub-02,16,0.9655749792040746,512
IT,sub-02,17,0.9636649812423769,503
IT,sub-02,18,0.9611307273111619,491
IT,sub-02,19,0.9619255366746892,488
IT,sub-02,20,0.9588129342345455,478
IT,sub-02,21,0.9602021694004839,469
IT,sub-02,22,0.9577614886296435,461
IT,sub-02,23,0.9545562965487041,450
IT,sub-02,24,0.9528658256825242,441
IT,sub-02,25,0.9509203379241385,435
IT,sub-02,26,0.9489959308228033,424
IT,sub-02,27,0.9504186655558465,414
IT,sub-02,28,0.9515604219331949,407
IT,sub-02,29,0.9500032372048621,401
IT,sub-02,30,0.9506447378752246,394
IT,sub-02,31,0.9477064095456772,387
IT,sub-02,32,0.95026843409098,382
IT,sub-02,33,0.9492818291396941,374
IT,sub-02,34,0.9497269558584552,371
IT,sub-02,35,0.9525458826846142,358
IT,sub-02,36,0.9510647665502397,352
IT,sub-02,37,0.9502263019221651,343
IT,sub-02,38,0.9533497514900074,335
IT,sub-02,39,0.9501352728152815,325
IT,sub-02,40,0.9501391699455252,325
IT,sub-02,41,0.9518677767459969,313
IT,sub-02,42,0.9510414007005316,307
IT,sub-02,43,0.9541206168511414,298
IT,sub-02,44,0.9530097224309453,292
IT,sub-02,45,0.9532834437762959,291
IT,sub-02,46,0.953481268076427,284
IT,sub-02,47,0.9581205227744578,272
IT,sub-02,48,0.9571630507619764,270
IT,sub-02,49,0.9606625313781694,259
IT,sub-02,50,0.9571331466242011,248
IT,sub-02,51,0.9620332548093137,247
IT,sub-02,52,0.960770471664804,236
IT,sub-02,53,0.9598597488065499,228
IT,sub-02,54,0.9636865217388054,224
IT,sub-02,55,0.9565954084314213,215
IT,sub-02,56,0.9628431761407432,205
IT,sub-02,57,0.962135899675011,198
IT,sub-02,58,0.9643989978690243,189
IT,sub-02,59,0.9580226534159502,180
IT,sub-02,60,0.9582559617413313,169
IT,sub-02,61,0.9591894217230108,165
IT,sub-02,62,0.9517535640760432,153
IT,sub-02,63,0.9574780079310945,144
IT,sub-02,64,0.9542480747458542,138
IT,sub-02,65,0.9527205258508633,130
IT,sub-02,66,0.9521168288312059,121
IT,sub-02,67,0.951738710623892,116
IT,sub-02,68,0.9519675842241101,109
IT,sub-02,69,0.9520328134333936,101
IT,sub-02,70,0.9511066609122499,93
IT,sub-02,71,0.9462160649928718,82
IT,sub-02,72,0.9410133691559849,73
IT,sub-02,73,0.9426875613563906,66
IT,sub-02,74,0.9357431770517252,59
IT,sub-02,75,0.9317648974780385,52
IT,sub-02,76,0.9276536253953083,43
IT,sub-02,77,0.9496458287315832,36
IT,sub-02,78,0.9556187321661105,30
IT,sub-02,79,0.9322611391542714,25
IT,sub-02,80,0.9545316458748186,18
IT,sub-02,81,0.9224167500970789,9
IT,sub-03,1,0.9977762723104724,622
IT,sub-03,2,1.0269629733980803,609
IT,sub-03,3,1.0386526022879792,605
IT,sub-03,4,1.027139291577354,600
IT,sub-03,5,1.0193632932262724,589
IT,sub-03,6,1.0121482676239237,590
IT,sub-03,7,1.0120618978914895,581
IT,sub-03,8,1.0136981399103269,568
IT,sub-03,9,1.0083307458716846,558
IT,sub-03,10,1.000166523099656,554
IT,sub-03,11,1.005585492770062,547
IT,sub-03,12,1.0039639000903304,544
IT,sub-03,13,0.999258409961959,536
IT,sub-03,14,0.9975263135850334,528
IT,sub-03,15,0.9988074072682752,521
IT,sub-03,16,0.9961358416918907,520
IT,sub-03,17,0.9864942229519893,505
IT,sub-03,18,0.9867355417317161,499
IT,sub-03,19,0.9857089482152267,493
IT,sub-03,20,0.9798766139022203,482
IT,sub-03,21,0.9808878439169935,468
IT,sub-03,22,0.9829627334286766,467
IT,sub-03,23,0.9787986915461263,455
IT,sub-03,24,0.9739932823362738,448
IT,sub-03,25,0.9745653992257918,434
IT,sub-03,26,0.9752695708103561,420
IT,sub-03,27,0.9722984300242161,417
IT,sub-03,28,0.9700927479448611,407
IT,sub-03,29,0.9719100816505024,403
IT,sub-03,30,0.9725030493557223,393
IT,sub-03,31,0.9732110507758299,385
IT,sub-03,32,0.974632135386249,376
IT,sub-03,33,0.9776763611401152,374
IT,sub-03,34,0.9666082000477865,371
IT,sub-03,35,0.968309700141648,368
IT,sub-03,36,0.9752942487481822,355
IT,sub-03,37,0.9733017614431311,351
IT,sub-03,38,0.9729542451538985,347
IT,sub-03,39,0.9770143489421931,332
IT,sub-03,40,0.9730755701317478,324
IT,sub-03,41,0.9809633098157651,317
IT,sub-03,42,0.9821465010231952,309
IT,sub-03,43,0.9829570892370201,302
IT,sub-03,44,0.982546833630259,294
IT,sub-03,45,0.9816730063872458,280
IT,sub-03,46,0.9876721764756873,274
IT,sub-03,47,0.9806969323507071,265
IT,sub-03,48,0.9760982849244819,262
IT,sub-03,49,0.9721931821146128,255
IT,sub-03,50,0.9779779686517703,252
IT,sub-03,51,0.9759306514305518,246
IT,sub-03,52,0.982454959484295,235
IT,sub-03,53,0.9836185894665398,227
IT,sub-03,54,0.9790909932561568,226
IT,sub-03,55,0.9809207097675298,213
IT,sub-03,56,0.9856076288650759,204
IT,sub-03,57,0.9857362421089145,197
IT,sub-03,58,0.9858524033488132,190
IT,sub-03,59,0.9759612483733386,177
IT,sub-03,60,0.9842321375433715,169
IT,sub-03,61,0.9774051717629978,161
IT,sub-03,62,0.9868010064939001,151
IT,sub-03,63,0.996387353672005,142
IT,sub-03,64,0.9851250858907158,133
IT,sub-03,65,0.9926757569895618,126
IT,sub-03,66,0.9772272822986102,117
IT,sub-03,67,0.9678404917743476,108
IT,sub-03,68,0.9698203522724673,101
IT,sub-03,69,0.9760010672488694,91
IT,sub-03,70,0.9634636167568807,86
IT,sub-03,71,0.9762109506855363,79
IT,sub-03,72,0.9763893997291981,78
IT,sub-03,73,0.9677717408347919,69
IT,sub-03,74,0.9729589480814115,60
IT,sub-03,75,0.979701242678873,52
IT,sub-03,76,0.9675055704471234,42
IT,sub-03,77,0.9401461347922307,39
IT,sub-03,78,0.9562649772620812,33
IT,sub-03,79,0.9924599117140247,25
IT,sub-03,80,0.9832912604322944,17
IT,sub-03,81,0.9973756075342678,10
