roi,subject,all_pairs,cross_run,cross_run_block_cleaned,frac_change_cr_to_crb
V1,sub-01,0.05196168654621904,0.054378965119822466,0.0536879864015152,-0.012706727992794847
V1,sub-02,0.09403662826121041,0.09579887025132892,0.08576233522851298,-0.10476673677346122
V1,sub-03,0.010684445227744406,0.01070300916907897,0.010527939774411263,-0.016357025571227597
V2,sub-01,0.03349472054437638,0.03361609747641892,0.032842223550162516,-0.02302093295627979
V2,sub-02,0.060784003511840747,0.061247258085033535,0.05128129568697767,-0.16271687434920723
V2,sub-03,0.001531517356082185,0.0023463192724486326,0.002053537704892784,-0.12478334512860216
LOC,sub-01,0.0019196866817073092,0.0005973106052919637,0.0015487314237837126,1.5928409943879989
LOC,sub-02,0.0024070826959934196,0.00456457755945309,-0.009438986375539003,-3.067877312324592
LOC,sub-03,-0.0020844773993992692,-0.0024409378498543126,-0.0025693742185548744,0.052617631664905996
IT,sub-01,0.003178656202558491,0.0023391147799950067,0.002276119965558406,-0.026931048863166666
IT,sub-02,0.006067908307198109,0.0068659235189675785,-0.00333549139828169,-1.485803750808929
IT,sub-03,0.0016689362255667686,0.002887708119745549,0.002494436770998118,-0.1361880537919755
