roi,subject,run_i,run_j,mean_dissimilarity,n_pairs
V1,sub-01,1,2,0.9749383951237428,4673
V1,sub-01,1,3,1.0080212075293424,4672
V1,sub-01,1,4,0.9910162769578233,4657
V1,sub-01,1,5,0.9753707236050595,4654
V1,sub-01,1,6,0.9748211667762618,4694
V1,sub-01,1,7,1.0039355011902162,4657
V1,sub-01,1,8,0.9975820836971845,4679
V1,sub-01,1,9,0.9876968185762851,4654
V1,sub-01,1,10,0.9708235934424844,4678
V1,sub-01,2,3,0.9996525961177395,4689
V1,sub-01,2,4,0.988835368589239,4692
V1,sub-01,2,5,0.9832279194880372,4654
V1,sub-01,2,6,0.9853993616607345,4667
V1,sub-01,2,7,1.0002956165158476,4647
V1,sub-01,2,8,0.9956162417893991,4650
V1,sub-01,2,9,0.9926338283488055,4668
V1,sub-01,2,10,0.9842088394529774,4692
V1,sub-01,3,4,0.9993537281232613,4658
V1,sub-01,3,5,0.9972789599249321,4668
V1,sub-01,3,6,0.9991974677904069,4663
V1,sub-01,3,7,0.9957805330175801,4690
V1,sub-01,3,8,0.9971743891142288,4666
V1,sub-01,3,9,1.0007887096729438,4665
V1,sub-01,3,10,1.0062976344028938,4659
V1,sub-01,4,5,0.9947418138430862,4659
V1,sub-01,4,6,0.9933073721538584,4702
V1,sub-01,4,7,0.9968289672486648,4703
V1,sub-01,4,8,0.991963159021504,4657
V1,sub-01,4,9,0.9953105397333233,4674
V1,sub-01,4,10,0.9955386189779094,4654
V1,sub-01,5,6,0.9811644832613424,4699
V1,sub-01,5,7,0.9960826318585919,4680
V1,sub-01,5,8,0.9906028729099148,4655
V1,sub-01,5,9,0.9919821112188572,4650
V1,sub-01,5,10,0.9863225596075955,4705
V1,sub-01,6,7,0.9989104872677321,4661
V1,sub-01,6,8,0.9932740884885884,4665
V1,sub-01,6,9,0.9936825146673023,4681
V1,sub-01,6,10,0.9809735824107026,4638
V1,sub-01,7,8,0.9908687082991857,4685
V1,sub-01,7,9,1.0008811005532143,4678
V1,sub-01,7,10,1.0046554922262703,4657
V1,sub-01,8,9,0.9907956875395906,4681
V1,sub-01,8,10,0.9966671998538232,4686
V1,sub-01,9,10,0.9858125797729834,4689
V1,sub-02,1,2,0.9606241445540828,4673
V1,sub-02,1,3,0.9674851074677685,4672
V1,sub-02,1,4,0.9726645480906303,4657
V1,sub-02,1,5,0.9737477130402675,4654
V1,sub-02,1,6,0.9681954018164587,4694
V1,sub-02,1,7,0.990935822065905,4657
V1,sub-02,1,8,0.9878582209771721,4679
V1,sub-02,1,9,0.9869867022087953,4654
V1,sub-02,1,10,1.0401043813311501,4678
V1,sub-02,2,3,0.9547440044481842,4689
V1,sub-02,2,4,0.9607361997630006,4692
V1,sub-02,2,5,0.9634279808693585,4654
V1,sub-02,2,6,0.9566878389767636,4667
V1,sub-02,2,7,0.9893342400265533,4647
V1,sub-02,2,8,0.9757193617131522,4650
V1,sub-02,2,9,0.9798686171673807,4668
V1,sub-02,2,10,1.0497967594547832,4692
V1,sub-02,3,4,0.9692564165233166,4658
V1,sub-02,3,5,0.9688598957481612,4668
V1,sub-02,3,6,0.962415621382091,4663
V1,sub-02,3,7,0.9932015588815959,4690
V1,sub-02,3,8,0.9813669826760898,4666
V1,sub-02,3,9,0.9827720074832964,4665
V1,sub-02,3,10,1.0372290898958278,4659
V1,sub-02,4,5,0.9723952019788361,4659
V1,sub-02,4,6,0.9651497647933117,4702
V1,sub-02,4,7,0.9938536571128607,4703
V1,sub-02,4,8,0.984848333332565,4657
V1,sub-02,4,9,0.9914791717008671,4674
V1,sub-02,4,10,1.038255527972157,4654
V1,sub-02,5,6,0.969213255480902,4699
V1,sub-02,5,7,0.9951166533827637,4680
V1,sub-02,5,8,0.987952113027643,4655
V1,sub-02,5,9,0.9924996516470544,4650
V1,sub-02,5,10,1.0302078314078829,4705
V1,sub-02,6,7,0.9968734691729231,4661
V1,sub-02,6,8,0.9880972830570162,4665
V1,sub-02,6,9,0.9896447736402413,4681
V1,sub-02,6,10,1.0397766742627368,4638
V1,sub-02,7,8,0.9857188448462876,4685
V1,sub-02,7,9,0.9804059674484236,4678
V1,sub-02,7,10,1.002028501687776,4657
V1,sub-02,8,9,0.9720136466013188,4681
V1,sub-02,8,10,1.0101258557894641,4686
V1,sub-02,9,10,1.004681998818625,4689
V1,sub-03,1,2,0.9893817612473322,4687
V1,sub-03,1,3,0.9768633675823853,4677
V1,sub-03,1,4,0.9959294388120108,4674
V1,sub-03,1,5,0.9978987607837312,4679
V1,sub-03,1,6,1.0003834859883591,4661
V1,sub-03,1,7,1.0037728164936581,4664
V1,sub-03,1,8,0.9982175153544617,4675
V1,sub-03,1,9,1.006415506486378,4667
V1,sub-03,1,10,1.0051889487657557,4654
V1,sub-03,2,3,0.9903213279182814,4663
V1,sub-03,2,4,0.997190816224203,4686
V1,sub-03,2,5,0.9977563622409735,4659
V1,sub-03,2,6,0.9997751864384004,4673
V1,sub-03,2,7,1.002108656794946,4644
V1,sub-03,2,8,1.0003397756348318,4657
V1,sub-03,2,9,1.005217971392638,4709
V1,sub-03,2,10,1.000087507042627,4670
V1,sub-03,3,4,0.997053712351264,4669
V1,sub-03,3,5,0.9936409103207079,4643
V1,sub-03,3,6,1.00473536810406,4664
V1,sub-03,3,7,1.0035899276251108,4683
V1,sub-03,3,8,0.9986616933856668,4676
V1,sub-03,3,9,1.0089293546825384,4672
V1,sub-03,3,10,1.0023197180532315,4659
V1,sub-03,4,5,0.9988345569003969,4675
V1,sub-03,4,6,0.9953041581951984,4670
V1,sub-03,4,7,1.0016238218025828,4671
V1,sub-03,4,8,1.0008022069694098,4653
V1,sub-03,4,9,0.9949741018562805,4630
V1,sub-03,4,10,0.9968544352814832,4692
V1,sub-03,5,6,0.9977182883082584,4669
V1,sub-03,5,7,0.9982308691055257,4690
V1,sub-03,5,8,0.998150726116357,4687
V1,sub-03,5,9,0.9995328182146812,4680
V1,sub-03,5,10,0.9996060091211231,4660
V1,sub-03,6,7,0.9947530977933261,4692
V1,sub-03,6,8,1.0008323148861786,4663
V1,sub-03,6,9,0.9938753401862603,4684
V1,sub-03,6,10,0.9971781792534481,4638
V1,sub-03,7,8,0.9930677805681404,4669
V1,sub-03,7,9,0.9961834579045034,4672
V1,sub-03,7,10,0.997909784914441,4693
V1,sub-03,8,9,0.9999255218381503,4666
V1,sub-03,8,10,0.9964969471659965,4686
V1,sub-03,9,10,0.9976797746116229,4700
V2,sub-01,1,2,0.9837821533883235,4673
V2,sub-01,1,3,1.0076211834842361,4672
V2,sub-01,1,4,1.0006874377132968,4657
V2,sub-01,1,5,0.9753744655952742,4654
V2,sub-01,1,6,0.9787338560739811,4694
V2,sub-01,1,7,1.007218823342168,4657
V2,sub-01,1,8,1.0053428233855783,4679
V2,sub-01,1,9,0.9885619993771331,4654
V2,sub-01,1,10,0.9688408814508481,4678
V2,sub-01,2,3,0.9941626310933864,4689
V2,sub-01,2,4,0.9917231848385963,4692
V2,sub-01,2,5,0.9914067453205392,4654
V2,sub-01,2,6,0.9926315028930373,4667
V2,sub-01,2,7,0.9990228417283926,4647
V2,sub-01,2,8,1.0048597643553114,4650
V2,sub-01,2,9,0.9959689529548249,4668
V2,sub-01,2,10,0.9894489034699584,4692
V2,sub-01,3,4,0.9947846857129509,4658
V2,sub-01,3,5,0.9955952303656893,4668
V2,sub-01,3,6,0.9979166406159496,4663
V2,sub-01,3,7,0.9989481486896988,4690
V2,sub-01,3,8,0.9951015923304133,4666
V2,sub-01,3,9,1.0006354881925692,4665
V2,sub-01,3,10,1.0013591890190163,4659
V2,sub-01,4,5,0.9962007679573018,4659
V2,sub-01,4,6,0.9982168760959157,4702
V2,sub-01,4,7,0.9931853785247471,4703
V2,sub-01,4,8,0.9934811057263456,4657
V2,sub-01,4,9,1.0009597210011467,4674
V2,sub-01,4,10,0.9979711858936733,4654
V2,sub-01,5,6,0.9840991516602648,4699
V2,sub-01,5,7,0.998508842101607,4680
V2,sub-01,5,8,0.9981488017878694,4655
V2,sub-01,5,9,0.9927840507990874,4650
V2,sub-01,5,10,0.9868450507407822,4705
V2,sub-01,6,7,0.9987197358124618,4661
V2,sub-01,6,8,0.9976472160725739,4665
V2,sub-01,6,9,0.9949118030294782,4681
V2,sub-01,6,10,0.986032876530104,4638
V2,sub-01,7,8,0.992122977926254,4685
V2,sub-01,7,9,0.9996589600178636,4678
V2,sub-01,7,10,1.0038617883434067,4657
V2,sub-01,8,9,1.0014525339866618,4681
V2,sub-01,8,10,1.0015957385967365,4686
V2,sub-01,9,10,0.9949285907679538,4689
V2,sub-02,1,2,0.9546057760519636,4673
V2,sub-02,1,3,0.955283018086284,4672
V2,sub-02,1,4,0.9657887388117326,4657
V2,sub-02,1,5,0.9713000476342112,4654
V2,sub-02,1,6,0.9597534332068722,4694
V2,sub-02,1,7,0.9842411577869199,4657
V2,sub-02,1,8,0.9705577698997744,4679
V2,sub-02,1,9,0.9680531221404478,4654
V2,sub-02,1,10,1.0314618501015071,4678
V2,sub-02,2,3,0.9566083629349004,4689
V2,sub-02,2,4,0.9666855581481806,4692
V2,sub-02,2,5,0.9701719350296267,4654
V2,sub-02,2,6,0.960854160522025,4667
V2,sub-02,2,7,0.9918468349951807,4647
V2,sub-02,2,8,0.9735935993281079,4650
V2,sub-02,2,9,0.9748137938408289,4668
V2,sub-02,2,10,1.0359363707375695,4692
V2,sub-02,3,4,0.9658334935731808,4658
V2,sub-02,3,5,0.9674222564613981,4668
V2,sub-02,3,6,0.9536211540071649,4663
V2,sub-02,3,7,0.9946953076069214,4690
V2,sub-02,3,8,0.9699077524514658,4666
V2,sub-02,3,9,0.9706226109451568,4665
V2,sub-02,3,10,1.0355390365555854,4659
V2,sub-02,4,5,0.9748607659431839,4659
V2,sub-02,4,6,0.9621601089116397,4702
V2,sub-02,4,7,0.9925859353255873,4703
V2,sub-02,4,8,0.9759749665930451,4657
V2,sub-02,4,9,0.9756554057886625,4674
V2,sub-02,4,10,1.0311376032089887,4654
V2,sub-02,5,6,0.9674840058466531,4699
V2,sub-02,5,7,0.9947902536997738,4680
V2,sub-02,5,8,0.9826260853493876,4655
V2,sub-02,5,9,0.9826527239265527,4650
V2,sub-02,5,10,1.0264985252680052,4705
V2,sub-02,6,7,0.9947603764707801,4661
V2,sub-02,6,8,0.975738257221785,4665
V2,sub-02,6,9,0.976961927259156,4681
V2,sub-02,6,10,1.0378153533557277,4638
V2,sub-02,7,8,0.9865982574034984,4685
V2,sub-02,7,9,0.9785420244580224,4678
V2,sub-02,7,10,0.993296565177302,4657
V2,sub-02,8,9,0.970447938068275,4681
V2,sub-02,8,10,1.0155368185479825,4686
V2,sub-02,9,10,1.0053427033193942,4689
V2,sub-03,1,2,0.9941625342916013,4687
V2,sub-03,1,3,0.9939812727558255,4677
V2,sub-03,1,4,1.0023130210675948,4674
V2,sub-03,1,5,0.9996953256020098,4679
V2,sub-03,1,6,1.0047286899358374,4661
V2,sub-03,1,7,0.9911208270321965,4664
V2,sub-03,1,8,0.9943218539771363,4675
V2,sub-03,1,9,1.002566752359198,4667
V2,sub-03,1,10,1.002390427583574,4654
V2,sub-03,2,3,1.0022817855542665,4663
V2,sub-03,2,4,1.0000255244424687,4686
V2,sub-03,2,5,0.9955463847133635,4659
V2,sub-03,2,6,0.997524038736521,4673
V2,sub-03,2,7,0.998152387732521,4644
V2,sub-03,2,8,0.9985484109938203,4657
V2,sub-03,2,9,1.000551057786546,4709
V2,sub-03,2,10,0.9968214719660827,4670
V2,sub-03,3,4,0.997626859722227,4669
V2,sub-03,3,5,0.9994455428359819,4643
V2,sub-03,3,6,1.0007090716969116,4664
V2,sub-03,3,7,0.9964484698431613,4683
V2,sub-03,3,8,0.9973689849815373,4676
V2,sub-03,3,9,1.0039720331447142,4672
V2,sub-03,3,10,1.0001619309321308,4659
V2,sub-03,4,5,0.9992782152305743,4675
V2,sub-03,4,6,0.9938047589524732,4670
V2,sub-03,4,7,0.9963996380068637,4671
V2,sub-03,4,8,1.0025077004076552,4653
V2,sub-03,4,9,0.9914749703652711,4630
V2,sub-03,4,10,0.9957005651965634,4692
V2,sub-03,5,6,0.9993742781897453,4669
V2,sub-03,5,7,1.0013754632239202,4690
V2,sub-03,5,8,0.9999608521688435,4687
V2,sub-03,5,9,0.9997786226701354,4680
V2,sub-03,5,10,1.0005485484703132,4660
V2,sub-03,6,7,0.9997333387141946,4692
V2,sub-03,6,8,1.003355062480752,4663
V2,sub-03,6,9,0.9899557751958606,4684
V2,sub-03,6,10,0.9950585922980927,4638
V2,sub-03,7,8,0.9978888960303803,4669
V2,sub-03,7,9,1.0006721550843405,4672
V2,sub-03,7,10,0.9990494084532381,4693
V2,sub-03,8,9,1.0035605871182118,4666
V2,sub-03,8,10,1.0058693436098107,4686
V2,sub-03,9,10,0.9994450507826914,4700
LOC,sub-01,1,2,1.0014423600695184,4673
LOC,sub-01,1,3,0.9981304094672739,4672
LOC,sub-01,1,4,1.0012822009289104,4657
LOC,sub-01,1,5,0.999401231128041,4654
LOC,sub-01,1,6,0.9978999873679979,4694
LOC,sub-01,1,7,1.011284253462228,4657
LOC,sub-01,1,8,1.0040007072484802,4679
LOC,sub-01,1,9,0.9984926655931304,4654
LOC,sub-01,1,10,0.9931962370492622,4678
LOC,sub-01,2,3,0.9985373426209915,4689
LOC,sub-01,2,4,0.9971222071405023,4692
LOC,sub-01,2,5,1.0006533890927305,4654
LOC,sub-01,2,6,1.0015789042592675,4667
LOC,sub-01,2,7,0.9998214021708589,4647
LOC,sub-01,2,8,1.0019390404334143,4650
LOC,sub-01,2,9,1.0012450841036624,4668
LOC,sub-01,2,10,1.003006435667706,4692
LOC,sub-01,3,4,0.9960532030568169,4658
LOC,sub-01,3,5,0.9971522585775991,4668
LOC,sub-01,3,6,0.9974317134325222,4663
LOC,sub-01,3,7,0.9989032825699693,4690
LOC,sub-01,3,8,0.9985056436533365,4666
LOC,sub-01,3,9,1.0004016684806984,4665
LOC,sub-01,3,10,1.0007659456343734,4659
LOC,sub-01,4,5,0.9974128041925999,4659
LOC,sub-01,4,6,0.9978831773697224,4702
LOC,sub-01,4,7,1.0013213777523948,4703
LOC,sub-01,4,8,1.0001179614297055,4657
LOC,sub-01,4,9,0.9992352332898609,4674
LOC,sub-01,4,10,1.0001068051353879,4654
LOC,sub-01,5,6,0.998718843240576,4699
LOC,sub-01,5,7,1.0011558192188728,4680
LOC,sub-01,5,8,0.9997829213288799,4655
LOC,sub-01,5,9,1.0011583997487874,4650
LOC,sub-01,5,10,0.9980711096168309,4705
LOC,sub-01,6,7,0.9991000699541341,4661
LOC,sub-01,6,8,0.9999347815038225,4665
LOC,sub-01,6,9,1.0007597132152155,4681
LOC,sub-01,6,10,1.0002029412127342,4638
LOC,sub-01,7,8,0.9928918099105842,4685
LOC,sub-01,7,9,0.9979551993113274,4678
LOC,sub-01,7,10,1.003971507823902,4657
LOC,sub-01,8,9,0.9982952785890743,4681
LOC,sub-01,8,10,1.0028276817671036,4686
LOC,sub-01,9,10,1.0000276178747207,4689
LOC,sub-02,1,2,0.9649698780160131,4673
LOC,sub-02,1,3,0.9767872818205233,4672
LOC,sub-02,1,4,0.9771711234854346,4657
LOC,sub-02,1,5,0.9721578485353269,4654
LOC,sub-02,1,6,0.9680839338500086,4694
LOC,sub-02,1,7,0.9843665373038603,4657
LOC,sub-02,1,8,0.9850069129304051,4679
LOC,sub-02,1,9,0.985879210852755,4654
LOC,sub-02,1,10,1.0299227444805765,4678
LOC,sub-02,2,3,0.9814404042973096,4689
LOC,sub-02,2,4,0.9797946849425826,4692
LOC,sub-02,2,5,0.9776939395936045,4654
LOC,sub-02,2,6,0.9743632388561013,4667
LOC,sub-02,2,7,0.9902193948022827,4647
LOC,sub-02,2,8,0.9847738786726769,4650
LOC,sub-02,2,9,0.9936568545249191,4668
LOC,sub-02,2,10,1.0169609102072592,4692
LOC,sub-02,3,4,0.9853166359642667,4658
LOC,sub-02,3,5,0.9804132202372041,4668
LOC,sub-02,3,6,0.9764587696857622,4663
LOC,sub-02,3,7,0.9898659205170499,4690
LOC,sub-02,3,8,0.9881553259859458,4666
LOC,sub-02,3,9,0.9903248071748926,4665
LOC,sub-02,3,10,1.0141992998401432,4659
LOC,sub-02,4,5,0.9799462997525197,4659
LOC,sub-02,4,6,0.9744959476176324,4702
LOC,sub-02,4,7,0.9951053927272513,4703
LOC,sub-02,4,8,0.9879450790363488,4657
LOC,sub-02,4,9,0.994314951590893,4674
LOC,sub-02,4,10,1.0167285161030926,4654
LOC,sub-02,5,6,0.9773501788914216,4699
LOC,sub-02,5,7,0.9924984932335409,4680
LOC,sub-02,5,8,0.9864682922979779,4655
LOC,sub-02,5,9,0.9909999394336189,4650
LOC,sub-02,5,10,1.0124031871690427,4705
LOC,sub-02,6,7,0.9951531566976207,4661
LOC,sub-02,6,8,0.984689015891981,4665
LOC,sub-02,6,9,0.990553789180674,4681
LOC,sub-02,6,10,1.0193463044205613,4638
LOC,sub-02,7,8,0.9909430344141746,4685
LOC,sub-02,7,9,0.9927420832823419,4678
LOC,sub-02,7,10,1.0053002236260395,4657
LOC,sub-02,8,9,0.9941415094228072,4681
LOC,sub-02,8,10,1.005886551775609,4686
LOC,sub-02,9,10,1.0023951379671214,4689
LOC,sub-03,1,2,0.9980337470494249,4687
LOC,sub-03,1,3,1.0000113551820873,4677
LOC,sub-03,1,4,1.0017476421285012,4674
LOC,sub-03,1,5,1.000694758912363,4679
LOC,sub-03,1,6,0.9989881475714757,4661
LOC,sub-03,1,7,0.9955263435535495,4664
LOC,sub-03,1,8,1.0003250788278883,4675
LOC,sub-03,1,9,1.0042261627585556,4667
LOC,sub-03,1,10,0.9999218139292806,4654
LOC,sub-03,2,3,0.9958451841518343,4663
LOC,sub-03,2,4,0.9994741669368172,4686
LOC,sub-03,2,5,1.001842099628115,4659
LOC,sub-03,2,6,1.0023078553683793,4673
LOC,sub-03,2,7,0.996862697450264,4644
LOC,sub-03,2,8,0.9985497354533268,4657
LOC,sub-03,2,9,0.9985731616693484,4709
LOC,sub-03,2,10,0.9983311826968713,4670
LOC,sub-03,3,4,0.9992183895563371,4669
LOC,sub-03,3,5,1.0010024794971153,4643
LOC,sub-03,3,6,1.0042254329835667,4664
LOC,sub-03,3,7,0.9998133465100545,4683
LOC,sub-03,3,8,0.9929545583352439,4676
LOC,sub-03,3,9,0.9927862572127673,4672
LOC,sub-03,3,10,1.0013796549672165,4659
LOC,sub-03,4,5,0.995117218368365,4675
LOC,sub-03,4,6,1.0008242884111713,4670
LOC,sub-03,4,7,0.9968794306186437,4671
LOC,sub-03,4,8,0.9976392583459072,4653
LOC,sub-03,4,9,0.9980757541794765,4630
LOC,sub-03,4,10,0.9999548089554672,4692
LOC,sub-03,5,6,1.0030631666881262,4669
LOC,sub-03,5,7,0.9988140120955317,4690
LOC,sub-03,5,8,1.0049216339562383,4687
LOC,sub-03,5,9,1.007851962030935,4680
LOC,sub-03,5,10,0.993158667193156,4660
LOC,sub-03,6,7,0.9983228684663923,4692
LOC,sub-03,6,8,1.0042039914696854,4663
LOC,sub-03,6,9,0.9941651368503645,4684
LOC,sub-03,6,10,1.0025838885912626,4638
LOC,sub-03,7,8,1.0014124251712315,4669
LOC,sub-03,7,9,0.9996855565737796,4672
LOC,sub-03,7,10,1.002046259235313,4693
LOC,sub-03,8,9,0.997519684590653,4666
LOC,sub-03,8,10,1.0030723109686939,4686
LOC,sub-03,9,10,0.9999700847889101,4700
IT,sub-01,1,2,1.0021160833850653,4673
IT,sub-01,1,3,1.000496058682955,4672
IT,sub-01,1,4,1.0035594690736698,4657
IT,sub-01,1,5,0.9979922412793185,4654
IT,sub-01,1,6,0.9956711374883762,4694
IT,sub-01,1,7,1.008168019187087,4657
IT,sub-01,1,8,1.0048016886399143,4679
IT,sub-01,1,9,0.9970395290666482,4654
IT,sub-01,1,10,0.9929719227822705,4678
IT,sub-01,2,3,0.9971485916567666,4689
IT,sub-01,2,4,0.9970203585870401,4692
IT,sub-01,2,5,1.0011951551695095,4654
IT,sub-01,2,6,1.0004109884462988,4667
IT,sub-01,2,7,0.9979849727311649,4647
IT,sub-01,2,8,1.0001158349987023,4650
IT,sub-01,2,9,1.0001403304854366,4668
IT,sub-01,2,10,1.001967803507787,4692
IT,sub-01,3,4,0.9960666248604839,4658
IT,sub-01,3,5,0.9998534219568497,4668
IT,sub-01,3,6,0.9976117783812724,4663
IT,sub-01,3,7,0.9992531460431662,4690
IT,sub-01,3,8,0.9994322545184717,4666
IT,sub-01,3,9,1.001330330103185,4665
IT,sub-01,3,10,1.0023330686363747,4659
IT,sub-01,4,5,0.9989113136474322,4659
IT,sub-01,4,6,0.9979746573930985,4702
IT,sub-01,4,7,0.9985105202538258,4703
IT,sub-01,4,8,0.9990621956401479,4657
IT,sub-01,4,9,1.0004465464557832,4674
IT,sub-01,4,10,1.0024624232367176,4654
IT,sub-01,5,6,0.9990371142439963,4699
IT,sub-01,5,7,1.0006993389544752,4680
IT,sub-01,5,8,1.0016248125116405,4655
IT,sub-01,5,9,0.9991345753863901,4650
IT,sub-01,5,10,0.9998939994894912,4705
IT,sub-01,6,7,1.0001822375474207,4661
IT,sub-01,6,8,1.0015371380037301,4665
IT,sub-01,6,9,1.000141640280123,4681
IT,sub-01,6,10,0.9986808568910053,4638
IT,sub-01,7,8,0.9940906969332882,4685
IT,sub-01,7,9,1.000184268406145,4678
IT,sub-01,7,10,1.0054028795620156,4657
IT,sub-01,8,9,1.0001956121780657,4681
IT,sub-01,8,10,1.0029446429736162,4686
IT,sub-01,9,10,0.999244979363279,4689
IT,sub-02,1,2,0.9796263556415742,4673
IT,sub-02,1,3,0.9882640512301257,4672
IT,sub-02,1,4,0.9877554538197888,4657
IT,sub-02,1,5,0.9831688989408899,4654
IT,sub-02,1,6,0.9780443239818495,4694
IT,sub-02,1,7,0.9942449415819494,4657
IT,sub-02,1,8,0.9886516679747824,4679
IT,sub-02,1,9,0.9936046332231021,4654
IT,sub-02,1,10,1.0198571017003084,4678
IT,sub-02,2,3,0.9905515878336142,4689
IT,sub-02,2,4,0.9869461412557649,4692
IT,sub-02,2,5,0.9872242757553416,4654
IT,sub-02,2,6,0.9809270398488409,4667
IT,sub-02,2,7,0.9954541168670047,4647
IT,sub-02,2,8,0.9901503733279711,4650
IT,sub-02,2,9,0.9954418199187858,4668
IT,sub-02,2,10,1.0104227815327178,4692
IT,sub-02,3,4,0.9956647270867436,4658
IT,sub-02,3,5,0.9907064196747134,4668
IT,sub-02,3,6,0.9898361541364809,4663
IT,sub-02,3,7,0.9974806369360297,4690
IT,sub-02,3,8,0.9939648376404217,4666
IT,sub-02,3,9,0.9948415517440269,4665
IT,sub-02,3,10,1.0038651620170387,4659
IT,sub-02,4,5,0.9900170823252973,4659
IT,sub-02,4,6,0.9838537499367781,4702
IT,sub-02,4,7,0.9990839163558197,4703
IT,sub-02,4,8,0.9921365645418635,4657
IT,sub-02,4,9,0.9963263891716119,4674
IT,sub-02,4,10,1.0083827330680828,4654
IT,sub-02,5,6,0.9845101091405419,4699
IT,sub-02,5,7,0.9961051220528163,4680
IT,sub-02,5,8,0.9905612286053224,4655
IT,sub-02,5,9,0.9959125655101613,4650
IT,sub-02,5,10,1.0090334356250434,4705
IT,sub-02,6,7,0.9969834470325312,4661
IT,sub-02,6,8,0.9888983718214397,4665
IT,sub-02,6,9,0.9982420029004674,4681
IT,sub-02,6,10,1.0133333475702015,4638
IT,sub-02,7,8,0.9954332106337218,4685
IT,sub-02,7,9,0.9928864102392809,4678
IT,sub-02,7,10,0.9981318669552395,4657
IT,sub-02,8,9,0.9956066138661194,4681
IT,sub-02,8,10,1.0041432515374076,4686
IT,sub-02,9,10,1.0012176186474608,4689
IT,sub-03,1,2,0.9993527597010193,4687
IT,sub-03,1,3,0.9994537463558536,4677
IT,sub-03,1,4,0.9992376869664846,4674
IT,sub-03,1,5,1.0007020371117223,4679
IT,sub-03,1,6,0.9994676215932127,4661
IT,sub-03,1,7,1.000299964331178,4664
IT,sub-03,1,8,0.9992896700548174,4675
IT,sub-03,1,9,0.9993025768540409,4667
IT,sub-03,1,10,1.0004954038654905,4654
IT,sub-03,2,3,0.9983177339872132,4663
IT,sub-03,2,4,1.0004845838222276,4686
IT,sub-03,2,5,0.998453537360511,4659
IT,sub-03,2,6,0.9994506171556167,4673
IT,sub-03,2,7,1.0004598255729993,4644
IT,sub-03,2,8,1.0009774594490188,4657
IT,sub-03,2,9,1.0000271545583344,4709
IT,sub-03,2,10,0.9988853792256549,4670
IT,sub-03,3,4,0.9982416687827385,4669
IT,sub-03,3,5,0.9990303544295043,4643
IT,sub-03,3,6,1.0002898949458783,4664
IT,sub-03,3,7,0.9991628428706777,4683
IT,sub-03,3,8,0.9969258137437933,4676
IT,sub-03,3,9,0.9994501438750035,4672
IT,sub-03,3,10,1.000856035913661,4659
IT,sub-03,4,5,0.9993072516279502,4675
IT,sub-03,4,6,1.0000732749185337,4670
IT,sub-03,4,7,0.9986030979986996,4671
IT,sub-03,4,8,0.9983589923588121,4653
IT,sub-03,4,9,0.9979367689418869,4630
IT,sub-03,4,10,0.9997401419084896,4692
IT,sub-03,5,6,1.0007078965250078,4669
IT,sub-03,5,7,1.000687922691647,4690
IT,sub-03,5,8,1.0015978528645852,4687
IT,sub-03,5,9,1.0002156523142258,4680
IT,sub-03,5,10,0.999461816142823,4660
IT,sub-03,6,7,1.0005361678690368,4692
IT,sub-03,6,8,1.0018802386360168,4663
IT,sub-03,6,9,0.9985459109544405,4684
IT,sub-03,6,10,0.9975699846687398,4638
IT,sub-03,7,8,0.9997558975810152,4669
IT,sub-03,7,9,1.0012647402501125,4672
IT,sub-03,7,10,0.9996249717732039,4693
IT,sub-03,8,9,0.9988716318243375,4666
IT,sub-03,8,10,1.0017171861823422,4686
IT,sub-03,9,10,0.9992411010416209,4700
