key,point,ci_lo,ci_hi,boot_sd
lower|all|V1,0.057045718024720915,0.04547380010293122,0.06876460420537515,0.006190977187148318
upper|all|V1,0.5752191253187958,0.5689273587656929,0.5813458599628325,0.0032774542128373293
lum_persub|all|V1,0.05222758667839128,0.036681005824697986,0.06798081121144621,0.007915525577764277
lum_meanrdm|all|V1,0.07446756909776268,0.0517375306184213,0.09713056921730442,0.011518863784287223
lower|cr|V1,0.051433210456535705,0.03905784645245456,0.06385628655576066,0.0065845249292143665
upper|cr|V1,0.5721288220708657,0.5654219386491864,0.57904250627787,0.0034961197757115937
lum_persub|cr|V1,0.05362694818007679,0.0374321564539148,0.06923068680177964,0.008077833771006014
lum_meanrdm|cr|V1,0.07644429811261444,0.052820397679277264,0.09953398387394262,0.011863586215828968
lower|crb|V1,0.053998024446072455,0.04108235296270877,0.06631162282429967,0.006448106631915398
upper|crb|V1,0.5724884631114312,0.5654582178912996,0.5793006649044223,0.003496978050389469
lum_persub|crb|V1,0.04999275380147982,0.03450950784358322,0.0657297525592825,0.007795519426097077
lower|all|V2,0.032599876536549645,0.024673435150164617,0.040725056014845384,0.003997339646008982
upper|all|V2,0.5676609723420724,0.5638150741463356,0.5718739337508142,0.0020673409644333765
lum_persub|all|V2,0.0319367471374331,0.02070119790401299,0.044067172614572936,0.00594483358955599
lum_meanrdm|all|V2,0.04761180079925124,0.030186323121178565,0.06625294368926796,0.009194137156049746
lower|cr|V2,0.02360722110518462,0.015762056293059726,0.03229473029023022,0.004264032320183313
upper|cr|V2,0.5633961421400521,0.5594017513954007,0.5678604543275,0.002207569368531265
lum_persub|cr|V2,0.03240322494463369,0.02036028688059716,0.04444998606251071,0.006061910550928193
lum_meanrdm|cr|V2,0.04867261407249178,0.030620117356985055,0.06819523377771393,0.00950567565250317
lower|crb|V2,0.02582263223755755,0.017981846263574696,0.03396980997965325,0.004151759557844507
upper|crb|V2,0.563668371597818,0.5596988581696731,0.5679322533133315,0.002200072875002385
lum_persub|crb|V2,0.028725685647344318,0.017645430435346852,0.04026120414849159,0.00578842063553328
lower|all|LOC,0.033882420198796746,0.026734919974893537,0.0418061809315528,0.003776510750777091
upper|all|LOC,0.5659420844551625,0.5626700659995812,0.5693520812319227,0.0017067560470000814
lum_persub|all|LOC,0.0007474306594338198,-0.005953165499949789,0.007310102238290083,0.0033210747742657694
lum_meanrdm|all|LOC,-0.00033310976370414696,-0.012271654771995787,0.010661105889849615,0.00561952005415523
lower|cr|LOC,0.01826152322571467,0.010983010025140957,0.02666344774616106,0.003995537092554258
upper|cr|LOC,0.5583227437548266,0.5545659790938995,0.562067398974158,0.0018650403506182362
lum_persub|cr|LOC,0.0009069834382969136,-0.006323767543338615,0.008067915600186442,0.003671534983759906
lum_meanrdm|cr|LOC,-6.700674115311795e-05,-0.012804274246745658,0.012299812116067966,0.006200991897675914
lower|crb|LOC,0.018864493423484358,0.011489269142307622,0.026927399416375276,0.003969212487866662
upper|crb|LOC,0.5586652361894697,0.5550821339147314,0.5623498415101681,0.0018686957865578688
lum_persub|crb|LOC,-0.003486543056770055,-0.009081181415489529,0.002704572355852539,0.003116864467995421
lower|all|IT,0.03468722021646107,0.02827924775634079,0.041920698949216406,0.0034782769362247897
upper|all|IT,0.5629506807944339,0.5595411142014235,0.5664372941524073,0.001787820430871083
lum_persub|all|IT,0.0036385002451077898,-0.0018696046490698733,0.009169013401076878,0.002802747805615575
lum_meanrdm|all|IT,0.005327736020889472,-0.0036287254178402235,0.014378396033129912,0.004547810916356745
lower|cr|IT,0.02109113551872889,0.013896178192078048,0.028436506768229907,0.0036202482109726664
upper|cr|IT,0.5563569618340161,0.5526455673865314,0.5602327763415724,0.0019078306027462825
lum_persub|cr|IT,0.004030915472902712,-0.002209143364646063,0.010284858240597066,0.003173543673282342
lum_meanrdm|cr|IT,0.006446125890417472,-0.00423867561001467,0.016440589874058654,0.005226005733722109
lower|crb|IT,0.02134792721574846,0.014223877520406502,0.028366498343193252,0.003588092347490278
upper|crb|IT,0.5564014581998239,0.552568404163785,0.560153993932296,0.0019118232293833964
lum_persub|crb|IT,0.0004783551127582779,-0.004562242746967029,0.005932451764318225,0.0026998545472713895
persub|all|original|random_weights|V1,0.05257913299119922,0.03895356717538878,0.06794962716531606,0.007306589629882613
diff|all|original|random_weights|V1,-0.0044665850335216944,-0.019369805848848478,0.009992526270518382,0.007650564705424136
meanrdm|all|original|random_weights|V1,0.07546475988544306,0.05471529840246542,0.0976999939184575,0.010771605518341758
persub|cr|original|random_weights|V1,0.05317954762456815,0.03880920120331205,0.06883146508349942,0.007504555993957402
diff|cr|original|random_weights|V1,0.0017463371680324427,-0.013678370907612349,0.016993481731356286,0.007966138800911592
meanrdm|cr|original|random_weights|V1,0.07665636408498923,0.055151289222034265,0.09948939755613669,0.011157395280833749
persub|crb|original|random_weights|V1,0.053416595394907805,0.0386982789675971,0.06856787307986757,0.007394050096045291
diff|crb|original|random_weights|V1,-0.0005814290511646503,-0.014978811149082954,0.014975985455936904,0.007806287102375927
persub|all|original|random_weights|V2,0.028866774832569487,0.019252088935457514,0.039084555623852726,0.005273773138850267
diff|all|original|random_weights|V2,-0.003733101703980158,-0.015746453453666938,0.007490294551469024,0.005993066094055859
meanrdm|all|original|random_weights|V2,0.04333691265577548,0.028224256695134176,0.059587261293189205,0.00822317627396536
persub|cr|original|random_weights|V2,0.028831972728081003,0.018734513347772812,0.03954527771977572,0.005460752351623761
diff|cr|original|random_weights|V2,0.0052247516228963835,-0.006922320543582844,0.016959589485601202,0.006233001256927897
meanrdm|cr|original|random_weights|V2,0.04345320014398971,0.027412927282356336,0.060580350685518806,0.008614074411559465
persub|crb|original|random_weights|V2,0.02821521437880244,0.0178903181795491,0.039006545310392216,0.005310097271763762
diff|crb|original|random_weights|V2,0.002392582141244888,-0.008954549654254554,0.014000561729229323,0.006106933576535554
persub|all|original|random_weights|LOC,-0.0020645510689985933,-0.008481843965927816,0.004025951632381281,0.003103087901226068
diff|all|original|random_weights|LOC,-0.03594697126779534,-0.04537738897121112,-0.027505985304563926,0.004874217155552127
meanrdm|all|original|random_weights|LOC,-0.005053242542690986,-0.015558944427955714,0.0047082768121873095,0.005219851100835585
persub|cr|original|random_weights|LOC,-0.0030029468784319472,-0.009517885512272391,0.0037008939631512573,0.0033929536491306223
diff|cr|original|random_weights|LOC,-0.02126447010414662,-0.032461921117102485,-0.011751781480609295,0.005289001190987515
meanrdm|cr|original|random_weights|LOC,-0.007132570722604868,-0.018366379091963134,0.0038498754413743425,0.005690838109986997
persub|crb|original|random_weights|LOC,-0.0048882078971505235,-0.010852951804502515,0.0010160869902086957,0.002997739054229043
diff|crb|original|random_weights|LOC,-0.02375270132063488,-0.03416742106829608,-0.014468117134749138,0.005094675832835506
persub|all|original|random_weights|IT,0.004825582926559603,-0.0005203258509845179,0.010309747421088122,0.002787667933597775
diff|all|original|random_weights|IT,-0.029861637289901467,-0.0391435853539474,-0.02143463731170148,0.0045229542266494805
meanrdm|all|original|random_weights|IT,0.007771665357942363,-0.0009024968707613668,0.016828552018683572,0.00457387252458809
persub|cr|original|random_weights|IT,0.00395578342395204,-0.0019397242065762427,0.009831834882515579,0.0030268845115816
diff|cr|original|random_weights|IT,-0.01713535209477685,-0.02681407104694543,-0.008159279925220624,0.004870564065450353
meanrdm|cr|original|random_weights|IT,0.006254870296413894,-0.0034978367608999336,0.01604145345950045,0.005079950544516079
persub|crb|original|random_weights|IT,0.002928631418851423,-0.002298940364132996,0.0086601186655206,0.002836348017668312
diff|crb|original|random_weights|IT,-0.018419295796897037,-0.027612088963566775,-0.009222652770456008,0.004720908846230883
persub|all|original|backprop|V1,0.022186270870588626,0.01341775400364541,0.0325948500534484,0.005076660868851223
diff|all|original|backprop|V1,-0.03485944715413229,-0.04875397088784844,-0.021739750882297598,0.006832360358435197
meanrdm|all|original|backprop|V1,0.033457392263750406,0.0197353826890355,0.04899292137511925,0.007553553227109336
persub|cr|original|backprop|V1,0.023953801045122566,0.014652175591096632,0.034627129939563364,0.005302590832158659
diff|cr|original|backprop|V1,-0.02747940941141314,-0.04176119474751228,-0.01249317744695487,0.007312746086680967
meanrdm|cr|original|backprop|V1,0.03630374109090127,0.022156447972527485,0.052290957614973335,0.007961374747023986
persub|crb|original|backprop|V1,0.022107346784364143,0.012868735280877577,0.03325908230276913,0.005279832171832449
diff|crb|original|backprop|V1,-0.03189067766170831,-0.04439208588380868,-0.017616388227540684,0.00696522082284657
persub|all|original|backprop|V2,0.012263091105718738,0.004821145199287184,0.02078848505610461,0.0038436493507416516
diff|all|original|backprop|V2,-0.02033678543083091,-0.030957507712072698,-0.009394614011558122,0.00550084628631027
meanrdm|all|original|backprop|V2,0.018457371884085916,0.006837561602395656,0.031022344238140778,0.005979590781078702
persub|cr|original|backprop|V2,0.013346257421037188,0.005438127400177927,0.02158193608093828,0.004057340236646715
diff|cr|original|backprop|V2,-0.010260963684147431,-0.02232957230261712,0.001267307504446429,0.005838895499831437
meanrdm|cr|original|backprop|V2,0.020181846657433163,0.0075629359978871,0.03341266869588005,0.006414645014254777
persub|crb|original|backprop|V2,0.011208517469863472,0.00400036863079411,0.01888542194064608,0.003854410257054126
diff|crb|original|backprop|V2,-0.01461411476769408,-0.02542688664718455,-0.003916146396907891,0.00547310737474998
persub|all|original|backprop|LOC,0.00697876900197975,0.000739041448800583,0.014002556028552247,0.003462416921894761
diff|all|original|backprop|LOC,-0.026903651196816997,-0.03641978336272942,-0.017369710222790425,0.004914445086578686
meanrdm|all|original|backprop|LOC,0.011616861655484065,0.0007258052656017353,0.023540717542921863,0.005907047118560272
persub|cr|original|backprop|LOC,0.007530604538240328,0.000448944867494419,0.01496329130629681,0.003855159102357707
diff|cr|original|backprop|LOC,-0.010730918687474344,-0.020998931832326328,-0.0008213546860657499,0.005276162584679983
meanrdm|cr|original|backprop|LOC,0.012353420710903245,-0.00015360144220455643,0.025671531148680895,0.006707410186637436
persub|crb|original|backprop|LOC,0.007420620538883954,0.0012427930114916686,0.014028538671172151,0.003241113470104193
diff|crb|original|backprop|LOC,-0.011443872884600404,-0.021250406151570672,-0.0024317783820765175,0.004856803326171326
persub|all|original|backprop|IT,0.008962094683357173,0.0037302663322127806,0.014507639302062196,0.002824686445928294
diff|all|original|backprop|IT,-0.025725125533103896,-0.03389910289933219,-0.01765358938083265,0.004203759255429771
meanrdm|all|original|backprop|IT,0.01325442959341347,0.004489482868724044,0.0219633463651074,0.004540414786296043
persub|cr|original|backprop|IT,0.009960301187640352,0.004074488400049043,0.015945985140747503,0.003090945659318229
diff|cr|original|backprop|IT,-0.011130834331088538,-0.01956183561816719,-0.0024914763678594576,0.004426358008489346
meanrdm|cr|original|backprop|IT,0.015381330545197861,0.0054450613350888084,0.025046108584374407,0.005051482996520136
persub|crb|original|backprop|IT,0.009683615930757183,0.004304549335636189,0.015285749935023055,0.0028634129731125125
diff|crb|original|backprop|IT,-0.011664311284991277,-0.01964313464406373,-0.003471255540163293,0.004199492376996622
persub|all|original|feedback_alignment|V1,0.007458971713772397,-0.0006554693987759228,0.01644016719569987,0.004534350654231242
diff|all|original|feedback_alignment|V1,-0.04958674631094852,-0.06469018447981449,-0.03509223644294672,0.0074054942672460156
meanrdm|all|original|feedback_alignment|V1,0.011727677914277677,2.5049308246073147e-05,0.026017897448484654,0.006789837889273527
persub|cr|original|feedback_alignment|V1,0.00872157467493236,0.000184946810754998,0.0183243430967063,0.004757261855486229
diff|cr|original|feedback_alignment|V1,-0.04271163578160335,-0.0587752759745347,-0.027390279571393943,0.0078827163733559
meanrdm|cr|original|feedback_alignment|V1,0.013692116863849444,0.0003587788424742996,0.028239172024727435,0.007211390590010406
persub|crb|original|feedback_alignment|V1,0.006486150917465569,-0.0019951770626709096,0.016663482816354266,0.004774516739423683
diff|crb|original|feedback_alignment|V1,-0.047511873528606884,-0.06168407192818742,-0.03180308409191979,0.007560877078384514
persub|all|original|feedback_alignment|V2,0.0028093449859168933,-0.003565367124502248,0.00965220782749856,0.0033776519782001365
diff|all|original|feedback_alignment|V2,-0.02979053155063275,-0.040857747529669516,-0.019596131147778667,0.005561845641813828
meanrdm|all|original|feedback_alignment|V2,0.003938569142649638,-0.006068952379770666,0.01468584909541266,0.00531457240221961
persub|cr|original|feedback_alignment|V2,0.003555814052372266,-0.0034663971558795996,0.010593466281064806,0.003573325881366797
diff|cr|original|feedback_alignment|V2,-0.020051407052812352,-0.03225208521675171,-0.008724417916934433,0.005918924914115619
meanrdm|cr|original|feedback_alignment|V2,0.005090605870480472,-0.005976670216672924,0.01647712249265956,0.005698765182447411
persub|crb|original|feedback_alignment|V2,0.0015398956448080463,-0.004782811621132501,0.008350880866433716,0.0033335925982811905
diff|crb|original|feedback_alignment|V2,-0.024282736592749505,-0.035164080194279156,-0.013626119976496228,0.005499649527927164
persub|all|original|feedback_alignment|LOC,0.00333510431877103,-0.002889451459884048,0.00986866778522135,0.0032820877761722145
diff|all|original|feedback_alignment|LOC,-0.030547315880025717,-0.03993534763395342,-0.02203358619170513,0.004623811460748972
meanrdm|all|original|feedback_alignment|LOC,0.005644070309369308,-0.005144116511223271,0.016599233338689352,0.005551903920374067
persub|cr|original|feedback_alignment|LOC,0.0036260637042135066,-0.0037522551773864357,0.010610535224451401,0.003630069392697798
diff|cr|original|feedback_alignment|LOC,-0.014635459521501165,-0.024702047344605363,-0.0055955975222219045,0.0050224463774482765
meanrdm|cr|original|feedback_alignment|LOC,0.006306589675099622,-0.006178270695893624,0.01868167344116411,0.006227838941815359
persub|crb|original|feedback_alignment|LOC,0.002585841366490377,-0.0034841591930284375,0.008631018881376589,0.0031354228940763005
diff|crb|original|feedback_alignment|LOC,-0.01627865205699398,-0.026053342610921747,-0.007515934005835901,0.004807060102262401
persub|all|original|feedback_alignment|IT,0.006674652067001657,0.0007896248280214866,0.012084825788590223,0.002954128662248204
diff|all|original|feedback_alignment|IT,-0.02801256814945941,-0.03705595204327944,-0.019767144922192417,0.004345681553488942
meanrdm|all|original|feedback_alignment|IT,0.011559347763191088,0.0021003279795973814,0.02043547379296309,0.004866883883138138
persub|cr|original|feedback_alignment|IT,0.00787571162113731,0.001350188575715604,0.013692283007758498,0.0032506802546863702
diff|cr|original|feedback_alignment|IT,-0.01321542389759158,-0.02254170371921624,-0.004596177566396006,0.004654448584211256
meanrdm|cr|original|feedback_alignment|IT,0.014107949202200393,0.003793200109860478,0.0240816695105897,0.00542110513619467
persub|crb|original|feedback_alignment|IT,0.006329779220981907,0.0005684646303981639,0.012105589068706775,0.002995763694540131
diff|crb|original|feedback_alignment|IT,-0.015018147994766553,-0.023684358355630385,-0.006461713663037932,0.00449377658914832
persub|all|original|predictive_coding|V1,0.03838418813283294,0.027416060803952334,0.05070691717092039,0.005773960251672859
diff|all|original|predictive_coding|V1,-0.018661529891887976,-0.031198770596616028,-0.004598804290884725,0.006785529420307659
meanrdm|all|original|predictive_coding|V1,0.05606625712181028,0.039704381928329216,0.07367127210818812,0.00858991591574191
persub|cr|original|predictive_coding|V1,0.038747982059897414,0.0271810585854691,0.05121785189201119,0.006004931247372551
diff|cr|original|predictive_coding|V1,-0.012685228396638291,-0.02608963352951591,0.001779705278321028,0.007153364797991252
meanrdm|cr|original|predictive_coding|V1,0.05649351188184566,0.03956745965420554,0.07427170601757963,0.009024888177431356
persub|crb|original|predictive_coding|V1,0.03955986096551677,0.02824577728760137,0.05199001644094155,0.006028529254306912
diff|crb|original|predictive_coding|V1,-0.014438163480555682,-0.02760211130053153,9.628644406586028e-06,0.007028195010339383
persub|all|original|predictive_coding|V2,0.01857295581784232,0.011261371366983141,0.026475807420013663,0.003927991515428507
diff|all|original|predictive_coding|V2,-0.014026920718707325,-0.023891985614789085,-0.0044974691335236405,0.005127434392990506
meanrdm|all|original|predictive_coding|V2,0.027895268795063693,0.016886869177232897,0.04047455814773936,0.006145206951581781
persub|cr|original|predictive_coding|V2,0.01854764623961101,0.010573598456748217,0.026784352675757468,0.004147577696052406
diff|cr|original|predictive_coding|V2,-0.00505957486557361,-0.015272722447883514,0.0054982705876390585,0.005422386456169466
meanrdm|cr|original|predictive_coding|V2,0.027965604843709347,0.015737026214253172,0.04157062212106541,0.006582303356648074
persub|crb|original|predictive_coding|V2,0.018797781703323198,0.010632194933120872,0.02702417246341579,0.004152584862218397
diff|crb|original|predictive_coding|V2,-0.007024850534234354,-0.017181203188319026,0.003508666844416974,0.005378943522674616
persub|all|original|predictive_coding|LOC,0.003953858540487794,-0.0005425200397794094,0.00870049319335876,0.0023582126802520666
diff|all|original|predictive_coding|LOC,-0.029928561658308952,-0.03870406346922244,-0.021811215375325613,0.004393405910276627
meanrdm|all|original|predictive_coding|LOC,0.006049800475086057,-0.0015470335620766846,0.01371854182922965,0.0039881136504614076
persub|cr|original|predictive_coding|LOC,0.0034549100547481503,-0.0015791903173507777,0.008366792117354721,0.0025565649365290794
diff|cr|original|predictive_coding|LOC,-0.01480661317096652,-0.024705757160359117,-0.005726076660596238,0.004743359339185954
meanrdm|cr|original|predictive_coding|LOC,0.0049510805927901955,-0.0030650792311701387,0.013331525037700655,0.004333579671198784
persub|crb|original|predictive_coding|LOC,0.0035698883383956806,-0.0010415280752841263,0.008351581053775783,0.002509681005043083
diff|crb|original|predictive_coding|LOC,-0.015294605085088678,-0.025053461471528562,-0.006367256500265502,0.0046928679783078105
persub|all|original|predictive_coding|IT,0.00849710408859689,0.0035675407369196387,0.01355932043665962,0.002534020589773768
diff|all|original|predictive_coding|IT,-0.026190116127864177,-0.03462646516684536,-0.01861709703480942,0.00415776238335613
meanrdm|all|original|predictive_coding|IT,0.013635122620125053,0.005562923923795099,0.021768989863409846,0.00422078665982997
persub|cr|original|predictive_coding|IT,0.008314667698147721,0.003467644266555985,0.013767881212025133,0.0026912643873097174
diff|cr|original|predictive_coding|IT,-0.012776467820581169,-0.021618586618832453,-0.004072604383875042,0.004423984212031771
meanrdm|cr|original|predictive_coding|IT,0.01374921756835303,0.005197475167240483,0.02299418427441516,0.004587878664100303
persub|crb|original|predictive_coding|IT,0.008171645977909436,0.0033829258432518847,0.013263328416062339,0.0025878280867988376
diff|crb|original|predictive_coding|IT,-0.013176281237839024,-0.021737166385408516,-0.004947099075599684,0.004302788492272751
persub|all|original|stdp|V1,0.043995341205444786,0.033182549061080306,0.05620640093652172,0.005800176197683134
diff|all|original|stdp|V1,-0.013050376819276129,-0.02512416538608537,-0.00033945159154340204,0.006421761564713566
meanrdm|all|original|stdp|V1,0.06413948751365513,0.04791558326534722,0.08151852801801299,0.008636230959216623
persub|cr|original|stdp|V1,0.044501203331500434,0.03331131814469396,0.05672763060097262,0.005998336048697114
diff|cr|original|stdp|V1,-0.006932007125035271,-0.02015303417204868,0.006816018208813234,0.00680415107064236
meanrdm|cr|original|stdp|V1,0.06478639604850224,0.04776523266914985,0.0829195718105264,0.009034949037884762
persub|crb|original|stdp|V1,0.04434976287228377,0.03291133111765337,0.05687582509134212,0.006059928845030177
diff|crb|original|stdp|V1,-0.009648261573788688,-0.022064087349574473,0.003968465374710839,0.006671898272949956
persub|all|original|stdp|V2,0.023676917147239414,0.016135251191891683,0.031859864061188736,0.003965094693863009
diff|all|original|stdp|V2,-0.008922959389310231,-0.018901324486644583,0.0006569587544767533,0.005031067371166855
meanrdm|all|original|stdp|V2,0.03577299570205973,0.02425302334180692,0.04806955891763771,0.006168546545115691
persub|cr|original|stdp|V2,0.0237608835582249,0.01594650041593164,0.03229366070674826,0.004141378060790597
diff|cr|original|stdp|V2,0.00015366245304028123,-0.010097050779196579,0.010411224888806433,0.0053219597009760145
meanrdm|cr|original|stdp|V2,0.03611587469515478,0.023655049469281313,0.049669596018377386,0.0065577578657794455
persub|crb|original|stdp|V2,0.023265016489996414,0.015371939198577858,0.03184278715376702,0.004120373206698985
diff|crb|original|stdp|V2,-0.002557615747561137,-0.012804468660711643,0.007606123361776845,0.005210658588310211
persub|all|original|stdp|LOC,0.003754353320353599,-0.0009025026897688858,0.008516688163319082,0.002419152828240168
diff|all|original|stdp|LOC,-0.030128066878443147,-0.03875589918451569,-0.0217518167628522,0.004346745097373372
meanrdm|all|original|stdp|LOC,0.005794108318610292,-0.0022961180682546977,0.013945009757398144,0.004008247211755548
persub|cr|original|stdp|LOC,0.0035238225027224867,-0.0016276700466441726,0.00869523756709935,0.002602807390430283
diff|cr|original|stdp|LOC,-0.014737700722992185,-0.02388288042460271,-0.005856797266460727,0.004661722511188191
meanrdm|cr|original|stdp|LOC,0.00511278198234081,-0.00360106916656217,0.014185638246159524,0.004357704806849635
persub|crb|original|stdp|LOC,0.0034915937813142285,-0.0014217098374766763,0.008735549337768758,0.0025269590149520596
diff|crb|original|stdp|LOC,-0.01537289964217013,-0.024652542968137337,-0.0065571614268101035,0.004625355030241059
persub|all|original|stdp|IT,0.007302725985237913,0.0026289962142080465,0.011779763778235995,0.002361804817915458
diff|all|original|stdp|IT,-0.027384494231223154,-0.03573583730817013,-0.019872098659558766,0.004111954371337887
meanrdm|all|original|stdp|IT,0.011869363983261915,0.004163216796316699,0.019427791125992546,0.003926082673446822
persub|cr|original|stdp|IT,0.006972828117988668,0.002047845217470644,0.011891524786278713,0.00252222733730146
diff|cr|original|stdp|IT,-0.014118307400740222,-0.022613855250240098,-0.005915802674189677,0.004385413352181268
meanrdm|cr|original|stdp|IT,0.011427810846206601,0.003040187914061495,0.019956516680339584,0.0042786928223318525
persub|crb|original|stdp|IT,0.007673578786055913,0.0027876824221997275,0.012144397061238701,0.0023808311368187863
diff|crb|original|stdp|IT,-0.013674348429692547,-0.021876148125486466,-0.005692668275702081,0.004196407609173889
persub|all|bnfix|random_weights|V1,0.052579133786152546,0.03895356981890464,0.06794962569445222,0.00730658985612502
diff|all|bnfix|random_weights|V1,-0.004466584238568369,-0.019369804089425926,0.009992524654656878,0.0076505648173060626
meanrdm|all|bnfix|random_weights|V1,0.07546476115155384,0.05471529859377216,0.09769999482290107,0.01077160592647244
persub|cr|bnfix|random_weights|V1,0.05317954842046244,0.038809200055797105,0.0688314691693319,0.007504556261775159
diff|cr|bnfix|random_weights|V1,0.0017463379639267376,-0.013678373028530822,0.016993484972208033,0.007966138920375105
meanrdm|cr|bnfix|random_weights|V1,0.0766563657848314,0.055151286769844515,0.09948939275822494,0.011157395715619786
persub|crb|bnfix|random_weights|V1,0.05341659580331104,0.03869827674970849,0.06856787694807776,0.007394050123551576
diff|crb|bnfix|random_weights|V1,-0.0005814286427614154,-0.01497880567981474,0.014975987449730152,0.007806287177875313
persub|all|bnfix|random_weights|V2,0.028866775388808125,0.019252090006212485,0.03908455825721813,0.005273773351188934
diff|all|bnfix|random_weights|V2,-0.0037331011477415195,-0.015746454521297488,0.0074902920672031215,0.005993066257084835
meanrdm|all|bnfix|random_weights|V2,0.043336913730470286,0.028224256574296443,0.05958726275955631,0.008223176628618559
persub|cr|bnfix|random_weights|V2,0.028831973665734017,0.018734520932021707,0.03954527896874355,0.005460752689670871
diff|cr|bnfix|random_weights|V2,0.005224752560549398,-0.006922321698446194,0.016959592032174033,0.006233001518780539
meanrdm|cr|bnfix|random_weights|V2,0.04345320182228442,0.027412927954883388,0.06058034674334832,0.008614074951063554
persub|crb|bnfix|random_weights|V2,0.02821521428428181,0.01789032378698667,0.03900654763861453,0.005310097322192779
diff|crb|bnfix|random_weights|V2,0.002392582046724257,-0.00895454700357467,0.014000562424915501,0.0061069335705031666
persub|all|bnfix|random_weights|LOC,-0.0020645503101636856,-0.008481839854378026,0.004025951588324117,0.0031030877998887373
diff|all|bnfix|random_weights|LOC,-0.03594697050896043,-0.04537738683813375,-0.027505983374678442,0.004874217012184736
meanrdm|all|bnfix|random_weights|LOC,-0.005053240902157202,-0.015558934354323808,0.004708273415069211,0.00521985092860111
persub|cr|bnfix|random_weights|LOC,-0.003002945805308046,-0.009517880363742202,0.003700894617427278,0.00339295352921596
diff|cr|bnfix|random_weights|LOC,-0.021264469031022717,-0.03246191574484068,-0.011751781769598018,0.005289001052748941
meanrdm|cr|bnfix|random_weights|LOC,-0.007132568732382315,-0.018366370986253353,0.0038498762122167822,0.005690837797199635
persub|crb|bnfix|random_weights|LOC,-0.0048882074028497,-0.010852951259284881,0.0010160890539376668,0.002997739081687798
diff|crb|bnfix|random_weights|LOC,-0.02375270082633406,-0.03416741644887284,-0.01446812019669661,0.005094675700278198
persub|all|bnfix|random_weights|IT,0.004825581834035598,-0.0005203222737609472,0.010309749870224502,0.0027876682575112346
diff|all|bnfix|random_weights|IT,-0.02986163838242547,-0.03914358219996621,-0.02143463639373253,0.00452295453530537
meanrdm|all|bnfix|random_weights|IT,0.007771663215322429,-0.0009025115987238326,0.016828555170156436,0.004573872940091583
persub|cr|bnfix|random_weights|IT,0.003955781448966022,-0.0019397364637597472,0.009831834471545994,0.003026884712215188
diff|cr|bnfix|random_weights|IT,-0.017135354069762868,-0.02681407609177386,-0.008159283253164529,0.004870564256041863
meanrdm|cr|bnfix|random_weights|IT,0.006254866611081915,-0.0034978559298832253,0.016041444561052994,0.005079950675621968
persub|crb|bnfix|random_weights|IT,0.00292863293858018,-0.0022989495564002334,0.0086601179645266,0.002836347931550242
diff|crb|bnfix|random_weights|IT,-0.01841929427716828,-0.02761208984708652,-0.009222648179382375,0.004720908715283294
persub|all|bnfix|backprop|V1,0.020675235211741267,0.012293035668977582,0.03081672333608373,0.004911957828045334
diff|all|bnfix|backprop|V1,-0.03637048281297965,-0.050220693391514894,-0.023231293205801255,0.006792055692170804
meanrdm|all|bnfix|backprop|V1,0.03141240716791615,0.018331882397336456,0.04677624988271924,0.007345773369506044
persub|cr|bnfix|backprop|V1,0.022352667718455108,0.01344885771058907,0.03268131979332502,0.005136151713444038
diff|cr|bnfix|backprop|V1,-0.029080542738080598,-0.043162873715288944,-0.01418074444116376,0.0072732668779990125
meanrdm|cr|bnfix|backprop|V1,0.03408608500838918,0.02034513335480328,0.0503515289845081,0.0077459540223900935
persub|crb|bnfix|backprop|V1,0.0206968053235393,0.011831139716567235,0.031322577737826846,0.005134057398857594
diff|crb|bnfix|backprop|V1,-0.03330121912253316,-0.04595969672014163,-0.018772231750148513,0.006946878371311643
persub|all|bnfix|backprop|V2,0.011250968504776328,0.004088904036161601,0.019272805436156754,0.0036486322913326812
diff|all|bnfix|backprop|V2,-0.021348908031773316,-0.03181599350181714,-0.010684984611458675,0.005385217231999463
meanrdm|all|bnfix|backprop|V2,0.01689097893788858,0.005893607134430279,0.02930114418201498,0.005690128782063757
persub|cr|bnfix|backprop|V2,0.01230328704039343,0.004731508921707997,0.02009415612190806,0.0038580888854378844
diff|cr|bnfix|backprop|V2,-0.01130393406479119,-0.0232555771183286,-3.17386468135489e-05,0.005721261196235068
meanrdm|cr|bnfix|backprop|V2,0.01855218092152631,0.006522198759673558,0.031017665796958117,0.0061157748964618215
persub|crb|bnfix|backprop|V2,0.010440646441239834,0.0037766800848673906,0.017929508227623958,0.0036814864920743057
diff|crb|bnfix|backprop|V2,-0.015381985796317717,-0.026009381478406254,-0.0045922961531820565,0.005379546772265189
persub|all|bnfix|backprop|LOC,0.007493507702692833,0.0012944473329184623,0.014448114855602977,0.0034707844442703173
diff|all|bnfix|backprop|LOC,-0.026388912496103915,-0.035969364501593735,-0.0169047789187434,0.004892561966072345
meanrdm|all|bnfix|backprop|LOC,0.01261664380414316,0.0017919767844722296,0.02430185776978078,0.005924908138648785
persub|cr|bnfix|backprop|LOC,0.008023905466823937,0.0008942245157921937,0.015429411609044395,0.003845874805061069
diff|cr|bnfix|backprop|LOC,-0.010237617758890734,-0.02050293406378673,-0.00034931040480625365,0.005247043505312476
meanrdm|cr|bnfix|backprop|LOC,0.013349379860688394,0.0013100864414908725,0.02662780024410332,0.006696721772649724
persub|crb|bnfix|backprop|LOC,0.007579588619548867,0.0014672797402034705,0.014006208309722054,0.0032054762950538117
diff|crb|bnfix|backprop|LOC,-0.011284904803935491,-0.021065253796923582,-0.0023434989980952088,0.004827214631790553
persub|all|bnfix|backprop|IT,0.008308024028122193,0.0035125551057681613,0.013484937228946147,0.002663251589320368
diff|all|bnfix|backprop|IT,-0.026379196188338876,-0.03445110195246034,-0.018381484945938477,0.004103268012216198
meanrdm|all|bnfix|backprop|IT,0.01265734728278924,0.004779333727454437,0.020915605274736383,0.004275811159161602
persub|cr|bnfix|backprop|IT,0.0093739068666314,0.003911751665797047,0.014779663976808573,0.0028880033713332342
diff|cr|bnfix|backprop|IT,-0.01171722865209749,-0.01989315119519934,-0.003370183128163407,0.004282588550690799
meanrdm|cr|bnfix|backprop|IT,0.01490584215651769,0.005862688130332747,0.02357385827908571,0.004698734554804283
persub|crb|bnfix|backprop|IT,0.009034019822492315,0.0040788439392786145,0.01441798270974534,0.0026622044124091264
diff|crb|bnfix|backprop|IT,-0.012313907393256145,-0.020125293217832903,-0.004189572375201056,0.004086196304386573
persub|all|bnfix|feedback_alignment|V1,0.007309066335258319,-0.0008664060817980477,0.016344071499105495,0.004546267530659882
diff|all|bnfix|feedback_alignment|V1,-0.0497366516894626,-0.06479825845836117,-0.03529323732091716,0.007417270734113744
meanrdm|all|bnfix|feedback_alignment|V1,0.011521827723429407,-0.00012039811742053572,0.025851763033704078,0.006800240575705245
persub|cr|bnfix|feedback_alignment|V1,0.008598794194446664,3.8316098218174e-06,0.018258268115161437,0.004769472027507043
diff|cr|bnfix|feedback_alignment|V1,-0.042834416262089045,-0.05893131401760574,-0.027581671291963934,0.007898390963216085
meanrdm|cr|bnfix|feedback_alignment|V1,0.01353066099525882,4.219291079967283e-05,0.028138236904551552,0.00722316379068987
persub|crb|bnfix|feedback_alignment|V1,0.006297861370396049,-0.002211164142364661,0.01649560178162344,0.004777149018551675
diff|crb|bnfix|feedback_alignment|V1,-0.047700163075676406,-0.06195649419558715,-0.03196482383211172,0.00756865640286253
persub|all|bnfix|feedback_alignment|V2,0.002839616597215649,-0.003594935011255753,0.009714230213278724,0.0034072226735501854
diff|all|bnfix|feedback_alignment|V2,-0.029760259939333997,-0.04083052004987259,-0.01951660523086014,0.005584505935413616
meanrdm|all|bnfix|feedback_alignment|V2,0.003982039704772462,-0.006167643275500625,0.01494355098560195,0.005358996035849268
persub|cr|bnfix|feedback_alignment|V2,0.003608515118421929,-0.003437386806009259,0.010736191097882238,0.0036030020131382276
diff|cr|bnfix|feedback_alignment|V2,-0.01999870598676269,-0.03215450754638878,-0.00865563210443325,0.0059448283259327175
meanrdm|cr|bnfix|feedback_alignment|V2,0.005172977855518221,-0.00592416742104094,0.016829357403548847,0.005743880014427715
persub|crb|bnfix|feedback_alignment|V2,0.0015435237473118283,-0.004858295087335656,0.008402023231824624,0.003350447291880639
diff|crb|bnfix|feedback_alignment|V2,-0.024279108490245723,-0.03517299042056954,-0.013502757546016108,0.0055141812258713545
persub|all|bnfix|feedback_alignment|LOC,0.003337153021970075,-0.0028644203949284492,0.009874704505192702,0.0032868671754056555
diff|all|bnfix|feedback_alignment|LOC,-0.030545267176826672,-0.03995194887429297,-0.022074160575670194,0.004625413388543845
meanrdm|all|bnfix|feedback_alignment|LOC,0.005642151979687192,-0.005117174433196023,0.016605676347953905,0.005559887597050449
persub|cr|bnfix|feedback_alignment|LOC,0.0036380067550412535,-0.0037324838104675043,0.010638807696042451,0.0036357674121705427
diff|cr|bnfix|feedback_alignment|LOC,-0.014623516470673417,-0.024765764202339134,-0.005597316678848529,0.0050249534588651
meanrdm|cr|bnfix|feedback_alignment|LOC,0.006323855984679788,-0.006109858592135791,0.018716493371894072,0.006236987176558756
persub|crb|bnfix|feedback_alignment|LOC,0.002593743949622388,-0.0035191556828282886,0.008647048358298121,0.0031405883604284017
diff|crb|bnfix|feedback_alignment|LOC,-0.01627074947386197,-0.026099516453773005,-0.007514974961703696,0.0048093321799178405
persub|all|bnfix|feedback_alignment|IT,0.006610384765751956,0.0006538254662021327,0.012189636181536104,0.0029615511632532458
diff|all|bnfix|feedback_alignment|IT,-0.028076835450709114,-0.0372723758834248,-0.01991953470451388,0.00434432923639159
meanrdm|all|bnfix|feedback_alignment|IT,0.01146768821669743,0.0018359663153220298,0.02073071352318265,0.004875615799658208
persub|cr|bnfix|feedback_alignment|IT,0.007813734715359967,0.0013731518252335939,0.0136200228885038,0.0032598326971482947
diff|cr|bnfix|feedback_alignment|IT,-0.013277400803368923,-0.022652483665932317,-0.0045838384569941845,0.004654930456731575
meanrdm|cr|bnfix|feedback_alignment|IT,0.014041013742473199,0.003578365495238298,0.02407071447805366,0.005432091443777814
persub|crb|bnfix|feedback_alignment|IT,0.0063117976663520595,0.0005093530833220922,0.012265987728747487,0.0030007368186382145
diff|crb|bnfix|feedback_alignment|IT,-0.0150361295493964,-0.023701184354131027,-0.006471300923336885,0.004492205646882697
persub|all|bnfix|predictive_coding|V1,0.010646496102915164,0.0025374854146798954,0.02051650317139934,0.004670445648656012
diff|all|bnfix|predictive_coding|V1,-0.04639922192180575,-0.06158102209745474,-0.03210148336039245,0.007317581813761543
meanrdm|all|bnfix|predictive_coding|V1,0.016332625340681854,0.004091149203911622,0.030917007246740756,0.006966144412517828
persub|cr|bnfix|predictive_coding|V1,0.011929475453081442,0.0034259328007422685,0.021691124192530376,0.004874660323573632
diff|cr|bnfix|predictive_coding|V1,-0.03950373500345426,-0.05487595905439875,-0.02406980731520967,0.007793231035654698
meanrdm|cr|bnfix|predictive_coding|V1,0.018326655549040786,0.005525227414651708,0.03356958891346022,0.007357155931459211
persub|crb|bnfix|predictive_coding|V1,0.009628357502505656,0.0008582881847835068,0.019789623595011685,0.004917551239790224
diff|crb|bnfix|predictive_coding|V1,-0.044369666943566796,-0.05821359620570761,-0.029052431080388307,0.007486519219867657
persub|all|bnfix|predictive_coding|V2,0.005006138095789098,-0.0016852006926160099,0.01224665056668687,0.0034940018309079224
diff|all|bnfix|predictive_coding|V2,-0.027593738440760546,-0.038488347879155026,-0.01706302346470285,0.005559195653976393
meanrdm|all|bnfix|predictive_coding|V2,0.00745260240084421,-0.0027883937029930727,0.01884443094493739,0.005469327851644535
persub|cr|bnfix|predictive_coding|V2,0.005713031055735227,-0.0014081952679395454,0.013045407129094883,0.0036847736088743564
diff|cr|bnfix|predictive_coding|V2,-0.017894190049449393,-0.029704192197008643,-0.006582861771389007,0.005915366381869238
meanrdm|cr|bnfix|predictive_coding|V2,0.008507205607937227,-0.0026505771398379683,0.0202151380275563,0.005840403747040474
persub|crb|bnfix|predictive_coding|V2,0.0035951821700392753,-0.0031272965228716127,0.010875798557733964,0.0034800318574924782
diff|crb|bnfix|predictive_coding|V2,-0.022227450067518275,-0.03275518350898614,-0.011253684088345315,0.0055249310321326675
persub|all|bnfix|predictive_coding|LOC,0.0038707154504544357,-0.0016787721669145146,0.009703523872984838,0.0029133857669712895
diff|all|bnfix|predictive_coding|LOC,-0.030011704748342312,-0.038746794300315385,-0.021609453738746145,0.0044678371003640934
meanrdm|all|bnfix|predictive_coding|LOC,0.006227490636282082,-0.0031624319848638574,0.01645375568544223,0.004965911714790433
persub|cr|bnfix|predictive_coding|LOC,0.004306497815632395,-0.001998537740008064,0.010514338473819303,0.0032655820147281843
diff|cr|bnfix|predictive_coding|LOC,-0.013955025410082277,-0.024022745324359964,-0.0052989016761021135,0.004842739965704259
meanrdm|cr|bnfix|predictive_coding|LOC,0.007003449119518143,-0.003849914336118592,0.018172432303879146,0.0056265050394945495
persub|crb|bnfix|predictive_coding|LOC,0.0029161002937314355,-0.0025041865112075037,0.008319368998286837,0.002811249541161192
diff|crb|bnfix|predictive_coding|LOC,-0.015948393129752922,-0.02555920428220786,-0.007452792651957601,0.004652191534986549
persub|all|bnfix|predictive_coding|IT,0.0067513553802692845,0.0012419216961577272,0.012181140387268046,0.002762086232266914
diff|all|bnfix|predictive_coding|IT,-0.027935864836191784,-0.03658571641227592,-0.019449991604223667,0.004279595138860209
meanrdm|all|bnfix|predictive_coding|IT,0.010942854624264382,0.0021381738751368876,0.019542873347640977,0.004525377338362655
persub|cr|bnfix|predictive_coding|IT,0.00768511025942179,0.0017749313463062606,0.013419457764791939,0.003064899848719175
diff|cr|bnfix|predictive_coding|IT,-0.0134060252593071,-0.022482980441408732,-0.004888824212829452,0.004595280110828532
meanrdm|cr|bnfix|predictive_coding|IT,0.012987546554983739,0.0025814750250514255,0.022804275370158247,0.005114701606652394
persub|crb|bnfix|predictive_coding|IT,0.006628676156281909,0.0013959689934183496,0.011791899239195788,0.002710106461490511
diff|crb|bnfix|predictive_coding|IT,-0.01471925105946655,-0.023487624459190566,-0.0064258343266946115,0.004340767519015879
persub|all|bnfix|stdp|V1,0.02518941828792633,0.016059882529126372,0.03556347319330512,0.0051727846259645984
diff|all|bnfix|stdp|V1,-0.03185629973679459,-0.04601544677911608,-0.018732198111542163,0.006850266859985634
meanrdm|all|bnfix|stdp|V1,0.037218595333326374,0.023243706066378482,0.05321401915585338,0.007729364891010349
persub|cr|bnfix|stdp|V1,0.02652489511392604,0.01713963500883576,0.037156426632354286,0.005370262521068936
diff|cr|bnfix|stdp|V1,-0.024908315342609667,-0.038925284501912266,-0.0104875922391863,0.007332606674456788
meanrdm|cr|bnfix|stdp|V1,0.03930578070559832,0.025054422290639953,0.05587758998676483,0.00810389585820552
persub|crb|bnfix|stdp|V1,0.024151843186839904,0.014452509585644448,0.03526997855329346,0.005386485347378541
diff|crb|bnfix|stdp|V1,-0.02984618125923255,-0.043037814488827875,-0.015473183665089742,0.007019047712218469
persub|all|bnfix|stdp|V2,0.013811032093918124,0.006622401321208102,0.02175281700178442,0.003789277982469605
diff|all|bnfix|stdp|V2,-0.01878884444263152,-0.02911711449147845,-0.008424549054931951,0.005434585783184026
meanrdm|all|bnfix|stdp|V2,0.020731001635992122,0.009509006184176848,0.03303677899520092,0.005929486771845749
persub|cr|bnfix|stdp|V2,0.014589956725031498,0.006828529567879965,0.022583054703583374,0.003971225870410588
diff|cr|bnfix|stdp|V2,-0.009017264380153121,-0.020822824964416658,0.0022565241556577265,0.005783191560592307
meanrdm|cr|bnfix|stdp|V2,0.021989089292162492,0.010101685285112167,0.03487063952595091,0.00630813578230986
persub|crb|bnfix|stdp|V2,0.012330680151232539,0.005309697722169701,0.020093697526872154,0.0037857105037795258
diff|crb|bnfix|stdp|V2,-0.013491952086325013,-0.02434686500200692,-0.0029746844122749082,0.005410497309318433
persub|all|bnfix|stdp|LOC,0.0037324964483338107,-0.0020119911113315623,0.009542944304135596,0.0029268481015639228
diff|all|bnfix|stdp|LOC,-0.030149923750462937,-0.03947636663388223,-0.02153615780656025,0.004575631906475023
meanrdm|all|bnfix|stdp|LOC,0.00574855638764464,-0.004130871097397883,0.014900615874123375,0.0048792902771012244
persub|cr|bnfix|stdp|LOC,0.0043005217166900995,-0.0020462230508888207,0.010256929537835429,0.003218127801101661
diff|cr|bnfix|stdp|LOC,-0.013961001509024571,-0.023769536896892308,-0.004864270915857735,0.00491852507144773
meanrdm|cr|bnfix|stdp|LOC,0.006502160997515291,-0.003832582337004864,0.01665773262047666,0.0054488098419127285
persub|crb|bnfix|stdp|LOC,0.0032330784577720767,-0.0023735687269227763,0.008791694916087956,0.002851741419788489
diff|crb|bnfix|stdp|LOC,-0.01563141496571228,-0.024855322071780594,-0.006802706197081597,0.004723153302998728
persub|all|bnfix|stdp|IT,0.008039414721385885,0.0029542047174140077,0.013114463692937348,0.002591425367443839
diff|all|bnfix|stdp|IT,-0.026647805495075186,-0.03546313616456727,-0.01911661250895943,0.0041223026000413235
meanrdm|all|bnfix|stdp|IT,0.01309401122688647,0.004372361054592324,0.02119426314821014,0.0042833605011607665
persub|cr|bnfix|stdp|IT,0.008738210036409674,0.003250198100448403,0.014165920034243964,0.0028097278312717694
diff|cr|bnfix|stdp|IT,-0.012352925482319217,-0.021305847650273314,-0.0041235024317471825,0.004362497608200564
meanrdm|cr|bnfix|stdp|IT,0.014743678000693993,0.005150157795111476,0.023940939276451377,0.004706884157297411
persub|crb|bnfix|stdp|IT,0.007871731929193658,0.0028947952786443844,0.012875970825188536,0.002622875855722094
diff|crb|bnfix|stdp|IT,-0.013476195286554802,-0.02225225818568926,-0.005471089480521143,0.0042291416426085485
