variant,seed,seed_idx,res,layer,roi,rho,n_subs,rho_sub_mean
A CIFAR@32,42,0,32,Conv1,V1,0.057077,3,0.038975
A CIFAR@32,42,0,32,Conv1,V2,0.03211,3,0.020927
A CIFAR@32,42,0,32,Conv2,V1,0.048291,3,0.032847
A CIFAR@32,42,0,32,Conv2,V2,0.024663,3,0.01625
A CIFAR@32,42,0,32,Conv3,LOC,0.005851,3,0.003637
A CIFAR@32,42,0,32,FC1,IT,0.010277,3,0.005987
A CIFAR@32,42,0,64,Conv1,V1,0.051135,3,0.03481
A CIFAR@32,42,0,64,Conv1,V2,0.026757,3,0.017446
A CIFAR@32,42,0,64,Conv2,V1,0.039084,3,0.026309
A CIFAR@32,42,0,64,Conv2,V2,0.018148,3,0.012003
A CIFAR@32,42,0,64,Conv3,LOC,0.005799,3,0.003558
A CIFAR@32,42,0,64,FC1,IT,0.010073,3,0.005833
A CIFAR@32,42,0,96,Conv1,V1,0.048222,3,0.032811
A CIFAR@32,42,0,96,Conv1,V2,0.024628,3,0.016088
A CIFAR@32,42,0,96,Conv2,V1,0.034255,3,0.022978
A CIFAR@32,42,0,96,Conv2,V2,0.015581,3,0.010283
A CIFAR@32,42,0,96,Conv3,LOC,0.006525,3,0.00392
A CIFAR@32,42,0,96,FC1,IT,0.009726,3,0.005645
A CIFAR@32,42,0,128,Conv1,V1,0.046343,3,0.03153
A CIFAR@32,42,0,128,Conv1,V2,0.023416,3,0.015308
A CIFAR@32,42,0,128,Conv2,V1,0.031533,3,0.021149
A CIFAR@32,42,0,128,Conv2,V2,0.014523,3,0.009577
A CIFAR@32,42,0,128,Conv3,LOC,0.006788,3,0.00408
A CIFAR@32,42,0,128,FC1,IT,0.0098,3,0.005674
A CIFAR@32,42,0,160,Conv1,V1,0.04548,3,0.030944
A CIFAR@32,42,0,160,Conv1,V2,0.022922,3,0.014997
A CIFAR@32,42,0,160,Conv2,V1,0.030292,3,0.020351
A CIFAR@32,42,0,160,Conv2,V2,0.014117,3,0.009304
A CIFAR@32,42,0,160,Conv3,LOC,0.006584,3,0.003986
A CIFAR@32,42,0,160,FC1,IT,0.00908,3,0.005283
A CIFAR@32,42,0,224,Conv1,V1,0.044247,3,0.03012
A CIFAR@32,42,0,224,Conv1,V2,0.022239,3,0.014566
A CIFAR@32,42,0,224,Conv2,V1,0.028894,3,0.019522
A CIFAR@32,42,0,224,Conv2,V2,0.013994,3,0.009222
A CIFAR@32,42,0,224,Conv3,LOC,0.005822,3,0.003541
A CIFAR@32,42,0,224,FC1,IT,0.008191,3,0.004805
A CIFAR@32,123,1,32,Conv1,V1,0.058927,3,0.040367
A CIFAR@32,123,1,32,Conv1,V2,0.031452,3,0.020595
A CIFAR@32,123,1,32,Conv2,V1,0.059706,3,0.040692
A CIFAR@32,123,1,32,Conv2,V2,0.030468,3,0.020312
A CIFAR@32,123,1,32,Conv3,LOC,0.006553,3,0.004192
A CIFAR@32,123,1,32,FC1,IT,0.008696,3,0.005867
A CIFAR@32,123,1,64,Conv1,V1,0.054586,3,0.037293
A CIFAR@32,123,1,64,Conv1,V2,0.027623,3,0.018011
A CIFAR@32,123,1,64,Conv2,V1,0.050223,3,0.033862
A CIFAR@32,123,1,64,Conv2,V2,0.024061,3,0.016011
A CIFAR@32,123,1,64,Conv3,LOC,0.008134,3,0.004892
A CIFAR@32,123,1,64,FC1,IT,0.009362,3,0.005797
A CIFAR@32,123,1,96,Conv1,V1,0.05207,3,0.035568
A CIFAR@32,123,1,96,Conv1,V2,0.025816,3,0.016825
A CIFAR@32,123,1,96,Conv2,V1,0.043997,3,0.029529
A CIFAR@32,123,1,96,Conv2,V2,0.020463,3,0.013614
A CIFAR@32,123,1,96,Conv3,LOC,0.009252,3,0.005451
A CIFAR@32,123,1,96,FC1,IT,0.010449,3,0.006232
A CIFAR@32,123,1,128,Conv1,V1,0.050729,3,0.034643
A CIFAR@32,123,1,128,Conv1,V2,0.024948,3,0.016236
A CIFAR@32,123,1,128,Conv2,V1,0.040236,3,0.026934
A CIFAR@32,123,1,128,Conv2,V2,0.018637,3,0.01236
A CIFAR@32,123,1,128,Conv3,LOC,0.009369,3,0.005476
A CIFAR@32,123,1,128,FC1,IT,0.010964,3,0.006436
A CIFAR@32,123,1,160,Conv1,V1,0.05026,3,0.034325
A CIFAR@32,123,1,160,Conv1,V2,0.024665,3,0.016053
A CIFAR@32,123,1,160,Conv2,V1,0.038256,3,0.025607
A CIFAR@32,123,1,160,Conv2,V2,0.017873,3,0.011849
A CIFAR@32,123,1,160,Conv3,LOC,0.009699,3,0.005715
A CIFAR@32,123,1,160,FC1,IT,0.011252,3,0.006642
A CIFAR@32,123,1,224,Conv1,V1,0.049739,3,0.03398
A CIFAR@32,123,1,224,Conv1,V2,0.02442,3,0.015891
A CIFAR@32,123,1,224,Conv2,V1,0.035514,3,0.023812
A CIFAR@32,123,1,224,Conv2,V2,0.017061,3,0.011286
A CIFAR@32,123,1,224,Conv3,LOC,0.009264,3,0.005488
A CIFAR@32,123,1,224,FC1,IT,0.011076,3,0.006562
A CIFAR@32,456,2,32,Conv1,V1,0.058658,3,0.040088
A CIFAR@32,456,2,32,Conv1,V2,0.032945,3,0.021625
A CIFAR@32,456,2,32,Conv2,V1,0.060723,3,0.041527
A CIFAR@32,456,2,32,Conv2,V2,0.030959,3,0.020434
A CIFAR@32,456,2,32,Conv3,LOC,0.007672,3,0.005098
A CIFAR@32,456,2,32,FC1,IT,0.007498,3,0.004553
A CIFAR@32,456,2,64,Conv1,V1,0.05349,3,0.036494
A CIFAR@32,456,2,64,Conv1,V2,0.028207,3,0.018486
A CIFAR@32,456,2,64,Conv2,V1,0.051155,3,0.034543
A CIFAR@32,456,2,64,Conv2,V2,0.023218,3,0.015233
A CIFAR@32,456,2,64,Conv3,LOC,0.007964,3,0.005166
A CIFAR@32,456,2,64,FC1,IT,0.009997,3,0.005702
A CIFAR@32,456,2,96,Conv1,V1,0.049894,3,0.034027
A CIFAR@32,456,2,96,Conv1,V2,0.02555,3,0.016778
A CIFAR@32,456,2,96,Conv2,V1,0.044713,3,0.030074
A CIFAR@32,456,2,96,Conv2,V2,0.019121,3,0.012588
A CIFAR@32,456,2,96,Conv3,LOC,0.009247,3,0.005797
A CIFAR@32,456,2,96,FC1,IT,0.01109,3,0.006258
A CIFAR@32,456,2,128,Conv1,V1,0.048136,3,0.032827
A CIFAR@32,456,2,128,Conv1,V2,0.02432,3,0.015986
A CIFAR@32,456,2,128,Conv2,V1,0.041068,3,0.027588
A CIFAR@32,456,2,128,Conv2,V2,0.016947,3,0.011182
A CIFAR@32,456,2,128,Conv3,LOC,0.00991,3,0.006142
A CIFAR@32,456,2,128,FC1,IT,0.012103,3,0.006888
A CIFAR@32,456,2,160,Conv1,V1,0.047372,3,0.032314
A CIFAR@32,456,2,160,Conv1,V2,0.023797,3,0.015653
A CIFAR@32,456,2,160,Conv2,V1,0.039396,3,0.026469
A CIFAR@32,456,2,160,Conv2,V2,0.016118,3,0.010635
A CIFAR@32,456,2,160,Conv3,LOC,0.010194,3,0.006292
A CIFAR@32,456,2,160,FC1,IT,0.012458,3,0.00708
A CIFAR@32,456,2,224,Conv1,V1,0.046646,3,0.031839
A CIFAR@32,456,2,224,Conv1,V2,0.023294,3,0.015334
A CIFAR@32,456,2,224,Conv2,V1,0.03738,3,0.025186
A CIFAR@32,456,2,224,Conv2,V2,0.015428,3,0.010184
A CIFAR@32,456,2,224,Conv3,LOC,0.010236,3,0.006298
A CIFAR@32,456,2,224,FC1,IT,0.012405,3,0.007119
A CIFAR@32,789,3,32,Conv1,V1,0.051815,3,0.03522
A CIFAR@32,789,3,32,Conv1,V2,0.026422,3,0.017453
A CIFAR@32,789,3,32,Conv2,V1,0.051887,3,0.035093
A CIFAR@32,789,3,32,Conv2,V2,0.025437,3,0.01679
A CIFAR@32,789,3,32,Conv3,LOC,0.002734,3,0.002063
A CIFAR@32,789,3,32,FC1,IT,0.006014,3,0.003609
A CIFAR@32,789,3,64,Conv1,V1,0.048268,3,0.032735
A CIFAR@32,789,3,64,Conv1,V2,0.022927,3,0.01513
A CIFAR@32,789,3,64,Conv2,V1,0.046891,3,0.031591
A CIFAR@32,789,3,64,Conv2,V2,0.021447,3,0.014195
A CIFAR@32,789,3,64,Conv3,LOC,0.003281,3,0.002202
A CIFAR@32,789,3,64,FC1,IT,0.00682,3,0.003834
A CIFAR@32,789,3,96,Conv1,V1,0.04631,3,0.031406
A CIFAR@32,789,3,96,Conv1,V2,0.021509,3,0.014199
A CIFAR@32,789,3,96,Conv2,V1,0.044314,3,0.029864
A CIFAR@32,789,3,96,Conv2,V2,0.02032,3,0.013421
A CIFAR@32,789,3,96,Conv3,LOC,0.004831,3,0.003008
A CIFAR@32,789,3,96,FC1,IT,0.006902,3,0.003918
A CIFAR@32,789,3,128,Conv1,V1,0.045414,3,0.030809
A CIFAR@32,789,3,128,Conv1,V2,0.020929,3,0.01381
A CIFAR@32,789,3,128,Conv2,V1,0.042867,3,0.028932
A CIFAR@32,789,3,128,Conv2,V2,0.019791,3,0.013071
A CIFAR@32,789,3,128,Conv3,LOC,0.005397,3,0.003322
A CIFAR@32,789,3,128,FC1,IT,0.006839,3,0.003902
A CIFAR@32,789,3,160,Conv1,V1,0.045242,3,0.030695
A CIFAR@32,789,3,160,Conv1,V2,0.020897,3,0.013787
A CIFAR@32,789,3,160,Conv2,V1,0.042166,3,0.028483
A CIFAR@32,789,3,160,Conv2,V2,0.019667,3,0.012984
A CIFAR@32,789,3,160,Conv3,LOC,0.005687,3,0.003495
A CIFAR@32,789,3,160,FC1,IT,0.006964,3,0.00395
A CIFAR@32,789,3,224,Conv1,V1,0.045334,3,0.030765
A CIFAR@32,789,3,224,Conv1,V2,0.021097,3,0.013914
A CIFAR@32,789,3,224,Conv2,V1,0.041671,3,0.028229
A CIFAR@32,789,3,224,Conv2,V2,0.020048,3,0.013221
A CIFAR@32,789,3,224,Conv3,LOC,0.005572,3,0.003438
A CIFAR@32,789,3,224,FC1,IT,0.007199,3,0.00417
A CIFAR@32,1337,4,32,Conv1,V1,0.081289,3,0.055447
A CIFAR@32,1337,4,32,Conv1,V2,0.045463,3,0.029811
A CIFAR@32,1337,4,32,Conv2,V1,0.07629,3,0.0516
A CIFAR@32,1337,4,32,Conv2,V2,0.039501,3,0.025964
A CIFAR@32,1337,4,32,Conv3,LOC,0.004234,3,0.002661
A CIFAR@32,1337,4,32,FC1,IT,0.008355,3,0.005438
A CIFAR@32,1337,4,64,Conv1,V1,0.072662,3,0.049302
A CIFAR@32,1337,4,64,Conv1,V2,0.038054,3,0.024954
A CIFAR@32,1337,4,64,Conv2,V1,0.06656,3,0.044486
A CIFAR@32,1337,4,64,Conv2,V2,0.031948,3,0.021014
A CIFAR@32,1337,4,64,Conv3,LOC,0.006203,3,0.003734
A CIFAR@32,1337,4,64,FC1,IT,0.007824,3,0.004944
A CIFAR@32,1337,4,96,Conv1,V1,0.067492,3,0.045689
A CIFAR@32,1337,4,96,Conv1,V2,0.034396,3,0.022553
A CIFAR@32,1337,4,96,Conv2,V1,0.059256,3,0.03934
A CIFAR@32,1337,4,96,Conv2,V2,0.0275,3,0.018084
A CIFAR@32,1337,4,96,Conv3,LOC,0.00826,3,0.004828
A CIFAR@32,1337,4,96,FC1,IT,0.009401,3,0.005679
A CIFAR@32,1337,4,128,Conv1,V1,0.064351,3,0.043529
A CIFAR@32,1337,4,128,Conv1,V2,0.032338,3,0.021198
A CIFAR@32,1337,4,128,Conv2,V1,0.054493,3,0.036058
A CIFAR@32,1337,4,128,Conv2,V2,0.024984,3,0.016426
A CIFAR@32,1337,4,128,Conv3,LOC,0.008565,3,0.004963
A CIFAR@32,1337,4,128,FC1,IT,0.010266,3,0.006176
A CIFAR@32,1337,4,160,Conv1,V1,0.062913,3,0.042545
A CIFAR@32,1337,4,160,Conv1,V2,0.031433,3,0.020616
A CIFAR@32,1337,4,160,Conv2,V1,0.05166,3,0.034131
A CIFAR@32,1337,4,160,Conv2,V2,0.023408,3,0.015426
A CIFAR@32,1337,4,160,Conv3,LOC,0.008533,3,0.00495
A CIFAR@32,1337,4,160,FC1,IT,0.01063,3,0.006424
A CIFAR@32,1337,4,224,Conv1,V1,0.060958,3,0.041222
A CIFAR@32,1337,4,224,Conv1,V2,0.030291,3,0.019894
A CIFAR@32,1337,4,224,Conv2,V1,0.047168,3,0.031157
A CIFAR@32,1337,4,224,Conv2,V2,0.021564,3,0.014235
A CIFAR@32,1337,4,224,Conv3,LOC,0.007746,3,0.004494
A CIFAR@32,1337,4,224,FC1,IT,0.010044,3,0.006148
A_aug CIFAR@32,42,0,32,Conv1,V1,0.018787,3,0.012317
A_aug CIFAR@32,42,0,32,Conv1,V2,0.010191,3,0.00675
A_aug CIFAR@32,42,0,32,Conv2,V1,0.010207,3,0.006419
A_aug CIFAR@32,42,0,32,Conv2,V2,0.005266,3,0.003649
A_aug CIFAR@32,42,0,32,Conv3,LOC,0.004359,3,0.002672
A_aug CIFAR@32,42,0,32,FC1,IT,0.010085,3,0.005696
A_aug CIFAR@32,42,0,64,Conv1,V1,0.012934,3,0.008254
A_aug CIFAR@32,42,0,64,Conv1,V2,0.005963,3,0.004021
A_aug CIFAR@32,42,0,64,Conv2,V1,0.003317,3,0.001644
A_aug CIFAR@32,42,0,64,Conv2,V2,0.001021,3,0.000832
A_aug CIFAR@32,42,0,64,Conv3,LOC,0.004665,3,0.002769
A_aug CIFAR@32,42,0,64,FC1,IT,0.009996,3,0.00567
A_aug CIFAR@32,42,0,96,Conv1,V1,0.010668,3,0.006713
A_aug CIFAR@32,42,0,96,Conv1,V2,0.004537,3,0.003101
A_aug CIFAR@32,42,0,96,Conv2,V1,0.00214,3,0.000901
A_aug CIFAR@32,42,0,96,Conv2,V2,0.00122,3,0.000884
A_aug CIFAR@32,42,0,96,Conv3,LOC,0.005377,3,0.003152
A_aug CIFAR@32,42,0,96,FC1,IT,0.00966,3,0.005513
A_aug CIFAR@32,42,0,128,Conv1,V1,0.009418,3,0.005888
A_aug CIFAR@32,42,0,128,Conv1,V2,0.003848,3,0.002648
A_aug CIFAR@32,42,0,128,Conv2,V1,0.002198,3,0.000995
A_aug CIFAR@32,42,0,128,Conv2,V2,0.001898,3,0.001304
A_aug CIFAR@32,42,0,128,Conv3,LOC,0.005305,3,0.003142
A_aug CIFAR@32,42,0,128,FC1,IT,0.009745,3,0.005538
A_aug CIFAR@32,42,0,160,Conv1,V1,0.008927,3,0.005584
A_aug CIFAR@32,42,0,160,Conv1,V2,0.003605,3,0.002498
A_aug CIFAR@32,42,0,160,Conv2,V1,0.002424,3,0.00122
A_aug CIFAR@32,42,0,160,Conv2,V2,0.002328,3,0.001585
A_aug CIFAR@32,42,0,160,Conv3,LOC,0.005163,3,0.00308
A_aug CIFAR@32,42,0,160,FC1,IT,0.008786,3,0.00501
A_aug CIFAR@32,42,0,224,Conv1,V1,0.008257,3,0.005172
A_aug CIFAR@32,42,0,224,Conv1,V2,0.003296,3,0.002303
A_aug CIFAR@32,42,0,224,Conv2,V1,0.003901,3,0.002365
A_aug CIFAR@32,42,0,224,Conv2,V2,0.003657,3,0.002469
A_aug CIFAR@32,42,0,224,Conv3,LOC,0.004586,3,0.002792
A_aug CIFAR@32,42,0,224,FC1,IT,0.007847,3,0.004499
A_aug CIFAR@32,123,1,32,Conv1,V1,0.012895,3,0.008293
A_aug CIFAR@32,123,1,32,Conv1,V2,0.004926,3,0.003334
A_aug CIFAR@32,123,1,32,Conv2,V1,0.021464,3,0.01406
A_aug CIFAR@32,123,1,32,Conv2,V2,0.011411,3,0.007824
A_aug CIFAR@32,123,1,32,Conv3,LOC,0.006746,3,0.004293
A_aug CIFAR@32,123,1,32,FC1,IT,0.010186,3,0.006359
A_aug CIFAR@32,123,1,64,Conv1,V1,0.009492,3,0.00593
A_aug CIFAR@32,123,1,64,Conv1,V2,0.002997,3,0.002024
A_aug CIFAR@32,123,1,64,Conv2,V1,0.013768,3,0.008573
A_aug CIFAR@32,123,1,64,Conv2,V2,0.007305,3,0.005017
A_aug CIFAR@32,123,1,64,Conv3,LOC,0.00761,3,0.004442
A_aug CIFAR@32,123,1,64,FC1,IT,0.010445,3,0.006301
A_aug CIFAR@32,123,1,96,Conv1,V1,0.008484,3,0.005277
A_aug CIFAR@32,123,1,96,Conv1,V2,0.002443,3,0.001662
A_aug CIFAR@32,123,1,96,Conv2,V1,0.011736,3,0.007261
A_aug CIFAR@32,123,1,96,Conv2,V2,0.006821,3,0.004667
A_aug CIFAR@32,123,1,96,Conv3,LOC,0.008558,3,0.004928
A_aug CIFAR@32,123,1,96,FC1,IT,0.011059,3,0.006455
A_aug CIFAR@32,123,1,128,Conv1,V1,0.008152,3,0.00508
A_aug CIFAR@32,123,1,128,Conv1,V2,0.002378,3,0.001602
A_aug CIFAR@32,123,1,128,Conv2,V1,0.010942,3,0.006759
A_aug CIFAR@32,123,1,128,Conv2,V2,0.006763,3,0.004616
A_aug CIFAR@32,123,1,128,Conv3,LOC,0.008439,3,0.004855
A_aug CIFAR@32,123,1,128,FC1,IT,0.011529,3,0.006656
A_aug CIFAR@32,123,1,160,Conv1,V1,0.008248,3,0.005185
A_aug CIFAR@32,123,1,160,Conv1,V2,0.002489,3,0.001677
A_aug CIFAR@32,123,1,160,Conv2,V1,0.010747,3,0.00668
A_aug CIFAR@32,123,1,160,Conv2,V2,0.007064,3,0.004813
A_aug CIFAR@32,123,1,160,Conv3,LOC,0.008462,3,0.004892
A_aug CIFAR@32,123,1,160,FC1,IT,0.011721,3,0.006768
A_aug CIFAR@32,123,1,224,Conv1,V1,0.008586,3,0.005464
A_aug CIFAR@32,123,1,224,Conv1,V2,0.002815,3,0.001884
A_aug CIFAR@32,123,1,224,Conv2,V1,0.011555,3,0.007332
A_aug CIFAR@32,123,1,224,Conv2,V2,0.008103,3,0.00548
A_aug CIFAR@32,123,1,224,Conv3,LOC,0.007982,3,0.004667
A_aug CIFAR@32,123,1,224,FC1,IT,0.011532,3,0.00665
A_aug CIFAR@32,456,2,32,Conv1,V1,0.026461,3,0.017519
A_aug CIFAR@32,456,2,32,Conv1,V2,0.014774,3,0.009716
A_aug CIFAR@32,456,2,32,Conv2,V1,0.024701,3,0.016474
A_aug CIFAR@32,456,2,32,Conv2,V2,0.011417,3,0.00763
A_aug CIFAR@32,456,2,32,Conv3,LOC,0.007859,3,0.005115
A_aug CIFAR@32,456,2,32,FC1,IT,0.007995,3,0.004706
A_aug CIFAR@32,456,2,64,Conv1,V1,0.021382,3,0.01399
A_aug CIFAR@32,456,2,64,Conv1,V2,0.010838,3,0.007162
A_aug CIFAR@32,456,2,64,Conv2,V1,0.016055,3,0.010337
A_aug CIFAR@32,456,2,64,Conv2,V2,0.005235,3,0.003549
A_aug CIFAR@32,456,2,64,Conv3,LOC,0.008497,3,0.005317
A_aug CIFAR@32,456,2,64,FC1,IT,0.010495,3,0.005926
A_aug CIFAR@32,456,2,96,Conv1,V1,0.019198,3,0.012496
A_aug CIFAR@32,456,2,96,Conv1,V2,0.009336,3,0.006193
A_aug CIFAR@32,456,2,96,Conv2,V1,0.012915,3,0.008211
A_aug CIFAR@32,456,2,96,Conv2,V2,0.0038,3,0.002615
A_aug CIFAR@32,456,2,96,Conv3,LOC,0.009907,3,0.006074
A_aug CIFAR@32,456,2,96,FC1,IT,0.011803,3,0.006542
A_aug CIFAR@32,456,2,128,Conv1,V1,0.018326,3,0.011925
A_aug CIFAR@32,456,2,128,Conv1,V2,0.008798,3,0.005841
A_aug CIFAR@32,456,2,128,Conv2,V1,0.0117,3,0.007421
A_aug CIFAR@32,456,2,128,Conv2,V2,0.003351,3,0.002324
A_aug CIFAR@32,456,2,128,Conv3,LOC,0.010394,3,0.006341
A_aug CIFAR@32,456,2,128,FC1,IT,0.01264,3,0.007086
A_aug CIFAR@32,456,2,160,Conv1,V1,0.018012,3,0.011743
A_aug CIFAR@32,456,2,160,Conv1,V2,0.00859,3,0.005709
A_aug CIFAR@32,456,2,160,Conv2,V1,0.011472,3,0.007313
A_aug CIFAR@32,456,2,160,Conv2,V2,0.003431,3,0.002379
A_aug CIFAR@32,456,2,160,Conv3,LOC,0.010402,3,0.006335
A_aug CIFAR@32,456,2,160,FC1,IT,0.012973,3,0.007289
A_aug CIFAR@32,456,2,224,Conv1,V1,0.017696,3,0.011583
A_aug CIFAR@32,456,2,224,Conv1,V2,0.008411,3,0.005602
A_aug CIFAR@32,456,2,224,Conv2,V1,0.011849,3,0.007692
A_aug CIFAR@32,456,2,224,Conv2,V2,0.004058,3,0.002797
A_aug CIFAR@32,456,2,224,Conv3,LOC,0.010172,3,0.0062
A_aug CIFAR@32,456,2,224,FC1,IT,0.012885,3,0.007267
A_aug CIFAR@32,789,3,32,Conv1,V1,0.010167,3,0.006267
A_aug CIFAR@32,789,3,32,Conv1,V2,0.00228,3,0.001693
A_aug CIFAR@32,789,3,32,Conv2,V1,0.014664,3,0.009345
A_aug CIFAR@32,789,3,32,Conv2,V2,0.004975,3,0.003521
A_aug CIFAR@32,789,3,32,Conv3,LOC,0.002509,3,0.001835
A_aug CIFAR@32,789,3,32,FC1,IT,0.006765,3,0.003795
A_aug CIFAR@32,789,3,64,Conv1,V1,0.007906,3,0.004685
A_aug CIFAR@32,789,3,64,Conv1,V2,0.000811,3,0.000679
A_aug CIFAR@32,789,3,64,Conv2,V1,0.012077,3,0.007562
A_aug CIFAR@32,789,3,64,Conv2,V2,0.003783,3,0.002716
A_aug CIFAR@32,789,3,64,Conv3,LOC,0.003655,3,0.002291
A_aug CIFAR@32,789,3,64,FC1,IT,0.006826,3,0.00363
A_aug CIFAR@32,789,3,96,Conv1,V1,0.007416,3,0.004381
A_aug CIFAR@32,789,3,96,Conv1,V2,0.000731,3,0.000599
A_aug CIFAR@32,789,3,96,Conv2,V1,0.012319,3,0.007812
A_aug CIFAR@32,789,3,96,Conv2,V2,0.004943,3,0.003417
A_aug CIFAR@32,789,3,96,Conv3,LOC,0.005224,3,0.003132
A_aug CIFAR@32,789,3,96,FC1,IT,0.006952,3,0.003775
A_aug CIFAR@32,789,3,128,Conv1,V1,0.007579,3,0.004532
A_aug CIFAR@32,789,3,128,Conv1,V2,0.000976,3,0.000739
A_aug CIFAR@32,789,3,128,Conv2,V1,0.012786,3,0.008226
A_aug CIFAR@32,789,3,128,Conv2,V2,0.005657,3,0.00388
A_aug CIFAR@32,789,3,128,Conv3,LOC,0.00545,3,0.003252
A_aug CIFAR@32,789,3,128,FC1,IT,0.006929,3,0.003786
A_aug CIFAR@32,789,3,160,Conv1,V1,0.00797,3,0.004831
A_aug CIFAR@32,789,3,160,Conv1,V2,0.001335,3,0.000973
A_aug CIFAR@32,789,3,160,Conv2,V1,0.01329,3,0.008621
A_aug CIFAR@32,789,3,160,Conv2,V2,0.006214,3,0.004246
A_aug CIFAR@32,789,3,160,Conv3,LOC,0.005413,3,0.003217
A_aug CIFAR@32,789,3,160,FC1,IT,0.006906,3,0.003748
A_aug CIFAR@32,789,3,224,Conv1,V1,0.008816,3,0.00546
A_aug CIFAR@32,789,3,224,Conv1,V2,0.002047,3,0.001444
A_aug CIFAR@32,789,3,224,Conv2,V1,0.014816,3,0.009771
A_aug CIFAR@32,789,3,224,Conv2,V2,0.007668,3,0.00519
A_aug CIFAR@32,789,3,224,Conv3,LOC,0.005071,3,0.003031
A_aug CIFAR@32,789,3,224,FC1,IT,0.006959,3,0.003866
A_aug CIFAR@32,1337,4,32,Conv1,V1,0.034436,3,0.022576
A_aug CIFAR@32,1337,4,32,Conv1,V2,0.016709,3,0.010954
A_aug CIFAR@32,1337,4,32,Conv2,V1,0.026317,3,0.016847
A_aug CIFAR@32,1337,4,32,Conv2,V2,0.012289,3,0.008242
A_aug CIFAR@32,1337,4,32,Conv3,LOC,0.004745,3,0.003053
A_aug CIFAR@32,1337,4,32,FC1,IT,0.007978,3,0.0049
A_aug CIFAR@32,1337,4,64,Conv1,V1,0.025982,3,0.016678
A_aug CIFAR@32,1337,4,64,Conv1,V2,0.010927,3,0.007224
A_aug CIFAR@32,1337,4,64,Conv2,V1,0.015265,3,0.009113
A_aug CIFAR@32,1337,4,64,Conv2,V2,0.005509,3,0.003852
A_aug CIFAR@32,1337,4,64,Conv3,LOC,0.005685,3,0.003269
A_aug CIFAR@32,1337,4,64,FC1,IT,0.007123,3,0.004259
A_aug CIFAR@32,1337,4,96,Conv1,V1,0.021957,3,0.013941
A_aug CIFAR@32,1337,4,96,Conv1,V2,0.008578,3,0.005712
A_aug CIFAR@32,1337,4,96,Conv2,V1,0.010764,3,0.006024
A_aug CIFAR@32,1337,4,96,Conv2,V2,0.004173,3,0.002915
A_aug CIFAR@32,1337,4,96,Conv3,LOC,0.007281,3,0.004136
A_aug CIFAR@32,1337,4,96,FC1,IT,0.008682,3,0.005021
A_aug CIFAR@32,1337,4,128,Conv1,V1,0.020088,3,0.012709
A_aug CIFAR@32,1337,4,128,Conv1,V2,0.007595,3,0.005078
A_aug CIFAR@32,1337,4,128,Conv2,V1,0.008995,3,0.004872
A_aug CIFAR@32,1337,4,128,Conv2,V2,0.003843,3,0.002671
A_aug CIFAR@32,1337,4,128,Conv3,LOC,0.007035,3,0.003988
A_aug CIFAR@32,1337,4,128,FC1,IT,0.009416,3,0.00548
A_aug CIFAR@32,1337,4,160,Conv1,V1,0.019252,3,0.01218
A_aug CIFAR@32,1337,4,160,Conv1,V2,0.007158,3,0.004809
A_aug CIFAR@32,1337,4,160,Conv2,V1,0.007733,3,0.004062
A_aug CIFAR@32,1337,4,160,Conv2,V2,0.003332,3,0.002375
A_aug CIFAR@32,1337,4,160,Conv3,LOC,0.006785,3,0.003841
A_aug CIFAR@32,1337,4,160,FC1,IT,0.009671,3,0.005668
A_aug CIFAR@32,1337,4,224,Conv1,V1,0.018155,3,0.011507
A_aug CIFAR@32,1337,4,224,Conv1,V2,0.006693,3,0.004532
A_aug CIFAR@32,1337,4,224,Conv2,V1,0.006865,3,0.003596
A_aug CIFAR@32,1337,4,224,Conv2,V2,0.003418,3,0.002452
A_aug CIFAR@32,1337,4,224,Conv3,LOC,0.005938,3,0.003399
A_aug CIFAR@32,1337,4,224,FC1,IT,0.009208,3,0.005488
B CIFAR@eval-res,42,0,32,Conv1,V1,0.057077,3,0.038975
B CIFAR@eval-res,42,0,32,Conv1,V2,0.03211,3,0.020927
B CIFAR@eval-res,42,0,32,Conv2,V1,0.048291,3,0.032847
B CIFAR@eval-res,42,0,32,Conv2,V2,0.024663,3,0.01625
B CIFAR@eval-res,42,0,32,Conv3,LOC,0.005851,3,0.003637
B CIFAR@eval-res,42,0,32,FC1,IT,0.010277,3,0.005987
B CIFAR@eval-res,42,0,64,Conv1,V1,0.070244,3,0.04818
B CIFAR@eval-res,42,0,64,Conv1,V2,0.040714,3,0.026634
B CIFAR@eval-res,42,0,64,Conv2,V1,0.106284,3,0.073641
B CIFAR@eval-res,42,0,64,Conv2,V2,0.061334,3,0.040125
B CIFAR@eval-res,42,0,64,Conv3,LOC,-0.001838,3,-0.000341
B CIFAR@eval-res,42,0,64,FC1,IT,0.012404,3,0.007557
B CIFAR@eval-res,42,0,96,Conv1,V1,0.069856,3,0.047873
B CIFAR@eval-res,42,0,96,Conv1,V2,0.040226,3,0.026351
B CIFAR@eval-res,42,0,96,Conv2,V1,0.116464,3,0.080722
B CIFAR@eval-res,42,0,96,Conv2,V2,0.067349,3,0.044134
B CIFAR@eval-res,42,0,96,Conv3,LOC,-0.002984,3,-0.001022
B CIFAR@eval-res,42,0,96,FC1,IT,0.011937,3,0.007348
B CIFAR@eval-res,42,0,128,Conv1,V1,0.069462,3,0.047608
B CIFAR@eval-res,42,0,128,Conv1,V2,0.039903,3,0.026155
B CIFAR@eval-res,42,0,128,Conv2,V1,0.121894,3,0.084532
B CIFAR@eval-res,42,0,128,Conv2,V2,0.071396,3,0.046809
B CIFAR@eval-res,42,0,128,Conv3,LOC,-0.003878,3,-0.001534
B CIFAR@eval-res,42,0,128,FC1,IT,0.011986,3,0.007482
B CIFAR@eval-res,42,0,160,Conv1,V1,0.068448,3,0.046898
B CIFAR@eval-res,42,0,160,Conv1,V2,0.039246,3,0.025729
B CIFAR@eval-res,42,0,160,Conv2,V1,0.12414,3,0.086112
B CIFAR@eval-res,42,0,160,Conv2,V2,0.072943,3,0.047826
B CIFAR@eval-res,42,0,160,Conv3,LOC,-0.004169,3,-0.001634
B CIFAR@eval-res,42,0,160,FC1,IT,0.011942,3,0.007494
B CIFAR@eval-res,42,0,224,Conv1,V1,0.066392,3,0.045491
B CIFAR@eval-res,42,0,224,Conv1,V2,0.037935,3,0.024877
B CIFAR@eval-res,42,0,224,Conv2,V1,0.12477,3,0.086543
B CIFAR@eval-res,42,0,224,Conv2,V2,0.073954,3,0.048474
B CIFAR@eval-res,42,0,224,Conv3,LOC,-0.004645,3,-0.001846
B CIFAR@eval-res,42,0,224,FC1,IT,0.011433,3,0.007265
B CIFAR@eval-res,123,1,32,Conv1,V1,0.058927,3,0.040367
B CIFAR@eval-res,123,1,32,Conv1,V2,0.031452,3,0.020595
B CIFAR@eval-res,123,1,32,Conv2,V1,0.059706,3,0.040692
B CIFAR@eval-res,123,1,32,Conv2,V2,0.030468,3,0.020312
B CIFAR@eval-res,123,1,32,Conv3,LOC,0.006553,3,0.004192
B CIFAR@eval-res,123,1,32,FC1,IT,0.008696,3,0.005867
B CIFAR@eval-res,123,1,64,Conv1,V1,0.063417,3,0.0437
B CIFAR@eval-res,123,1,64,Conv1,V2,0.03485,3,0.022859
B CIFAR@eval-res,123,1,64,Conv2,V1,0.09286,3,0.064504
B CIFAR@eval-res,123,1,64,Conv2,V2,0.050306,3,0.033241
B CIFAR@eval-res,123,1,64,Conv3,LOC,-0.001937,3,-0.000738
B CIFAR@eval-res,123,1,64,FC1,IT,0.005105,3,0.003384
B CIFAR@eval-res,123,1,96,Conv1,V1,0.06194,3,0.042681
B CIFAR@eval-res,123,1,96,Conv1,V2,0.033743,3,0.022134
B CIFAR@eval-res,123,1,96,Conv2,V1,0.09779,3,0.067991
B CIFAR@eval-res,123,1,96,Conv2,V2,0.053192,3,0.035097
B CIFAR@eval-res,123,1,96,Conv3,LOC,-0.003576,3,-0.001711
B CIFAR@eval-res,123,1,96,FC1,IT,0.004241,3,0.002588
B CIFAR@eval-res,123,1,128,Conv1,V1,0.061196,3,0.042189
B CIFAR@eval-res,123,1,128,Conv1,V2,0.033307,3,0.021848
B CIFAR@eval-res,123,1,128,Conv2,V1,0.100546,3,0.070002
B CIFAR@eval-res,123,1,128,Conv2,V2,0.055809,3,0.03679
B CIFAR@eval-res,123,1,128,Conv3,LOC,-0.004464,3,-0.002222
B CIFAR@eval-res,123,1,128,FC1,IT,0.004669,3,0.002599
B CIFAR@eval-res,123,1,160,Conv1,V1,0.059981,3,0.041339
B CIFAR@eval-res,123,1,160,Conv1,V2,0.032543,3,0.021342
B CIFAR@eval-res,123,1,160,Conv2,V1,0.101322,3,0.070572
B CIFAR@eval-res,123,1,160,Conv2,V2,0.056771,3,0.037419
B CIFAR@eval-res,123,1,160,Conv3,LOC,-0.004582,3,-0.00223
B CIFAR@eval-res,123,1,160,FC1,IT,0.005385,3,0.003039
B CIFAR@eval-res,123,1,224,Conv1,V1,0.058061,3,0.04002
B CIFAR@eval-res,123,1,224,Conv1,V2,0.031422,3,0.0206
B CIFAR@eval-res,123,1,224,Conv2,V1,0.100486,3,0.070029
B CIFAR@eval-res,123,1,224,Conv2,V2,0.057122,3,0.037637
B CIFAR@eval-res,123,1,224,Conv3,LOC,-0.004519,3,-0.002117
B CIFAR@eval-res,123,1,224,FC1,IT,0.005985,3,0.003428
B CIFAR@eval-res,456,2,32,Conv1,V1,0.058658,3,0.040088
B CIFAR@eval-res,456,2,32,Conv1,V2,0.032945,3,0.021625
B CIFAR@eval-res,456,2,32,Conv2,V1,0.060723,3,0.041527
B CIFAR@eval-res,456,2,32,Conv2,V2,0.030959,3,0.020434
B CIFAR@eval-res,456,2,32,Conv3,LOC,0.007672,3,0.005098
B CIFAR@eval-res,456,2,32,FC1,IT,0.007498,3,0.004553
B CIFAR@eval-res,456,2,64,Conv1,V1,0.072828,3,0.050149
B CIFAR@eval-res,456,2,64,Conv1,V2,0.042832,3,0.028227
B CIFAR@eval-res,456,2,64,Conv2,V1,0.097105,3,0.067538
B CIFAR@eval-res,456,2,64,Conv2,V2,0.055291,3,0.036582
B CIFAR@eval-res,456,2,64,Conv3,LOC,0.002212,3,0.002116
B CIFAR@eval-res,456,2,64,FC1,IT,0.008099,3,0.004797
B CIFAR@eval-res,456,2,96,Conv1,V1,0.076279,3,0.05259
B CIFAR@eval-res,456,2,96,Conv1,V2,0.044903,3,0.029633
B CIFAR@eval-res,456,2,96,Conv2,V1,0.103999,3,0.072509
B CIFAR@eval-res,456,2,96,Conv2,V2,0.060099,3,0.039882
B CIFAR@eval-res,456,2,96,Conv3,LOC,0.000293,3,0.000865
B CIFAR@eval-res,456,2,96,FC1,IT,0.007867,3,0.004501
B CIFAR@eval-res,456,2,128,Conv1,V1,0.080156,3,0.055356
B CIFAR@eval-res,456,2,128,Conv1,V2,0.047532,3,0.031397
B CIFAR@eval-res,456,2,128,Conv2,V1,0.107682,3,0.075208
B CIFAR@eval-res,456,2,128,Conv2,V2,0.063632,3,0.042265
B CIFAR@eval-res,456,2,128,Conv3,LOC,-0.001011,3,5.5e-05
B CIFAR@eval-res,456,2,128,FC1,IT,0.008735,3,0.004999
B CIFAR@eval-res,456,2,160,Conv1,V1,0.082051,3,0.05671
B CIFAR@eval-res,456,2,160,Conv1,V2,0.04894,3,0.032327
B CIFAR@eval-res,456,2,160,Conv2,V1,0.109577,3,0.076582
B CIFAR@eval-res,456,2,160,Conv2,V2,0.065569,3,0.043531
B CIFAR@eval-res,456,2,160,Conv3,LOC,-0.001444,3,-0.000207
B CIFAR@eval-res,456,2,160,FC1,IT,0.00897,3,0.005113
B CIFAR@eval-res,456,2,224,Conv1,V1,0.084532,3,0.058531
B CIFAR@eval-res,456,2,224,Conv1,V2,0.050877,3,0.033615
B CIFAR@eval-res,456,2,224,Conv2,V1,0.110005,3,0.076978
B CIFAR@eval-res,456,2,224,Conv2,V2,0.06729,3,0.044648
B CIFAR@eval-res,456,2,224,Conv3,LOC,-0.00174,3,-0.000338
B CIFAR@eval-res,456,2,224,FC1,IT,0.009505,3,0.005598
B CIFAR@eval-res,789,3,32,Conv1,V1,0.051815,3,0.03522
B CIFAR@eval-res,789,3,32,Conv1,V2,0.026422,3,0.017453
B CIFAR@eval-res,789,3,32,Conv2,V1,0.051887,3,0.035093
B CIFAR@eval-res,789,3,32,Conv2,V2,0.025437,3,0.01679
B CIFAR@eval-res,789,3,32,Conv3,LOC,0.002734,3,0.002063
B CIFAR@eval-res,789,3,32,FC1,IT,0.006014,3,0.003609
B CIFAR@eval-res,789,3,64,Conv1,V1,0.057677,3,0.039443
B CIFAR@eval-res,789,3,64,Conv1,V2,0.030651,3,0.020255
B CIFAR@eval-res,789,3,64,Conv2,V1,0.086255,3,0.059665
B CIFAR@eval-res,789,3,64,Conv2,V2,0.048922,3,0.032247
B CIFAR@eval-res,789,3,64,Conv3,LOC,1.6e-05,3,0.000531
B CIFAR@eval-res,789,3,64,FC1,IT,0.007019,3,0.004049
B CIFAR@eval-res,789,3,96,Conv1,V1,0.057785,3,0.039528
B CIFAR@eval-res,789,3,96,Conv1,V2,0.030607,3,0.0202
B CIFAR@eval-res,789,3,96,Conv2,V1,0.093414,3,0.064772
B CIFAR@eval-res,789,3,96,Conv2,V2,0.053575,3,0.035315
B CIFAR@eval-res,789,3,96,Conv3,LOC,-0.001026,3,-0.000214
B CIFAR@eval-res,789,3,96,FC1,IT,0.005987,3,0.003349
B CIFAR@eval-res,789,3,128,Conv1,V1,0.058136,3,0.039804
B CIFAR@eval-res,789,3,128,Conv1,V2,0.030898,3,0.020381
B CIFAR@eval-res,789,3,128,Conv2,V1,0.097536,3,0.067729
B CIFAR@eval-res,789,3,128,Conv2,V2,0.057029,3,0.037594
B CIFAR@eval-res,789,3,128,Conv3,LOC,-0.001673,3,-0.000602
B CIFAR@eval-res,789,3,128,FC1,IT,0.00605,3,0.003427
B CIFAR@eval-res,789,3,160,Conv1,V1,0.057558,3,0.039391
B CIFAR@eval-res,789,3,160,Conv1,V2,0.030589,3,0.020166
B CIFAR@eval-res,789,3,160,Conv2,V1,0.099007,3,0.068751
B CIFAR@eval-res,789,3,160,Conv2,V2,0.058448,3,0.038509
B CIFAR@eval-res,789,3,160,Conv3,LOC,-0.002005,3,-0.000758
B CIFAR@eval-res,789,3,160,FC1,IT,0.00643,3,0.003574
B CIFAR@eval-res,789,3,224,Conv1,V1,0.056382,3,0.038567
B CIFAR@eval-res,789,3,224,Conv1,V2,0.029917,3,0.019707
B CIFAR@eval-res,789,3,224,Conv2,V1,0.099758,3,0.069283
B CIFAR@eval-res,789,3,224,Conv2,V2,0.059755,3,0.039323
B CIFAR@eval-res,789,3,224,Conv3,LOC,-0.002089,3,-0.000736
B CIFAR@eval-res,789,3,224,FC1,IT,0.0065,3,0.003664
B CIFAR@eval-res,1337,4,32,Conv1,V1,0.081289,3,0.055447
B CIFAR@eval-res,1337,4,32,Conv1,V2,0.045463,3,0.029811
B CIFAR@eval-res,1337,4,32,Conv2,V1,0.07629,3,0.0516
B CIFAR@eval-res,1337,4,32,Conv2,V2,0.039501,3,0.025964
B CIFAR@eval-res,1337,4,32,Conv3,LOC,0.004234,3,0.002661
B CIFAR@eval-res,1337,4,32,FC1,IT,0.008355,3,0.005438
B CIFAR@eval-res,1337,4,64,Conv1,V1,0.097245,3,0.066574
B CIFAR@eval-res,1337,4,64,Conv1,V2,0.057631,3,0.037856
B CIFAR@eval-res,1337,4,64,Conv2,V1,0.12215,3,0.084287
B CIFAR@eval-res,1337,4,64,Conv2,V2,0.069884,3,0.045805
B CIFAR@eval-res,1337,4,64,Conv3,LOC,-0.003431,3,-0.00169
B CIFAR@eval-res,1337,4,64,FC1,IT,0.006947,3,0.004411
B CIFAR@eval-res,1337,4,96,Conv1,V1,0.098461,3,0.067339
B CIFAR@eval-res,1337,4,96,Conv1,V2,0.058645,3,0.038528
B CIFAR@eval-res,1337,4,96,Conv2,V1,0.128117,3,0.088521
B CIFAR@eval-res,1337,4,96,Conv2,V2,0.074166,3,0.048655
B CIFAR@eval-res,1337,4,96,Conv3,LOC,-0.004423,3,-0.002281
B CIFAR@eval-res,1337,4,96,FC1,IT,0.007359,3,0.004398
B CIFAR@eval-res,1337,4,128,Conv1,V1,0.098819,3,0.067571
B CIFAR@eval-res,1337,4,128,Conv1,V2,0.059115,3,0.038844
B CIFAR@eval-res,1337,4,128,Conv2,V1,0.130593,3,0.090338
B CIFAR@eval-res,1337,4,128,Conv2,V2,0.076828,3,0.050458
B CIFAR@eval-res,1337,4,128,Conv3,LOC,-0.00527,3,-0.00275
B CIFAR@eval-res,1337,4,128,FC1,IT,0.008018,3,0.004714
B CIFAR@eval-res,1337,4,160,Conv1,V1,0.09802,3,0.066993
B CIFAR@eval-res,1337,4,160,Conv1,V2,0.058674,3,0.038555
B CIFAR@eval-res,1337,4,160,Conv2,V1,0.131645,3,0.091112
B CIFAR@eval-res,1337,4,160,Conv2,V2,0.077873,3,0.05119
B CIFAR@eval-res,1337,4,160,Conv3,LOC,-0.005471,3,-0.002799
B CIFAR@eval-res,1337,4,160,FC1,IT,0.008186,3,0.004856
B CIFAR@eval-res,1337,4,224,Conv1,V1,0.095443,3,0.065201
B CIFAR@eval-res,1337,4,224,Conv1,V2,0.057051,3,0.037498
B CIFAR@eval-res,1337,4,224,Conv2,V1,0.131071,3,0.090757
B CIFAR@eval-res,1337,4,224,Conv2,V2,0.078287,3,0.051455
B CIFAR@eval-res,1337,4,224,Conv3,LOC,-0.005743,3,-0.002854
B CIFAR@eval-res,1337,4,224,FC1,IT,0.00835,3,0.00504
C THINGS-disjoint@32,42,0,32,Conv1,V1,0.060954,3,0.042298
C THINGS-disjoint@32,42,0,32,Conv1,V2,0.032886,3,0.021847
C THINGS-disjoint@32,42,0,32,Conv2,V1,0.051236,3,0.035223
C THINGS-disjoint@32,42,0,32,Conv2,V2,0.02504,3,0.016794
C THINGS-disjoint@32,42,0,32,Conv3,LOC,0.005716,3,0.003564
C THINGS-disjoint@32,42,0,32,FC1,IT,0.009332,3,0.00533
C THINGS-disjoint@32,42,0,64,Conv1,V1,0.056125,3,0.038917
C THINGS-disjoint@32,42,0,64,Conv1,V2,0.02873,3,0.019215
C THINGS-disjoint@32,42,0,64,Conv2,V1,0.046198,3,0.031595
C THINGS-disjoint@32,42,0,64,Conv2,V2,0.021696,3,0.014623
C THINGS-disjoint@32,42,0,64,Conv3,LOC,0.006515,3,0.004017
C THINGS-disjoint@32,42,0,64,FC1,IT,0.008807,3,0.004982
C THINGS-disjoint@32,42,0,96,Conv1,V1,0.053552,3,0.037095
C THINGS-disjoint@32,42,0,96,Conv1,V2,0.026882,3,0.018054
C THINGS-disjoint@32,42,0,96,Conv2,V1,0.042723,3,0.02913
C THINGS-disjoint@32,42,0,96,Conv2,V2,0.019936,3,0.013409
C THINGS-disjoint@32,42,0,96,Conv3,LOC,0.007044,3,0.004252
C THINGS-disjoint@32,42,0,96,FC1,IT,0.008756,3,0.004963
C THINGS-disjoint@32,42,0,128,Conv1,V1,0.051974,3,0.035992
C THINGS-disjoint@32,42,0,128,Conv1,V2,0.025822,3,0.017365
C THINGS-disjoint@32,42,0,128,Conv2,V1,0.040356,3,0.02751
C THINGS-disjoint@32,42,0,128,Conv2,V2,0.018952,3,0.01275
C THINGS-disjoint@32,42,0,128,Conv3,LOC,0.007173,3,0.004303
C THINGS-disjoint@32,42,0,128,FC1,IT,0.009022,3,0.005112
C THINGS-disjoint@32,42,0,160,Conv1,V1,0.051165,3,0.035424
C THINGS-disjoint@32,42,0,160,Conv1,V2,0.025261,3,0.017001
C THINGS-disjoint@32,42,0,160,Conv2,V1,0.039342,3,0.026841
C THINGS-disjoint@32,42,0,160,Conv2,V2,0.018533,3,0.012454
C THINGS-disjoint@32,42,0,160,Conv3,LOC,0.006955,3,0.004176
C THINGS-disjoint@32,42,0,160,FC1,IT,0.008389,3,0.004772
C THINGS-disjoint@32,42,0,224,Conv1,V1,0.050268,3,0.034809
C THINGS-disjoint@32,42,0,224,Conv1,V2,0.024669,3,0.016605
C THINGS-disjoint@32,42,0,224,Conv2,V1,0.038424,3,0.026287
C THINGS-disjoint@32,42,0,224,Conv2,V2,0.018519,3,0.01241
C THINGS-disjoint@32,42,0,224,Conv3,LOC,0.006218,3,0.003721
C THINGS-disjoint@32,42,0,224,FC1,IT,0.007914,3,0.004539
C THINGS-disjoint@32,123,1,32,Conv1,V1,0.069077,3,0.047889
C THINGS-disjoint@32,123,1,32,Conv1,V2,0.037019,3,0.024595
C THINGS-disjoint@32,123,1,32,Conv2,V1,0.063913,3,0.043785
C THINGS-disjoint@32,123,1,32,Conv2,V2,0.031825,3,0.021345
C THINGS-disjoint@32,123,1,32,Conv3,LOC,0.005371,3,0.003417
C THINGS-disjoint@32,123,1,32,FC1,IT,0.008143,3,0.005269
C THINGS-disjoint@32,123,1,64,Conv1,V1,0.066103,3,0.045756
C THINGS-disjoint@32,123,1,64,Conv1,V2,0.033999,3,0.022595
C THINGS-disjoint@32,123,1,64,Conv2,V1,0.057814,3,0.039337
C THINGS-disjoint@32,123,1,64,Conv2,V2,0.027147,3,0.018226
C THINGS-disjoint@32,123,1,64,Conv3,LOC,0.007781,3,0.004707
C THINGS-disjoint@32,123,1,64,FC1,IT,0.007695,3,0.004758
C THINGS-disjoint@32,123,1,96,Conv1,V1,0.063704,3,0.044043
C THINGS-disjoint@32,123,1,96,Conv1,V2,0.032109,3,0.021365
C THINGS-disjoint@32,123,1,96,Conv2,V1,0.051507,3,0.034847
C THINGS-disjoint@32,123,1,96,Conv2,V2,0.023333,3,0.015679
C THINGS-disjoint@32,123,1,96,Conv3,LOC,0.009223,3,0.005493
C THINGS-disjoint@32,123,1,96,FC1,IT,0.008706,3,0.005115
C THINGS-disjoint@32,123,1,128,Conv1,V1,0.062309,3,0.043046
C THINGS-disjoint@32,123,1,128,Conv1,V2,0.031065,3,0.020663
C THINGS-disjoint@32,123,1,128,Conv2,V1,0.047153,3,0.031801
C THINGS-disjoint@32,123,1,128,Conv2,V2,0.021008,3,0.01411
C THINGS-disjoint@32,123,1,128,Conv3,LOC,0.00947,3,0.005565
C THINGS-disjoint@32,123,1,128,FC1,IT,0.009356,3,0.005425
C THINGS-disjoint@32,123,1,160,Conv1,V1,0.061642,3,0.042573
C THINGS-disjoint@32,123,1,160,Conv1,V2,0.030555,3,0.020324
C THINGS-disjoint@32,123,1,160,Conv2,V1,0.0447,3,0.03013
C THINGS-disjoint@32,123,1,160,Conv2,V2,0.019847,3,0.013336
C THINGS-disjoint@32,123,1,160,Conv3,LOC,0.009883,3,0.005842
C THINGS-disjoint@32,123,1,160,FC1,IT,0.009723,3,0.005657
C THINGS-disjoint@32,123,1,224,Conv1,V1,0.060891,3,0.042053
C THINGS-disjoint@32,123,1,224,Conv1,V2,0.030004,3,0.019948
C THINGS-disjoint@32,123,1,224,Conv2,V1,0.041214,3,0.027799
C THINGS-disjoint@32,123,1,224,Conv2,V2,0.018458,3,0.012377
C THINGS-disjoint@32,123,1,224,Conv3,LOC,0.00955,3,0.005645
C THINGS-disjoint@32,123,1,224,FC1,IT,0.009633,3,0.005626
C THINGS-disjoint@32,456,2,32,Conv1,V1,0.060031,3,0.041706
C THINGS-disjoint@32,456,2,32,Conv1,V2,0.032186,3,0.021528
C THINGS-disjoint@32,456,2,32,Conv2,V1,0.060571,3,0.041844
C THINGS-disjoint@32,456,2,32,Conv2,V2,0.030405,3,0.020384
C THINGS-disjoint@32,456,2,32,Conv3,LOC,0.006592,3,0.00429
C THINGS-disjoint@32,456,2,32,FC1,IT,0.006552,3,0.003364
C THINGS-disjoint@32,456,2,64,Conv1,V1,0.055535,3,0.038591
C THINGS-disjoint@32,456,2,64,Conv1,V2,0.028301,3,0.019015
C THINGS-disjoint@32,456,2,64,Conv2,V1,0.052642,3,0.036031
C THINGS-disjoint@32,456,2,64,Conv2,V2,0.024179,3,0.016177
C THINGS-disjoint@32,456,2,64,Conv3,LOC,0.008293,3,0.00523
C THINGS-disjoint@32,456,2,64,FC1,IT,0.008565,3,0.00445
C THINGS-disjoint@32,456,2,96,Conv1,V1,0.052526,3,0.036473
C THINGS-disjoint@32,456,2,96,Conv1,V2,0.026006,3,0.017532
C THINGS-disjoint@32,456,2,96,Conv2,V1,0.045874,3,0.031246
C THINGS-disjoint@32,456,2,96,Conv2,V2,0.01958,3,0.013169
C THINGS-disjoint@32,456,2,96,Conv3,LOC,0.00947,3,0.005835
C THINGS-disjoint@32,456,2,96,FC1,IT,0.009797,3,0.005115
C THINGS-disjoint@32,456,2,128,Conv1,V1,0.050913,3,0.035344
C THINGS-disjoint@32,456,2,128,Conv1,V2,0.024748,3,0.016717
C THINGS-disjoint@32,456,2,128,Conv2,V1,0.04153,3,0.02821
C THINGS-disjoint@32,456,2,128,Conv2,V2,0.016797,3,0.011354
C THINGS-disjoint@32,456,2,128,Conv3,LOC,0.010031,3,0.006108
C THINGS-disjoint@32,456,2,128,FC1,IT,0.010718,3,0.005674
C THINGS-disjoint@32,456,2,160,Conv1,V1,0.050084,3,0.034772
C THINGS-disjoint@32,456,2,160,Conv1,V2,0.024089,3,0.016294
C THINGS-disjoint@32,456,2,160,Conv2,V1,0.039359,3,0.026714
C THINGS-disjoint@32,456,2,160,Conv2,V2,0.015473,3,0.010472
C THINGS-disjoint@32,456,2,160,Conv3,LOC,0.01017,3,0.006142
C THINGS-disjoint@32,456,2,160,FC1,IT,0.010991,3,0.005854
C THINGS-disjoint@32,456,2,224,Conv1,V1,0.049366,3,0.034297
C THINGS-disjoint@32,456,2,224,Conv1,V2,0.023477,3,0.015895
C THINGS-disjoint@32,456,2,224,Conv2,V1,0.036721,3,0.024956
C THINGS-disjoint@32,456,2,224,Conv2,V2,0.014152,3,0.009583
C THINGS-disjoint@32,456,2,224,Conv3,LOC,0.010034,3,0.006004
C THINGS-disjoint@32,456,2,224,FC1,IT,0.010993,3,0.00598
C THINGS-disjoint@32,789,3,32,Conv1,V1,0.060439,3,0.041763
C THINGS-disjoint@32,789,3,32,Conv1,V2,0.03174,3,0.021268
C THINGS-disjoint@32,789,3,32,Conv2,V1,0.055095,3,0.037706
C THINGS-disjoint@32,789,3,32,Conv2,V2,0.025981,3,0.017346
C THINGS-disjoint@32,789,3,32,Conv3,LOC,0.002466,3,0.001864
C THINGS-disjoint@32,789,3,32,FC1,IT,0.005104,3,0.002864
C THINGS-disjoint@32,789,3,64,Conv1,V1,0.059199,3,0.040851
C THINGS-disjoint@32,789,3,64,Conv1,V2,0.029887,3,0.020037
C THINGS-disjoint@32,789,3,64,Conv2,V1,0.052962,3,0.036139
C THINGS-disjoint@32,789,3,64,Conv2,V2,0.023642,3,0.015869
C THINGS-disjoint@32,789,3,64,Conv3,LOC,0.003866,3,0.002539
C THINGS-disjoint@32,789,3,64,FC1,IT,0.006417,3,0.0035
C THINGS-disjoint@32,789,3,96,Conv1,V1,0.057668,3,0.039734
C THINGS-disjoint@32,789,3,96,Conv1,V2,0.028539,3,0.019162
C THINGS-disjoint@32,789,3,96,Conv2,V1,0.049925,3,0.03399
C THINGS-disjoint@32,789,3,96,Conv2,V2,0.021729,3,0.014596
C THINGS-disjoint@32,789,3,96,Conv3,LOC,0.005618,3,0.003501
C THINGS-disjoint@32,789,3,96,FC1,IT,0.006749,3,0.003705
C THINGS-disjoint@32,789,3,128,Conv1,V1,0.056753,3,0.039067
C THINGS-disjoint@32,789,3,128,Conv1,V2,0.027825,3,0.018694
C THINGS-disjoint@32,789,3,128,Conv2,V1,0.04783,3,0.032528
C THINGS-disjoint@32,789,3,128,Conv2,V2,0.020554,3,0.013817
C THINGS-disjoint@32,789,3,128,Conv3,LOC,0.006225,3,0.003817
C THINGS-disjoint@32,789,3,128,FC1,IT,0.006611,3,0.003645
C THINGS-disjoint@32,789,3,160,Conv1,V1,0.056361,3,0.03877
C THINGS-disjoint@32,789,3,160,Conv1,V2,0.027539,3,0.018506
C THINGS-disjoint@32,789,3,160,Conv2,V1,0.0466,3,0.031679
C THINGS-disjoint@32,789,3,160,Conv2,V2,0.019963,3,0.013414
C THINGS-disjoint@32,789,3,160,Conv3,LOC,0.006746,3,0.004104
C THINGS-disjoint@32,789,3,160,FC1,IT,0.006932,3,0.003834
C THINGS-disjoint@32,789,3,224,Conv1,V1,0.056098,3,0.038562
C THINGS-disjoint@32,789,3,224,Conv1,V2,0.027317,3,0.018347
C THINGS-disjoint@32,789,3,224,Conv2,V1,0.045219,3,0.030773
C THINGS-disjoint@32,789,3,224,Conv2,V2,0.019608,3,0.013143
C THINGS-disjoint@32,789,3,224,Conv3,LOC,0.006861,3,0.004142
C THINGS-disjoint@32,789,3,224,FC1,IT,0.007375,3,0.004165
C THINGS-disjoint@32,1337,4,32,Conv1,V1,0.081086,3,0.055685
C THINGS-disjoint@32,1337,4,32,Conv1,V2,0.044368,3,0.029365
C THINGS-disjoint@32,1337,4,32,Conv2,V1,0.079755,3,0.054224
C THINGS-disjoint@32,1337,4,32,Conv2,V2,0.040398,3,0.026729
C THINGS-disjoint@32,1337,4,32,Conv3,LOC,0.003469,3,0.002165
C THINGS-disjoint@32,1337,4,32,FC1,IT,0.008369,3,0.005215
C THINGS-disjoint@32,1337,4,64,Conv1,V1,0.0741,3,0.050679
C THINGS-disjoint@32,1337,4,64,Conv1,V2,0.037984,3,0.025199
C THINGS-disjoint@32,1337,4,64,Conv2,V1,0.07136,3,0.048017
C THINGS-disjoint@32,1337,4,64,Conv2,V2,0.03354,3,0.022241
C THINGS-disjoint@32,1337,4,64,Conv3,LOC,0.005188,3,0.003138
C THINGS-disjoint@32,1337,4,64,FC1,IT,0.007395,3,0.004547
C THINGS-disjoint@32,1337,4,96,Conv1,V1,0.069462,3,0.047365
C THINGS-disjoint@32,1337,4,96,Conv1,V2,0.03446,3,0.022905
C THINGS-disjoint@32,1337,4,96,Conv2,V1,0.064136,3,0.042869
C THINGS-disjoint@32,1337,4,96,Conv2,V2,0.028949,3,0.019207
C THINGS-disjoint@32,1337,4,96,Conv3,LOC,0.007185,3,0.004241
C THINGS-disjoint@32,1337,4,96,FC1,IT,0.008879,3,0.00529
C THINGS-disjoint@32,1337,4,128,Conv1,V1,0.066413,3,0.045231
C THINGS-disjoint@32,1337,4,128,Conv1,V2,0.032362,3,0.021527
C THINGS-disjoint@32,1337,4,128,Conv2,V1,0.059317,3,0.039498
C THINGS-disjoint@32,1337,4,128,Conv2,V2,0.026256,3,0.017419
C THINGS-disjoint@32,1337,4,128,Conv3,LOC,0.007621,3,0.004466
C THINGS-disjoint@32,1337,4,128,FC1,IT,0.009495,3,0.005649
C THINGS-disjoint@32,1337,4,160,Conv1,V1,0.064849,3,0.044133
C THINGS-disjoint@32,1337,4,160,Conv1,V2,0.031296,3,0.020832
C THINGS-disjoint@32,1337,4,160,Conv2,V1,0.056435,3,0.037512
C THINGS-disjoint@32,1337,4,160,Conv2,V2,0.024606,3,0.01635
C THINGS-disjoint@32,1337,4,160,Conv3,LOC,0.007741,3,0.004543
C THINGS-disjoint@32,1337,4,160,FC1,IT,0.009947,3,0.005954
C THINGS-disjoint@32,1337,4,224,Conv1,V1,0.062828,3,0.042745
C THINGS-disjoint@32,1337,4,224,Conv1,V2,0.030011,3,0.019991
C THINGS-disjoint@32,1337,4,224,Conv2,V1,0.05194,3,0.034497
C THINGS-disjoint@32,1337,4,224,Conv2,V2,0.022692,3,0.015087
C THINGS-disjoint@32,1337,4,224,Conv3,LOC,0.007159,3,0.004191
C THINGS-disjoint@32,1337,4,224,FC1,IT,0.009471,3,0.00575
C_leak THINGS-720@32,42,0,32,Conv1,V1,0.045854,3,0.031554
C_leak THINGS-720@32,42,0,32,Conv1,V2,0.023115,3,0.015301
C_leak THINGS-720@32,42,0,32,Conv2,V1,0.038827,3,0.026602
C_leak THINGS-720@32,42,0,32,Conv2,V2,0.017572,3,0.011861
C_leak THINGS-720@32,42,0,32,Conv3,LOC,0.006249,3,0.003807
C_leak THINGS-720@32,42,0,32,FC1,IT,0.009628,3,0.005444
C_leak THINGS-720@32,42,0,64,Conv1,V1,0.040041,3,0.027496
C_leak THINGS-720@32,42,0,64,Conv1,V2,0.018357,3,0.012264
C_leak THINGS-720@32,42,0,64,Conv2,V1,0.033729,3,0.022941
C_leak THINGS-720@32,42,0,64,Conv2,V2,0.014098,3,0.00961
C_leak THINGS-720@32,42,0,64,Conv3,LOC,0.006838,3,0.004183
C_leak THINGS-720@32,42,0,64,FC1,IT,0.009202,3,0.005192
C_leak THINGS-720@32,42,0,96,Conv1,V1,0.037181,3,0.025504
C_leak THINGS-720@32,42,0,96,Conv1,V2,0.016433,3,0.011059
C_leak THINGS-720@32,42,0,96,Conv2,V1,0.030305,3,0.020532
C_leak THINGS-720@32,42,0,96,Conv2,V2,0.012264,3,0.008371
C_leak THINGS-720@32,42,0,96,Conv3,LOC,0.007391,3,0.004446
C_leak THINGS-720@32,42,0,96,FC1,IT,0.008935,3,0.005056
C_leak THINGS-720@32,42,0,128,Conv1,V1,0.035647,3,0.024456
C_leak THINGS-720@32,42,0,128,Conv1,V2,0.015502,3,0.010465
C_leak THINGS-720@32,42,0,128,Conv2,V1,0.028121,3,0.019048
C_leak THINGS-720@32,42,0,128,Conv2,V2,0.01136,3,0.007776
C_leak THINGS-720@32,42,0,128,Conv3,LOC,0.007511,3,0.004498
C_leak THINGS-720@32,42,0,128,FC1,IT,0.009175,3,0.005193
C_leak THINGS-720@32,42,0,160,Conv1,V1,0.034916,3,0.023963
C_leak THINGS-720@32,42,0,160,Conv1,V2,0.015048,3,0.010179
C_leak THINGS-720@32,42,0,160,Conv2,V1,0.027291,3,0.018512
C_leak THINGS-720@32,42,0,160,Conv2,V2,0.01107,3,0.007561
C_leak THINGS-720@32,42,0,160,Conv3,LOC,0.007257,3,0.004355
C_leak THINGS-720@32,42,0,160,FC1,IT,0.008496,3,0.004827
C_leak THINGS-720@32,42,0,224,Conv1,V1,0.034144,3,0.02346
C_leak THINGS-720@32,42,0,224,Conv1,V2,0.014599,3,0.009892
C_leak THINGS-720@32,42,0,224,Conv2,V1,0.026598,3,0.018122
C_leak THINGS-720@32,42,0,224,Conv2,V2,0.011191,3,0.007598
C_leak THINGS-720@32,42,0,224,Conv3,LOC,0.006474,3,0.003878
C_leak THINGS-720@32,42,0,224,FC1,IT,0.007974,3,0.00457
C_leak THINGS-720@32,123,1,32,Conv1,V1,0.052782,3,0.036231
C_leak THINGS-720@32,123,1,32,Conv1,V2,0.026562,3,0.017576
C_leak THINGS-720@32,123,1,32,Conv2,V1,0.049535,3,0.033801
C_leak THINGS-720@32,123,1,32,Conv2,V2,0.022266,3,0.015085
C_leak THINGS-720@32,123,1,32,Conv3,LOC,0.006286,3,0.003854
C_leak THINGS-720@32,123,1,32,FC1,IT,0.008167,3,0.005218
C_leak THINGS-720@32,123,1,64,Conv1,V1,0.048286,3,0.033049
C_leak THINGS-720@32,123,1,64,Conv1,V2,0.022567,3,0.014934
C_leak THINGS-720@32,123,1,64,Conv2,V1,0.04347,3,0.029442
C_leak THINGS-720@32,123,1,64,Conv2,V2,0.017645,3,0.012049
C_leak THINGS-720@32,123,1,64,Conv3,LOC,0.008249,3,0.004931
C_leak THINGS-720@32,123,1,64,FC1,IT,0.007455,3,0.004564
C_leak THINGS-720@32,123,1,96,Conv1,V1,0.045203,3,0.030905
C_leak THINGS-720@32,123,1,96,Conv1,V2,0.020417,3,0.013549
C_leak THINGS-720@32,123,1,96,Conv2,V1,0.037372,3,0.025122
C_leak THINGS-720@32,123,1,96,Conv2,V2,0.013986,3,0.009621
C_leak THINGS-720@32,123,1,96,Conv3,LOC,0.009513,3,0.005656
C_leak THINGS-720@32,123,1,96,FC1,IT,0.008478,3,0.004944
C_leak THINGS-720@32,123,1,128,Conv1,V1,0.04361,3,0.029812
C_leak THINGS-720@32,123,1,128,Conv1,V2,0.019406,3,0.012883
C_leak THINGS-720@32,123,1,128,Conv2,V1,0.033185,3,0.022212
C_leak THINGS-720@32,123,1,128,Conv2,V2,0.011798,3,0.008158
C_leak THINGS-720@32,123,1,128,Conv3,LOC,0.009725,3,0.005725
C_leak THINGS-720@32,123,1,128,FC1,IT,0.00902,3,0.005157
C_leak THINGS-720@32,123,1,160,Conv1,V1,0.042908,3,0.029346
C_leak THINGS-720@32,123,1,160,Conv1,V2,0.018955,3,0.012591
C_leak THINGS-720@32,123,1,160,Conv2,V1,0.03095,3,0.020692
C_leak THINGS-720@32,123,1,160,Conv2,V2,0.010782,3,0.007475
C_leak THINGS-720@32,123,1,160,Conv3,LOC,0.010082,3,0.005981
C_leak THINGS-720@32,123,1,160,FC1,IT,0.009365,3,0.005383
C_leak THINGS-720@32,123,1,224,Conv1,V1,0.042172,3,0.028872
C_leak THINGS-720@32,123,1,224,Conv1,V2,0.018506,3,0.012294
C_leak THINGS-720@32,123,1,224,Conv2,V1,0.027689,3,0.01852
C_leak THINGS-720@32,123,1,224,Conv2,V2,0.009601,3,0.006643
C_leak THINGS-720@32,123,1,224,Conv3,LOC,0.009755,3,0.005784
C_leak THINGS-720@32,123,1,224,FC1,IT,0.009448,3,0.005461
C_leak THINGS-720@32,456,2,32,Conv1,V1,0.043645,3,0.030054
C_leak THINGS-720@32,456,2,32,Conv1,V2,0.021967,3,0.014662
C_leak THINGS-720@32,456,2,32,Conv2,V1,0.047236,3,0.032493
C_leak THINGS-720@32,456,2,32,Conv2,V2,0.022041,3,0.014871
C_leak THINGS-720@32,456,2,32,Conv3,LOC,0.007474,3,0.004678
C_leak THINGS-720@32,456,2,32,FC1,IT,0.006591,3,0.003309
C_leak THINGS-720@32,456,2,64,Conv1,V1,0.038221,3,0.026282
C_leak THINGS-720@32,456,2,64,Conv1,V2,0.017492,3,0.011741
C_leak THINGS-720@32,456,2,64,Conv2,V1,0.03841,3,0.026121
C_leak THINGS-720@32,456,2,64,Conv2,V2,0.015381,3,0.010415
C_leak THINGS-720@32,456,2,64,Conv3,LOC,0.008956,3,0.005547
C_leak THINGS-720@32,456,2,64,FC1,IT,0.008394,3,0.004334
C_leak THINGS-720@32,456,2,96,Conv1,V1,0.034655,3,0.023809
C_leak THINGS-720@32,456,2,96,Conv1,V2,0.014982,3,0.01014
C_leak THINGS-720@32,456,2,96,Conv2,V1,0.031099,3,0.020995
C_leak THINGS-720@32,456,2,96,Conv2,V2,0.010601,3,0.007301
C_leak THINGS-720@32,456,2,96,Conv3,LOC,0.01004,3,0.00613
C_leak THINGS-720@32,456,2,96,FC1,IT,0.009465,3,0.004884
C_leak THINGS-720@32,456,2,128,Conv1,V1,0.032898,3,0.022602
C_leak THINGS-720@32,456,2,128,Conv1,V2,0.013767,3,0.009362
C_leak THINGS-720@32,456,2,128,Conv2,V1,0.026645,3,0.017902
C_leak THINGS-720@32,456,2,128,Conv2,V2,0.007893,3,0.005537
C_leak THINGS-720@32,456,2,128,Conv3,LOC,0.010533,3,0.006381
C_leak THINGS-720@32,456,2,128,FC1,IT,0.010373,3,0.005439
C_leak THINGS-720@32,456,2,160,Conv1,V1,0.032058,3,0.02204
C_leak THINGS-720@32,456,2,160,Conv1,V2,0.013176,3,0.008992
C_leak THINGS-720@32,456,2,160,Conv2,V1,0.024531,3,0.016454
C_leak THINGS-720@32,456,2,160,Conv2,V2,0.006678,3,0.004724
C_leak THINGS-720@32,456,2,160,Conv3,LOC,0.010597,3,0.006386
C_leak THINGS-720@32,456,2,160,FC1,IT,0.010614,3,0.00561
C_leak THINGS-720@32,456,2,224,Conv1,V1,0.031335,3,0.021583
C_leak THINGS-720@32,456,2,224,Conv1,V2,0.012639,3,0.008656
C_leak THINGS-720@32,456,2,224,Conv2,V1,0.021931,3,0.014729
C_leak THINGS-720@32,456,2,224,Conv2,V2,0.005455,3,0.003891
C_leak THINGS-720@32,456,2,224,Conv3,LOC,0.010332,3,0.006177
C_leak THINGS-720@32,456,2,224,FC1,IT,0.010632,3,0.005753
C_leak THINGS-720@32,789,3,32,Conv1,V1,0.043933,3,0.030014
C_leak THINGS-720@32,789,3,32,Conv1,V2,0.021014,3,0.014056
C_leak THINGS-720@32,789,3,32,Conv2,V1,0.041594,3,0.028313
C_leak THINGS-720@32,789,3,32,Conv2,V2,0.017695,3,0.011891
C_leak THINGS-720@32,789,3,32,Conv3,LOC,0.003405,3,0.002323
C_leak THINGS-720@32,789,3,32,FC1,IT,0.005768,3,0.003167
C_leak THINGS-720@32,789,3,64,Conv1,V1,0.041287,3,0.028139
C_leak THINGS-720@32,789,3,64,Conv1,V2,0.018183,3,0.012182
C_leak THINGS-720@32,789,3,64,Conv2,V1,0.038919,3,0.026393
C_leak THINGS-720@32,789,3,64,Conv2,V2,0.015149,3,0.010292
C_leak THINGS-720@32,789,3,64,Conv3,LOC,0.004754,3,0.002994
C_leak THINGS-720@32,789,3,64,FC1,IT,0.006538,3,0.003493
C_leak THINGS-720@32,789,3,96,Conv1,V1,0.039246,3,0.026697
C_leak THINGS-720@32,789,3,96,Conv1,V2,0.016599,3,0.011164
C_leak THINGS-720@32,789,3,96,Conv2,V1,0.035499,3,0.024003
C_leak THINGS-720@32,789,3,96,Conv2,V2,0.012974,3,0.008878
C_leak THINGS-720@32,789,3,96,Conv3,LOC,0.006296,3,0.003861
C_leak THINGS-720@32,789,3,96,FC1,IT,0.006698,3,0.003615
C_leak THINGS-720@32,789,3,128,Conv1,V1,0.038191,3,0.025966
C_leak THINGS-720@32,789,3,128,Conv1,V2,0.015866,3,0.010694
C_leak THINGS-720@32,789,3,128,Conv2,V1,0.033278,3,0.022479
C_leak THINGS-720@32,789,3,128,Conv2,V2,0.011747,3,0.00808
C_leak THINGS-720@32,789,3,128,Conv3,LOC,0.006943,3,0.004205
C_leak THINGS-720@32,789,3,128,FC1,IT,0.006514,3,0.003522
C_leak THINGS-720@32,789,3,160,Conv1,V1,0.037798,3,0.025692
C_leak THINGS-720@32,789,3,160,Conv1,V2,0.015614,3,0.010536
C_leak THINGS-720@32,789,3,160,Conv2,V1,0.032096,3,0.021669
C_leak THINGS-720@32,789,3,160,Conv2,V2,0.011201,3,0.007705
C_leak THINGS-720@32,789,3,160,Conv3,LOC,0.007459,3,0.004498
C_leak THINGS-720@32,789,3,160,FC1,IT,0.006767,3,0.003677
C_leak THINGS-720@32,789,3,224,Conv1,V1,0.037548,3,0.02553
C_leak THINGS-720@32,789,3,224,Conv1,V2,0.015451,3,0.010432
C_leak THINGS-720@32,789,3,224,Conv2,V1,0.030709,3,0.020765
C_leak THINGS-720@32,789,3,224,Conv2,V2,0.010848,3,0.007435
C_leak THINGS-720@32,789,3,224,Conv3,LOC,0.007605,3,0.004552
C_leak THINGS-720@32,789,3,224,FC1,IT,0.007254,3,0.004041
C_leak THINGS-720@32,1337,4,32,Conv1,V1,0.061748,3,0.041892
C_leak THINGS-720@32,1337,4,32,Conv1,V2,0.031207,3,0.020577
C_leak THINGS-720@32,1337,4,32,Conv2,V1,0.061614,3,0.041538
C_leak THINGS-720@32,1337,4,32,Conv2,V2,0.02864,3,0.019009
C_leak THINGS-720@32,1337,4,32,Conv3,LOC,0.004422,3,0.002639
C_leak THINGS-720@32,1337,4,32,FC1,IT,0.008663,3,0.005359
C_leak THINGS-720@32,1337,4,64,Conv1,V1,0.052172,3,0.035089
C_leak THINGS-720@32,1337,4,64,Conv1,V2,0.023267,3,0.015393
C_leak THINGS-720@32,1337,4,64,Conv2,V1,0.052497,3,0.034909
C_leak THINGS-720@32,1337,4,64,Conv2,V2,0.021485,3,0.014366
C_leak THINGS-720@32,1337,4,64,Conv3,LOC,0.005715,3,0.003392
C_leak THINGS-720@32,1337,4,64,FC1,IT,0.007672,3,0.004654
C_leak THINGS-720@32,1337,4,96,Conv1,V1,0.046819,3,0.031349
C_leak THINGS-720@32,1337,4,96,Conv1,V2,0.01966,3,0.013065
C_leak THINGS-720@32,1337,4,96,Conv2,V1,0.044997,3,0.029632
C_leak THINGS-720@32,1337,4,96,Conv2,V2,0.016867,3,0.011336
C_leak THINGS-720@32,1337,4,96,Conv3,LOC,0.007534,3,0.004424
C_leak THINGS-720@32,1337,4,96,FC1,IT,0.00894,3,0.005248
C_leak THINGS-720@32,1337,4,128,Conv1,V1,0.043879,3,0.029341
C_leak THINGS-720@32,1337,4,128,Conv1,V2,0.017909,3,0.011929
C_leak THINGS-720@32,1337,4,128,Conv2,V1,0.040187,3,0.026313
C_leak THINGS-720@32,1337,4,128,Conv2,V2,0.014296,3,0.009643
C_leak THINGS-720@32,1337,4,128,Conv3,LOC,0.007905,3,0.004628
C_leak THINGS-720@32,1337,4,128,FC1,IT,0.009537,3,0.005606
C_leak THINGS-720@32,1337,4,160,Conv1,V1,0.042447,3,0.028378
C_leak THINGS-720@32,1337,4,160,Conv1,V2,0.017079,3,0.011402
C_leak THINGS-720@32,1337,4,160,Conv2,V1,0.03752,3,0.024497
C_leak THINGS-720@32,1337,4,160,Conv2,V2,0.012886,3,0.008731
C_leak THINGS-720@32,1337,4,160,Conv3,LOC,0.008014,3,0.004713
C_leak THINGS-720@32,1337,4,160,FC1,IT,0.00985,3,0.00584
C_leak THINGS-720@32,1337,4,224,Conv1,V1,0.040577,3,0.027152
C_leak THINGS-720@32,1337,4,224,Conv1,V2,0.016091,3,0.010781
C_leak THINGS-720@32,1337,4,224,Conv2,V1,0.03337,3,0.021743
C_leak THINGS-720@32,1337,4,224,Conv2,V2,0.011298,3,0.007678
C_leak THINGS-720@32,1337,4,224,Conv3,LOC,0.007344,3,0.004324
C_leak THINGS-720@32,1337,4,224,FC1,IT,0.009296,3,0.005608
D THINGS-disjoint@res,42,0,32,Conv1,V1,0.060954,3,0.042298
D THINGS-disjoint@res,42,0,32,Conv1,V2,0.032886,3,0.021847
D THINGS-disjoint@res,42,0,32,Conv2,V1,0.051236,3,0.035223
D THINGS-disjoint@res,42,0,32,Conv2,V2,0.02504,3,0.016794
D THINGS-disjoint@res,42,0,32,Conv3,LOC,0.005716,3,0.003564
D THINGS-disjoint@res,42,0,32,FC1,IT,0.009332,3,0.00533
D THINGS-disjoint@res,42,0,64,Conv1,V1,0.061349,3,0.042557
D THINGS-disjoint@res,42,0,64,Conv1,V2,0.032515,3,0.021658
D THINGS-disjoint@res,42,0,64,Conv2,V1,0.056248,3,0.038507
D THINGS-disjoint@res,42,0,64,Conv2,V2,0.02789,3,0.018628
D THINGS-disjoint@res,42,0,64,Conv3,LOC,0.007486,3,0.00472
D THINGS-disjoint@res,42,0,64,FC1,IT,0.010277,3,0.005846
D THINGS-disjoint@res,42,0,96,Conv1,V1,0.06087,3,0.042195
D THINGS-disjoint@res,42,0,96,Conv1,V2,0.032082,3,0.021428
D THINGS-disjoint@res,42,0,96,Conv2,V1,0.058926,3,0.040208
D THINGS-disjoint@res,42,0,96,Conv2,V2,0.029079,3,0.019401
D THINGS-disjoint@res,42,0,96,Conv3,LOC,0.008636,3,0.005492
D THINGS-disjoint@res,42,0,96,FC1,IT,0.010633,3,0.006052
D THINGS-disjoint@res,42,0,128,Conv1,V1,0.060113,3,0.041663
D THINGS-disjoint@res,42,0,128,Conv1,V2,0.031554,3,0.021106
D THINGS-disjoint@res,42,0,128,Conv2,V1,0.059641,3,0.040614
D THINGS-disjoint@res,42,0,128,Conv2,V2,0.029362,3,0.019615
D THINGS-disjoint@res,42,0,128,Conv3,LOC,0.009635,3,0.006133
D THINGS-disjoint@res,42,0,128,FC1,IT,0.01131,3,0.00649
D THINGS-disjoint@res,42,0,160,Conv1,V1,0.059713,3,0.041376
D THINGS-disjoint@res,42,0,160,Conv1,V2,0.031299,3,0.02095
D THINGS-disjoint@res,42,0,160,Conv2,V1,0.060368,3,0.041075
D THINGS-disjoint@res,42,0,160,Conv2,V2,0.029649,3,0.019812
D THINGS-disjoint@res,42,0,160,Conv3,LOC,0.010153,3,0.006485
D THINGS-disjoint@res,42,0,160,FC1,IT,0.011158,3,0.006451
D THINGS-disjoint@res,42,0,224,Conv1,V1,0.05878,3,0.040732
D THINGS-disjoint@res,42,0,224,Conv1,V2,0.030748,3,0.0206
D THINGS-disjoint@res,42,0,224,Conv2,V1,0.059379,3,0.04038
D THINGS-disjoint@res,42,0,224,Conv2,V2,0.029299,3,0.01959
D THINGS-disjoint@res,42,0,224,Conv3,LOC,0.010781,3,0.006847
D THINGS-disjoint@res,42,0,224,FC1,IT,0.010706,3,0.00629
D THINGS-disjoint@res,123,1,32,Conv1,V1,0.069077,3,0.047889
D THINGS-disjoint@res,123,1,32,Conv1,V2,0.037019,3,0.024595
D THINGS-disjoint@res,123,1,32,Conv2,V1,0.063913,3,0.043785
D THINGS-disjoint@res,123,1,32,Conv2,V2,0.031825,3,0.021345
D THINGS-disjoint@res,123,1,32,Conv3,LOC,0.005371,3,0.003417
D THINGS-disjoint@res,123,1,32,FC1,IT,0.008143,3,0.005269
D THINGS-disjoint@res,123,1,64,Conv1,V1,0.069177,3,0.04797
D THINGS-disjoint@res,123,1,64,Conv1,V2,0.036607,3,0.024278
D THINGS-disjoint@res,123,1,64,Conv2,V1,0.068172,3,0.046684
D THINGS-disjoint@res,123,1,64,Conv2,V2,0.033941,3,0.022666
D THINGS-disjoint@res,123,1,64,Conv3,LOC,0.007026,3,0.004289
D THINGS-disjoint@res,123,1,64,FC1,IT,0.007214,3,0.004493
D THINGS-disjoint@res,123,1,96,Conv1,V1,0.068079,3,0.047213
D THINGS-disjoint@res,123,1,96,Conv1,V2,0.035778,3,0.023735
D THINGS-disjoint@res,123,1,96,Conv2,V1,0.069346,3,0.047414
D THINGS-disjoint@res,123,1,96,Conv2,V2,0.034339,3,0.022888
D THINGS-disjoint@res,123,1,96,Conv3,LOC,0.008121,3,0.005062
D THINGS-disjoint@res,123,1,96,FC1,IT,0.007303,3,0.004256
D THINGS-disjoint@res,123,1,128,Conv1,V1,0.067081,3,0.046519
D THINGS-disjoint@res,123,1,128,Conv1,V2,0.035102,3,0.023285
D THINGS-disjoint@res,123,1,128,Conv2,V1,0.069314,3,0.047348
D THINGS-disjoint@res,123,1,128,Conv2,V2,0.034265,3,0.022831
D THINGS-disjoint@res,123,1,128,Conv3,LOC,0.008756,3,0.005463
D THINGS-disjoint@res,123,1,128,FC1,IT,0.007641,3,0.004308
D THINGS-disjoint@res,123,1,160,Conv1,V1,0.06637,3,0.046026
D THINGS-disjoint@res,123,1,160,Conv1,V2,0.034653,3,0.022992
D THINGS-disjoint@res,123,1,160,Conv2,V1,0.069383,3,0.047398
D THINGS-disjoint@res,123,1,160,Conv2,V2,0.034344,3,0.022896
D THINGS-disjoint@res,123,1,160,Conv3,LOC,0.009474,3,0.005965
D THINGS-disjoint@res,123,1,160,FC1,IT,0.008089,3,0.0046
D THINGS-disjoint@res,123,1,224,Conv1,V1,0.064991,3,0.045083
D THINGS-disjoint@res,123,1,224,Conv1,V2,0.033879,3,0.022483
D THINGS-disjoint@res,123,1,224,Conv2,V1,0.067894,3,0.046403
D THINGS-disjoint@res,123,1,224,Conv2,V2,0.033866,3,0.022583
D THINGS-disjoint@res,123,1,224,Conv3,LOC,0.010092,3,0.006344
D THINGS-disjoint@res,123,1,224,FC1,IT,0.008234,3,0.004719
D THINGS-disjoint@res,456,2,32,Conv1,V1,0.060031,3,0.041706
D THINGS-disjoint@res,456,2,32,Conv1,V2,0.032186,3,0.021528
D THINGS-disjoint@res,456,2,32,Conv2,V1,0.060571,3,0.041844
D THINGS-disjoint@res,456,2,32,Conv2,V2,0.030405,3,0.020384
D THINGS-disjoint@res,456,2,32,Conv3,LOC,0.006592,3,0.00429
D THINGS-disjoint@res,456,2,32,FC1,IT,0.006552,3,0.003364
D THINGS-disjoint@res,456,2,64,Conv1,V1,0.06119,3,0.042555
D THINGS-disjoint@res,456,2,64,Conv1,V2,0.032633,3,0.02185
D THINGS-disjoint@res,456,2,64,Conv2,V1,0.067088,3,0.0462
D THINGS-disjoint@res,456,2,64,Conv2,V2,0.034028,3,0.022688
D THINGS-disjoint@res,456,2,64,Conv3,LOC,0.007498,3,0.004773
D THINGS-disjoint@res,456,2,64,FC1,IT,0.008127,3,0.004212
D THINGS-disjoint@res,456,2,96,Conv1,V1,0.060847,3,0.042301
D THINGS-disjoint@res,456,2,96,Conv1,V2,0.03219,3,0.021602
D THINGS-disjoint@res,456,2,96,Conv2,V1,0.069497,3,0.047781
D THINGS-disjoint@res,456,2,96,Conv2,V2,0.035185,3,0.023459
D THINGS-disjoint@res,456,2,96,Conv3,LOC,0.008487,3,0.005391
D THINGS-disjoint@res,456,2,96,FC1,IT,0.009004,3,0.004728
D THINGS-disjoint@res,456,2,128,Conv1,V1,0.060338,3,0.041927
D THINGS-disjoint@res,456,2,128,Conv1,V2,0.031701,3,0.021307
D THINGS-disjoint@res,456,2,128,Conv2,V1,0.070184,3,0.048186
D THINGS-disjoint@res,456,2,128,Conv2,V2,0.035294,3,0.023558
D THINGS-disjoint@res,456,2,128,Conv3,LOC,0.009245,3,0.005908
D THINGS-disjoint@res,456,2,128,FC1,IT,0.009865,3,0.005307
D THINGS-disjoint@res,456,2,160,Conv1,V1,0.060077,3,0.041739
D THINGS-disjoint@res,456,2,160,Conv1,V2,0.031533,3,0.021213
D THINGS-disjoint@res,456,2,160,Conv2,V1,0.070985,3,0.048702
D THINGS-disjoint@res,456,2,160,Conv2,V2,0.035641,3,0.023789
D THINGS-disjoint@res,456,2,160,Conv3,LOC,0.009824,3,0.00627
D THINGS-disjoint@res,456,2,160,FC1,IT,0.010125,3,0.005465
D THINGS-disjoint@res,456,2,224,Conv1,V1,0.059286,3,0.041194
D THINGS-disjoint@res,456,2,224,Conv1,V2,0.031033,3,0.020903
D THINGS-disjoint@res,456,2,224,Conv2,V1,0.070283,3,0.048228
D THINGS-disjoint@res,456,2,224,Conv2,V2,0.035426,3,0.023652
D THINGS-disjoint@res,456,2,224,Conv3,LOC,0.010429,3,0.006651
D THINGS-disjoint@res,456,2,224,FC1,IT,0.010526,3,0.005887
D THINGS-disjoint@res,789,3,32,Conv1,V1,0.060439,3,0.041763
D THINGS-disjoint@res,789,3,32,Conv1,V2,0.03174,3,0.021268
D THINGS-disjoint@res,789,3,32,Conv2,V1,0.055095,3,0.037706
D THINGS-disjoint@res,789,3,32,Conv2,V2,0.025981,3,0.017346
D THINGS-disjoint@res,789,3,32,Conv3,LOC,0.002466,3,0.001864
D THINGS-disjoint@res,789,3,32,FC1,IT,0.005104,3,0.002864
D THINGS-disjoint@res,789,3,64,Conv1,V1,0.061483,3,0.042499
D THINGS-disjoint@res,789,3,64,Conv1,V2,0.031877,3,0.021322
D THINGS-disjoint@res,789,3,64,Conv2,V1,0.058586,3,0.040079
D THINGS-disjoint@res,789,3,64,Conv2,V2,0.027606,3,0.018462
D THINGS-disjoint@res,789,3,64,Conv3,LOC,0.003942,3,0.002639
D THINGS-disjoint@res,789,3,64,FC1,IT,0.006799,3,0.003737
D THINGS-disjoint@res,789,3,96,Conv1,V1,0.061174,3,0.042269
D THINGS-disjoint@res,789,3,96,Conv1,V2,0.031485,3,0.02106
D THINGS-disjoint@res,789,3,96,Conv2,V1,0.060448,3,0.041301
D THINGS-disjoint@res,789,3,96,Conv2,V2,0.028441,3,0.018998
D THINGS-disjoint@res,789,3,96,Conv3,LOC,0.005474,3,0.003618
D THINGS-disjoint@res,789,3,96,FC1,IT,0.006942,3,0.003812
D THINGS-disjoint@res,789,3,128,Conv1,V1,0.060628,3,0.041879
D THINGS-disjoint@res,789,3,128,Conv1,V2,0.031097,3,0.020805
D THINGS-disjoint@res,789,3,128,Conv2,V1,0.061041,3,0.041653
D THINGS-disjoint@res,789,3,128,Conv2,V2,0.028637,3,0.019132
D THINGS-disjoint@res,789,3,128,Conv3,LOC,0.00652,3,0.004287
D THINGS-disjoint@res,789,3,128,FC1,IT,0.006659,3,0.003656
D THINGS-disjoint@res,789,3,160,Conv1,V1,0.060268,3,0.041615
D THINGS-disjoint@res,789,3,160,Conv1,V2,0.030907,3,0.020681
D THINGS-disjoint@res,789,3,160,Conv2,V1,0.061424,3,0.041882
D THINGS-disjoint@res,789,3,160,Conv2,V2,0.02889,3,0.019304
D THINGS-disjoint@res,789,3,160,Conv3,LOC,0.00711,3,0.00467
D THINGS-disjoint@res,789,3,160,FC1,IT,0.007129,3,0.003907
D THINGS-disjoint@res,789,3,224,Conv1,V1,0.059416,3,0.041015
D THINGS-disjoint@res,789,3,224,Conv1,V2,0.030416,3,0.020356
D THINGS-disjoint@res,789,3,224,Conv2,V1,0.060873,3,0.041491
D THINGS-disjoint@res,789,3,224,Conv2,V2,0.028852,3,0.01927
D THINGS-disjoint@res,789,3,224,Conv3,LOC,0.007909,3,0.005128
D THINGS-disjoint@res,789,3,224,FC1,IT,0.007788,3,0.004335
D THINGS-disjoint@res,1337,4,32,Conv1,V1,0.081086,3,0.055685
D THINGS-disjoint@res,1337,4,32,Conv1,V2,0.044368,3,0.029365
D THINGS-disjoint@res,1337,4,32,Conv2,V1,0.079755,3,0.054224
D THINGS-disjoint@res,1337,4,32,Conv2,V2,0.040398,3,0.026729
D THINGS-disjoint@res,1337,4,32,Conv3,LOC,0.003469,3,0.002165
D THINGS-disjoint@res,1337,4,32,FC1,IT,0.008369,3,0.005215
D THINGS-disjoint@res,1337,4,64,Conv1,V1,0.081762,3,0.056055
D THINGS-disjoint@res,1337,4,64,Conv1,V2,0.044149,3,0.029206
D THINGS-disjoint@res,1337,4,64,Conv2,V1,0.086911,3,0.058965
D THINGS-disjoint@res,1337,4,64,Conv2,V2,0.043851,3,0.028924
D THINGS-disjoint@res,1337,4,64,Conv3,LOC,0.004889,3,0.003003
D THINGS-disjoint@res,1337,4,64,FC1,IT,0.008093,3,0.005029
D THINGS-disjoint@res,1337,4,96,Conv1,V1,0.080968,3,0.055438
D THINGS-disjoint@res,1337,4,96,Conv1,V2,0.043513,3,0.028804
D THINGS-disjoint@res,1337,4,96,Conv2,V1,0.089183,3,0.060439
D THINGS-disjoint@res,1337,4,96,Conv2,V2,0.044664,3,0.029435
D THINGS-disjoint@res,1337,4,96,Conv3,LOC,0.006472,3,0.004012
D THINGS-disjoint@res,1337,4,96,FC1,IT,0.009485,3,0.005665
D THINGS-disjoint@res,1337,4,128,Conv1,V1,0.07976,3,0.054583
D THINGS-disjoint@res,1337,4,128,Conv1,V2,0.042717,3,0.028298
D THINGS-disjoint@res,1337,4,128,Conv2,V1,0.0897,3,0.060732
D THINGS-disjoint@res,1337,4,128,Conv2,V2,0.04479,3,0.029519
D THINGS-disjoint@res,1337,4,128,Conv3,LOC,0.007368,3,0.004613
D THINGS-disjoint@res,1337,4,128,FC1,IT,0.010367,3,0.006134
D THINGS-disjoint@res,1337,4,160,Conv1,V1,0.079088,3,0.054104
D THINGS-disjoint@res,1337,4,160,Conv1,V2,0.042328,3,0.028061
D THINGS-disjoint@res,1337,4,160,Conv2,V1,0.090216,3,0.061069
D THINGS-disjoint@res,1337,4,160,Conv2,V2,0.044886,3,0.029607
D THINGS-disjoint@res,1337,4,160,Conv3,LOC,0.00806,3,0.005067
D THINGS-disjoint@res,1337,4,160,FC1,IT,0.0108,3,0.006415
D THINGS-disjoint@res,1337,4,224,Conv1,V1,0.077372,3,0.052915
D THINGS-disjoint@res,1337,4,224,Conv1,V2,0.041307,3,0.027414
D THINGS-disjoint@res,1337,4,224,Conv2,V1,0.088934,3,0.060204
D THINGS-disjoint@res,1337,4,224,Conv2,V2,0.044349,3,0.029273
D THINGS-disjoint@res,1337,4,224,Conv3,LOC,0.008596,3,0.005377
D THINGS-disjoint@res,1337,4,224,FC1,IT,0.01048,3,0.006252
D_leak THINGS-720@res,42,0,32,Conv1,V1,0.045854,3,0.031554
D_leak THINGS-720@res,42,0,32,Conv1,V2,0.023115,3,0.015301
D_leak THINGS-720@res,42,0,32,Conv2,V1,0.038827,3,0.026602
D_leak THINGS-720@res,42,0,32,Conv2,V2,0.017572,3,0.011861
D_leak THINGS-720@res,42,0,32,Conv3,LOC,0.006249,3,0.003807
D_leak THINGS-720@res,42,0,32,FC1,IT,0.009628,3,0.005444
D_leak THINGS-720@res,42,0,64,Conv1,V1,0.045372,3,0.031184
D_leak THINGS-720@res,42,0,64,Conv1,V2,0.022005,3,0.014633
D_leak THINGS-720@res,42,0,64,Conv2,V1,0.043516,3,0.029665
D_leak THINGS-720@res,42,0,64,Conv2,V2,0.020063,3,0.013471
D_leak THINGS-720@res,42,0,64,Conv3,LOC,0.007521,3,0.00468
D_leak THINGS-720@res,42,0,64,FC1,IT,0.010494,3,0.005965
D_leak THINGS-720@res,42,0,96,Conv1,V1,0.044381,3,0.030467
D_leak THINGS-720@res,42,0,96,Conv1,V2,0.021166,3,0.014136
D_leak THINGS-720@res,42,0,96,Conv2,V1,0.045122,3,0.030637
D_leak THINGS-720@res,42,0,96,Conv2,V2,0.020454,3,0.013733
D_leak THINGS-720@res,42,0,96,Conv3,LOC,0.00853,3,0.005362
D_leak THINGS-720@res,42,0,96,FC1,IT,0.010519,3,0.005983
D_leak THINGS-720@res,42,0,128,Conv1,V1,0.043381,3,0.029767
D_leak THINGS-720@res,42,0,128,Conv1,V2,0.020488,3,0.013712
D_leak THINGS-720@res,42,0,128,Conv2,V1,0.04508,3,0.030525
D_leak THINGS-720@res,42,0,128,Conv2,V2,0.020219,3,0.013612
D_leak THINGS-720@res,42,0,128,Conv3,LOC,0.009458,3,0.005956
D_leak THINGS-720@res,42,0,128,FC1,IT,0.011156,3,0.006398
D_leak THINGS-720@res,42,0,160,Conv1,V1,0.042783,3,0.029344
D_leak THINGS-720@res,42,0,160,Conv1,V2,0.020106,3,0.01347
D_leak THINGS-720@res,42,0,160,Conv2,V1,0.044739,3,0.030243
D_leak THINGS-720@res,42,0,160,Conv2,V2,0.019922,3,0.013418
D_leak THINGS-720@res,42,0,160,Conv3,LOC,0.010035,3,0.006324
D_leak THINGS-720@res,42,0,160,FC1,IT,0.010925,3,0.006302
D_leak THINGS-720@res,42,0,224,Conv1,V1,0.041659,3,0.028573
D_leak THINGS-720@res,42,0,224,Conv1,V2,0.019452,3,0.013052
D_leak THINGS-720@res,42,0,224,Conv2,V1,0.042958,3,0.029006
D_leak THINGS-720@res,42,0,224,Conv2,V2,0.019106,3,0.012879
D_leak THINGS-720@res,42,0,224,Conv3,LOC,0.010665,3,0.006673
D_leak THINGS-720@res,42,0,224,FC1,IT,0.010507,3,0.006149
D_leak THINGS-720@res,123,1,32,Conv1,V1,0.052782,3,0.036231
D_leak THINGS-720@res,123,1,32,Conv1,V2,0.026562,3,0.017576
D_leak THINGS-720@res,123,1,32,Conv2,V1,0.049535,3,0.033801
D_leak THINGS-720@res,123,1,32,Conv2,V2,0.022266,3,0.015085
D_leak THINGS-720@res,123,1,32,Conv3,LOC,0.006286,3,0.003854
D_leak THINGS-720@res,123,1,32,FC1,IT,0.008167,3,0.005218
D_leak THINGS-720@res,123,1,64,Conv1,V1,0.052569,3,0.036079
D_leak THINGS-720@res,123,1,64,Conv1,V2,0.025804,3,0.017031
D_leak THINGS-720@res,123,1,64,Conv2,V1,0.055009,3,0.03757
D_leak THINGS-720@res,123,1,64,Conv2,V2,0.025042,3,0.016866
D_leak THINGS-720@res,123,1,64,Conv3,LOC,0.007288,3,0.004369
D_leak THINGS-720@res,123,1,64,FC1,IT,0.006931,3,0.004273
D_leak THINGS-720@res,123,1,96,Conv1,V1,0.051277,3,0.03518
D_leak THINGS-720@res,123,1,96,Conv1,V2,0.024809,3,0.016381
D_leak THINGS-720@res,123,1,96,Conv2,V1,0.056487,3,0.038513
D_leak THINGS-720@res,123,1,96,Conv2,V2,0.025536,3,0.01716
D_leak THINGS-720@res,123,1,96,Conv3,LOC,0.008132,3,0.005013
D_leak THINGS-720@res,123,1,96,FC1,IT,0.007131,3,0.004126
D_leak THINGS-720@res,123,1,128,Conv1,V1,0.050208,3,0.034438
D_leak THINGS-720@res,123,1,128,Conv1,V2,0.024127,3,0.015931
D_leak THINGS-720@res,123,1,128,Conv2,V1,0.056486,3,0.038475
D_leak THINGS-720@res,123,1,128,Conv2,V2,0.025459,3,0.017114
D_leak THINGS-720@res,123,1,128,Conv3,LOC,0.008788,3,0.005444
D_leak THINGS-720@res,123,1,128,FC1,IT,0.007368,3,0.004103
D_leak THINGS-720@res,123,1,160,Conv1,V1,0.049449,3,0.033917
D_leak THINGS-720@res,123,1,160,Conv1,V2,0.023649,3,0.015622
D_leak THINGS-720@res,123,1,160,Conv2,V1,0.056171,3,0.038249
D_leak THINGS-720@res,123,1,160,Conv2,V2,0.025318,3,0.017033
D_leak THINGS-720@res,123,1,160,Conv3,LOC,0.009634,3,0.006017
D_leak THINGS-720@res,123,1,160,FC1,IT,0.007853,3,0.004414
D_leak THINGS-720@res,123,1,224,Conv1,V1,0.04806,3,0.032981
D_leak THINGS-720@res,123,1,224,Conv1,V2,0.022905,3,0.015137
D_leak THINGS-720@res,123,1,224,Conv2,V1,0.054567,3,0.03717
D_leak THINGS-720@res,123,1,224,Conv2,V2,0.024811,3,0.016692
D_leak THINGS-720@res,123,1,224,Conv3,LOC,0.010454,3,0.00651
D_leak THINGS-720@res,123,1,224,FC1,IT,0.008188,3,0.004644
D_leak THINGS-720@res,456,2,32,Conv1,V1,0.043645,3,0.030054
D_leak THINGS-720@res,456,2,32,Conv1,V2,0.021967,3,0.014662
D_leak THINGS-720@res,456,2,32,Conv2,V1,0.047236,3,0.032493
D_leak THINGS-720@res,456,2,32,Conv2,V2,0.022041,3,0.014871
D_leak THINGS-720@res,456,2,32,Conv3,LOC,0.007474,3,0.004678
D_leak THINGS-720@res,456,2,32,FC1,IT,0.006591,3,0.003309
D_leak THINGS-720@res,456,2,64,Conv1,V1,0.045078,3,0.031069
D_leak THINGS-720@res,456,2,64,Conv1,V2,0.02229,3,0.014901
D_leak THINGS-720@res,456,2,64,Conv2,V1,0.055123,3,0.037832
D_leak THINGS-720@res,456,2,64,Conv2,V2,0.026359,3,0.01765
D_leak THINGS-720@res,456,2,64,Conv3,LOC,0.007811,3,0.004851
D_leak THINGS-720@res,456,2,64,FC1,IT,0.007904,3,0.004063
D_leak THINGS-720@res,456,2,96,Conv1,V1,0.044598,3,0.030713
D_leak THINGS-720@res,456,2,96,Conv1,V2,0.021669,3,0.01454
D_leak THINGS-720@res,456,2,96,Conv2,V1,0.057458,3,0.039347
D_leak THINGS-720@res,456,2,96,Conv2,V2,0.027374,3,0.018324
D_leak THINGS-720@res,456,2,96,Conv3,LOC,0.008598,3,0.005363
D_leak THINGS-720@res,456,2,96,FC1,IT,0.008741,3,0.004536
D_leak THINGS-720@res,456,2,128,Conv1,V1,0.04396,3,0.030244
D_leak THINGS-720@res,456,2,128,Conv1,V2,0.021094,3,0.014186
D_leak THINGS-720@res,456,2,128,Conv2,V1,0.057912,3,0.039581
D_leak THINGS-720@res,456,2,128,Conv2,V2,0.027347,3,0.018327
D_leak THINGS-720@res,456,2,128,Conv3,LOC,0.009346,3,0.005878
D_leak THINGS-720@res,456,2,128,FC1,IT,0.009595,3,0.005104
D_leak THINGS-720@res,456,2,160,Conv1,V1,0.043513,3,0.029925
D_leak THINGS-720@res,456,2,160,Conv1,V2,0.020788,3,0.014001
D_leak THINGS-720@res,456,2,160,Conv2,V1,0.058049,3,0.039627
D_leak THINGS-720@res,456,2,160,Conv2,V2,0.027257,3,0.018264
D_leak THINGS-720@res,456,2,160,Conv3,LOC,0.010056,3,0.006311
D_leak THINGS-720@res,456,2,160,FC1,IT,0.009759,3,0.005211
D_leak THINGS-720@res,456,2,224,Conv1,V1,0.042532,3,0.029244
D_leak THINGS-720@res,456,2,224,Conv1,V2,0.020185,3,0.013621
D_leak THINGS-720@res,456,2,224,Conv2,V1,0.05671,3,0.038702
D_leak THINGS-720@res,456,2,224,Conv2,V2,0.026637,3,0.017855
D_leak THINGS-720@res,456,2,224,Conv3,LOC,0.010763,3,0.006743
D_leak THINGS-720@res,456,2,224,FC1,IT,0.01015,3,0.005623
D_leak THINGS-720@res,789,3,32,Conv1,V1,0.043933,3,0.030014
D_leak THINGS-720@res,789,3,32,Conv1,V2,0.021014,3,0.014056
D_leak THINGS-720@res,789,3,32,Conv2,V1,0.041594,3,0.028313
D_leak THINGS-720@res,789,3,32,Conv2,V2,0.017695,3,0.011891
D_leak THINGS-720@res,789,3,32,Conv3,LOC,0.003405,3,0.002323
D_leak THINGS-720@res,789,3,32,FC1,IT,0.005768,3,0.003167
D_leak THINGS-720@res,789,3,64,Conv1,V1,0.044664,3,0.030518
D_leak THINGS-720@res,789,3,64,Conv1,V2,0.020754,3,0.013851
D_leak THINGS-720@res,789,3,64,Conv2,V1,0.046585,3,0.031751
D_leak THINGS-720@res,789,3,64,Conv2,V2,0.020163,3,0.013574
D_leak THINGS-720@res,789,3,64,Conv3,LOC,0.004373,3,0.002796
D_leak THINGS-720@res,789,3,64,FC1,IT,0.00674,3,0.003635
D_leak THINGS-720@res,789,3,96,Conv1,V1,0.044221,3,0.03019
D_leak THINGS-720@res,789,3,96,Conv1,V2,0.020194,3,0.013488
D_leak THINGS-720@res,789,3,96,Conv2,V1,0.048612,3,0.033084
D_leak THINGS-720@res,789,3,96,Conv2,V2,0.020994,3,0.014126
D_leak THINGS-720@res,789,3,96,Conv3,LOC,0.00556,3,0.003587
D_leak THINGS-720@res,789,3,96,FC1,IT,0.006717,3,0.003635
D_leak THINGS-720@res,789,3,128,Conv1,V1,0.043613,3,0.029756
D_leak THINGS-720@res,789,3,128,Conv1,V2,0.019747,3,0.013196
D_leak THINGS-720@res,789,3,128,Conv2,V1,0.049202,3,0.033436
D_leak THINGS-720@res,789,3,128,Conv2,V2,0.021181,3,0.014264
D_leak THINGS-720@res,789,3,128,Conv3,LOC,0.006522,3,0.004203
D_leak THINGS-720@res,789,3,128,FC1,IT,0.006365,3,0.003422
D_leak THINGS-720@res,789,3,160,Conv1,V1,0.043223,3,0.029473
D_leak THINGS-720@res,789,3,160,Conv1,V2,0.019525,3,0.013052
D_leak THINGS-720@res,789,3,160,Conv2,V1,0.049304,3,0.03346
D_leak THINGS-720@res,789,3,160,Conv2,V2,0.021257,3,0.014314
D_leak THINGS-720@res,789,3,160,Conv3,LOC,0.007092,3,0.004565
D_leak THINGS-720@res,789,3,160,FC1,IT,0.006802,3,0.003664
D_leak THINGS-720@res,789,3,224,Conv1,V1,0.042349,3,0.028863
D_leak THINGS-720@res,789,3,224,Conv1,V2,0.019026,3,0.012726
D_leak THINGS-720@res,789,3,224,Conv2,V1,0.04861,3,0.032964
D_leak THINGS-720@res,789,3,224,Conv2,V2,0.021125,3,0.014211
D_leak THINGS-720@res,789,3,224,Conv3,LOC,0.007984,3,0.005071
D_leak THINGS-720@res,789,3,224,FC1,IT,0.007411,3,0.004077
D_leak THINGS-720@res,1337,4,32,Conv1,V1,0.061748,3,0.041892
D_leak THINGS-720@res,1337,4,32,Conv1,V2,0.031207,3,0.020577
D_leak THINGS-720@res,1337,4,32,Conv2,V1,0.061614,3,0.041538
D_leak THINGS-720@res,1337,4,32,Conv2,V2,0.02864,3,0.019009
D_leak THINGS-720@res,1337,4,32,Conv3,LOC,0.004422,3,0.002639
D_leak THINGS-720@res,1337,4,32,FC1,IT,0.008663,3,0.005359
D_leak THINGS-720@res,1337,4,64,Conv1,V1,0.061325,3,0.041471
D_leak THINGS-720@res,1337,4,64,Conv1,V2,0.029907,3,0.019718
D_leak THINGS-720@res,1337,4,64,Conv2,V1,0.069218,3,0.046619
D_leak THINGS-720@res,1337,4,64,Conv2,V2,0.032209,3,0.021304
D_leak THINGS-720@res,1337,4,64,Conv3,LOC,0.005234,3,0.003127
D_leak THINGS-720@res,1337,4,64,FC1,IT,0.008417,3,0.005179
D_leak THINGS-720@res,1337,4,96,Conv1,V1,0.059659,3,0.040247
D_leak THINGS-720@res,1337,4,96,Conv1,V2,0.028539,3,0.018843
D_leak THINGS-720@res,1337,4,96,Conv2,V1,0.071072,3,0.047803
D_leak THINGS-720@res,1337,4,96,Conv2,V2,0.032598,3,0.021551
D_leak THINGS-720@res,1337,4,96,Conv3,LOC,0.006568,3,0.003998
D_leak THINGS-720@res,1337,4,96,FC1,IT,0.0097,3,0.00573
D_leak THINGS-720@res,1337,4,128,Conv1,V1,0.05801,3,0.039081
D_leak THINGS-720@res,1337,4,128,Conv1,V2,0.027454,3,0.018145
D_leak THINGS-720@res,1337,4,128,Conv2,V1,0.071248,3,0.047865
D_leak THINGS-720@res,1337,4,128,Conv2,V2,0.032487,3,0.021481
D_leak THINGS-720@res,1337,4,128,Conv3,LOC,0.007436,3,0.004603
D_leak THINGS-720@res,1337,4,128,FC1,IT,0.010629,3,0.00623
D_leak THINGS-720@res,1337,4,160,Conv1,V1,0.05706,3,0.038413
D_leak THINGS-720@res,1337,4,160,Conv1,V2,0.026862,3,0.017775
D_leak THINGS-720@res,1337,4,160,Conv2,V1,0.070968,3,0.047643
D_leak THINGS-720@res,1337,4,160,Conv2,V2,0.032089,3,0.021247
D_leak THINGS-720@res,1337,4,160,Conv3,LOC,0.008251,3,0.005125
D_leak THINGS-720@res,1337,4,160,FC1,IT,0.011037,3,0.006511
D_leak THINGS-720@res,1337,4,224,Conv1,V1,0.055097,3,0.037067
D_leak THINGS-720@res,1337,4,224,Conv1,V2,0.025718,3,0.01705
D_leak THINGS-720@res,1337,4,224,Conv2,V1,0.06899,3,0.046306
D_leak THINGS-720@res,1337,4,224,Conv2,V2,0.031125,3,0.020634
D_leak THINGS-720@res,1337,4,224,Conv3,LOC,0.008858,3,0.005483
D_leak THINGS-720@res,1337,4,224,FC1,IT,0.010776,3,0.00639
Random (identity BN),42,0,32,Conv1,V1,0.070563,3,0.049303
Random (identity BN),42,0,32,Conv1,V2,0.038778,3,0.025779
Random (identity BN),42,0,32,Conv2,V1,0.073979,3,0.052345
Random (identity BN),42,0,32,Conv2,V2,0.045058,3,0.030207
Random (identity BN),42,0,32,Conv3,LOC,-0.004314,3,-0.001799
Random (identity BN),42,0,32,FC1,IT,0.004205,3,0.002302
Random (identity BN),42,0,64,Conv1,V1,0.075849,3,0.053071
Random (identity BN),42,0,64,Conv1,V2,0.043135,3,0.028703
Random (identity BN),42,0,64,Conv2,V1,0.08103,3,0.057331
Random (identity BN),42,0,64,Conv2,V2,0.049505,3,0.033192
Random (identity BN),42,0,64,Conv3,LOC,-0.006412,3,-0.002917
Random (identity BN),42,0,64,FC1,IT,0.005607,3,0.003453
Random (identity BN),42,0,96,Conv1,V1,0.07899,3,0.055305
Random (identity BN),42,0,96,Conv1,V2,0.045746,3,0.030448
Random (identity BN),42,0,96,Conv2,V1,0.085458,3,0.060408
Random (identity BN),42,0,96,Conv2,V2,0.052493,3,0.035154
Random (identity BN),42,0,96,Conv3,LOC,-0.006937,3,-0.00321
Random (identity BN),42,0,96,FC1,IT,0.006362,3,0.003999
Random (identity BN),42,0,128,Conv1,V1,0.080902,3,0.056672
Random (identity BN),42,0,128,Conv1,V2,0.047246,3,0.031456
Random (identity BN),42,0,128,Conv2,V1,0.088012,3,0.062162
Random (identity BN),42,0,128,Conv2,V2,0.054316,3,0.036351
Random (identity BN),42,0,128,Conv3,LOC,-0.007333,3,-0.003437
Random (identity BN),42,0,128,FC1,IT,0.006427,3,0.004114
Random (identity BN),42,0,160,Conv1,V1,0.082195,3,0.057597
Random (identity BN),42,0,160,Conv1,V2,0.048215,3,0.03212
Random (identity BN),42,0,160,Conv2,V1,0.089592,3,0.063264
Random (identity BN),42,0,160,Conv2,V2,0.055347,3,0.03705
Random (identity BN),42,0,160,Conv3,LOC,-0.007523,3,-0.003541
Random (identity BN),42,0,160,FC1,IT,0.006481,3,0.004158
Random (identity BN),42,0,224,Conv1,V1,0.083977,3,0.058863
Random (identity BN),42,0,224,Conv1,V2,0.049506,3,0.032993
Random (identity BN),42,0,224,Conv2,V1,0.09165,3,0.064679
Random (identity BN),42,0,224,Conv2,V2,0.056744,3,0.037989
Random (identity BN),42,0,224,Conv3,LOC,-0.007902,3,-0.003739
Random (identity BN),42,0,224,FC1,IT,0.006677,3,0.004334
Random (identity BN),123,1,32,Conv1,V1,0.05701,3,0.039235
Random (identity BN),123,1,32,Conv1,V2,0.030798,3,0.02038
Random (identity BN),123,1,32,Conv2,V1,0.080575,3,0.056198
Random (identity BN),123,1,32,Conv2,V2,0.049166,3,0.032842
Random (identity BN),123,1,32,Conv3,LOC,0.001717,3,0.001584
Random (identity BN),123,1,32,FC1,IT,0.007472,3,0.004455
Random (identity BN),123,1,64,Conv1,V1,0.059389,3,0.040929
Random (identity BN),123,1,64,Conv1,V2,0.033042,3,0.021854
Random (identity BN),123,1,64,Conv2,V1,0.085034,3,0.0593
Random (identity BN),123,1,64,Conv2,V2,0.052038,3,0.034756
Random (identity BN),123,1,64,Conv3,LOC,-0.000729,3,0.000325
Random (identity BN),123,1,64,FC1,IT,0.006688,3,0.004347
Random (identity BN),123,1,96,Conv1,V1,0.060942,3,0.04207
Random (identity BN),123,1,96,Conv1,V2,0.034272,3,0.022683
Random (identity BN),123,1,96,Conv2,V1,0.086507,3,0.060302
Random (identity BN),123,1,96,Conv2,V2,0.052993,3,0.03537
Random (identity BN),123,1,96,Conv3,LOC,-0.001861,3,-0.000307
Random (identity BN),123,1,96,FC1,IT,0.00715,3,0.004558
Random (identity BN),123,1,128,Conv1,V1,0.061905,3,0.042776
Random (identity BN),123,1,128,Conv1,V2,0.03496,3,0.023149
Random (identity BN),123,1,128,Conv2,V1,0.087303,3,0.060885
Random (identity BN),123,1,128,Conv2,V2,0.053622,3,0.035777
Random (identity BN),123,1,128,Conv3,LOC,-0.002236,3,-0.000516
Random (identity BN),123,1,128,FC1,IT,0.007202,3,0.004505
Random (identity BN),123,1,160,Conv1,V1,0.062596,3,0.043284
Random (identity BN),123,1,160,Conv1,V2,0.035436,3,0.02348
Random (identity BN),123,1,160,Conv2,V1,0.088007,3,0.061387
Random (identity BN),123,1,160,Conv2,V2,0.054269,3,0.036197
Random (identity BN),123,1,160,Conv3,LOC,-0.002554,3,-0.000671
Random (identity BN),123,1,160,FC1,IT,0.00739,3,0.004588
Random (identity BN),123,1,224,Conv1,V1,0.063488,3,0.043932
Random (identity BN),123,1,224,Conv1,V2,0.036081,3,0.023921
Random (identity BN),123,1,224,Conv2,V1,0.088153,3,0.061493
Random (identity BN),123,1,224,Conv2,V2,0.05451,3,0.036356
Random (identity BN),123,1,224,Conv3,LOC,-0.003059,3,-0.000931
Random (identity BN),123,1,224,FC1,IT,0.00798,3,0.004942
Random (identity BN),456,2,32,Conv1,V1,0.067057,3,0.046539
Random (identity BN),456,2,32,Conv1,V2,0.035473,3,0.023525
Random (identity BN),456,2,32,Conv2,V1,0.086247,3,0.060826
Random (identity BN),456,2,32,Conv2,V2,0.052194,3,0.034916
Random (identity BN),456,2,32,Conv3,LOC,0.000559,3,0.001116
Random (identity BN),456,2,32,FC1,IT,0.009119,3,0.00573
Random (identity BN),456,2,64,Conv1,V1,0.07108,3,0.049432
Random (identity BN),456,2,64,Conv1,V2,0.039012,3,0.025882
Random (identity BN),456,2,64,Conv2,V1,0.09112,3,0.064135
Random (identity BN),456,2,64,Conv2,V2,0.055028,3,0.036743
Random (identity BN),456,2,64,Conv3,LOC,-0.001592,3,-0.000173
Random (identity BN),456,2,64,FC1,IT,0.009854,3,0.005949
Random (identity BN),456,2,96,Conv1,V1,0.073586,3,0.051247
Random (identity BN),456,2,96,Conv1,V2,0.041053,3,0.027257
Random (identity BN),456,2,96,Conv2,V1,0.093607,3,0.065853
Random (identity BN),456,2,96,Conv2,V2,0.056723,3,0.03785
Random (identity BN),456,2,96,Conv3,LOC,-0.001753,3,-0.000193
Random (identity BN),456,2,96,FC1,IT,0.011189,3,0.006753
Random (identity BN),456,2,128,Conv1,V1,0.075358,3,0.052524
Random (identity BN),456,2,128,Conv1,V2,0.042383,3,0.02816
Random (identity BN),456,2,128,Conv2,V1,0.094842,3,0.066708
Random (identity BN),456,2,128,Conv2,V2,0.057701,3,0.038501
Random (identity BN),456,2,128,Conv3,LOC,-0.001978,3,-0.000287
Random (identity BN),456,2,128,FC1,IT,0.011728,3,0.007084
Random (identity BN),456,2,160,Conv1,V1,0.076503,3,0.05335
Random (identity BN),456,2,160,Conv1,V2,0.04322,3,0.028734
Random (identity BN),456,2,160,Conv2,V1,0.095795,3,0.067354
Random (identity BN),456,2,160,Conv2,V2,0.05848,3,0.039016
Random (identity BN),456,2,160,Conv3,LOC,-0.002056,3,-0.000303
Random (identity BN),456,2,160,FC1,IT,0.012152,3,0.007355
Random (identity BN),456,2,224,Conv1,V1,0.078138,3,0.05452
Random (identity BN),456,2,224,Conv1,V2,0.044454,3,0.029576
Random (identity BN),456,2,224,Conv2,V1,0.096832,3,0.068055
Random (identity BN),456,2,224,Conv2,V2,0.059382,3,0.039615
Random (identity BN),456,2,224,Conv3,LOC,-0.002218,3,-0.000346
Random (identity BN),456,2,224,FC1,IT,0.01257,3,0.007638
Random (identity BN),789,3,32,Conv1,V1,0.067322,3,0.046956
Random (identity BN),789,3,32,Conv1,V2,0.035308,3,0.023625
Random (identity BN),789,3,32,Conv2,V1,0.078416,3,0.055342
Random (identity BN),789,3,32,Conv2,V2,0.045278,3,0.03046
Random (identity BN),789,3,32,Conv3,LOC,-0.003332,3,-0.001307
Random (identity BN),789,3,32,FC1,IT,0.003,3,0.001442
Random (identity BN),789,3,64,Conv1,V1,0.073214,3,0.051132
Random (identity BN),789,3,64,Conv1,V2,0.040196,3,0.026886
Random (identity BN),789,3,64,Conv2,V1,0.083886,3,0.059206
Random (identity BN),789,3,64,Conv2,V2,0.048936,3,0.032941
Random (identity BN),789,3,64,Conv3,LOC,-0.005156,3,-0.002352
Random (identity BN),789,3,64,FC1,IT,0.00258,3,0.001288
Random (identity BN),789,3,96,Conv1,V1,0.076283,3,0.053308
Random (identity BN),789,3,96,Conv1,V2,0.042652,3,0.02851
Random (identity BN),789,3,96,Conv2,V1,0.087287,3,0.061539
Random (identity BN),789,3,96,Conv2,V2,0.051591,3,0.034654
Random (identity BN),789,3,96,Conv3,LOC,-0.005726,3,-0.002681
Random (identity BN),789,3,96,FC1,IT,0.003262,3,0.001785
Random (identity BN),789,3,128,Conv1,V1,0.078086,3,0.054592
Random (identity BN),789,3,128,Conv1,V2,0.043994,3,0.02941
Random (identity BN),789,3,128,Conv2,V1,0.088734,3,0.062548
Random (identity BN),789,3,128,Conv2,V2,0.052702,3,0.035387
Random (identity BN),789,3,128,Conv3,LOC,-0.006217,3,-0.00295
Random (identity BN),789,3,128,FC1,IT,0.003641,3,0.002038
Random (identity BN),789,3,160,Conv1,V1,0.07927,3,0.055428
Random (identity BN),789,3,160,Conv1,V2,0.044847,3,0.029986
Random (identity BN),789,3,160,Conv2,V1,0.089638,3,0.063166
Random (identity BN),789,3,160,Conv2,V2,0.053337,3,0.035804
Random (identity BN),789,3,160,Conv3,LOC,-0.006563,3,-0.003131
Random (identity BN),789,3,160,FC1,IT,0.004111,3,0.002369
Random (identity BN),789,3,224,Conv1,V1,0.080877,3,0.056563
Random (identity BN),789,3,224,Conv1,V2,0.046015,3,0.030778
Random (identity BN),789,3,224,Conv2,V1,0.090631,3,0.063843
Random (identity BN),789,3,224,Conv2,V2,0.054033,3,0.036272
Random (identity BN),789,3,224,Conv3,LOC,-0.006933,3,-0.003317
Random (identity BN),789,3,224,FC1,IT,0.00483,3,0.002834
Random (identity BN),1337,4,32,Conv1,V1,0.060509,3,0.041553
Random (identity BN),1337,4,32,Conv1,V2,0.032143,3,0.021371
Random (identity BN),1337,4,32,Conv2,V1,0.08033,3,0.056021
Random (identity BN),1337,4,32,Conv2,V2,0.047188,3,0.031581
Random (identity BN),1337,4,32,Conv3,LOC,-0.002286,3,-0.000604
Random (identity BN),1337,4,32,FC1,IT,0.003948,3,0.002517
Random (identity BN),1337,4,64,Conv1,V1,0.064315,3,0.044308
Random (identity BN),1337,4,64,Conv1,V2,0.035538,3,0.023658
Random (identity BN),1337,4,64,Conv2,V1,0.083966,3,0.058583
Random (identity BN),1337,4,64,Conv2,V2,0.049817,3,0.033351
Random (identity BN),1337,4,64,Conv3,LOC,-0.003957,3,-0.001395
Random (identity BN),1337,4,64,FC1,IT,0.004746,3,0.002952
Random (identity BN),1337,4,96,Conv1,V1,0.066959,3,0.046198
Random (identity BN),1337,4,96,Conv1,V2,0.037772,3,0.025122
Random (identity BN),1337,4,96,Conv2,V1,0.086297,3,0.060198
Random (identity BN),1337,4,96,Conv2,V2,0.051736,3,0.034589
Random (identity BN),1337,4,96,Conv3,LOC,-0.004294,3,-0.001551
Random (identity BN),1337,4,96,FC1,IT,0.005518,3,0.003479
Random (identity BN),1337,4,128,Conv1,V1,0.06846,3,0.047289
Random (identity BN),1337,4,128,Conv1,V2,0.038888,3,0.025874
Random (identity BN),1337,4,128,Conv2,V1,0.087181,3,0.0608
Random (identity BN),1337,4,128,Conv2,V2,0.052462,3,0.035069
Random (identity BN),1337,4,128,Conv3,LOC,-0.004573,3,-0.001684
Random (identity BN),1337,4,128,FC1,IT,0.006257,3,0.003915
Random (identity BN),1337,4,160,Conv1,V1,0.069435,3,0.048002
Random (identity BN),1337,4,160,Conv1,V2,0.039608,3,0.02637
Random (identity BN),1337,4,160,Conv2,V1,0.087846,3,0.061275
Random (identity BN),1337,4,160,Conv2,V2,0.05299,3,0.035436
Random (identity BN),1337,4,160,Conv3,LOC,-0.004902,3,-0.001869
Random (identity BN),1337,4,160,FC1,IT,0.006402,3,0.004062
Random (identity BN),1337,4,224,Conv1,V1,0.070844,3,0.049018
Random (identity BN),1337,4,224,Conv1,V2,0.040628,3,0.027066
Random (identity BN),1337,4,224,Conv2,V1,0.0882,3,0.061528
Random (identity BN),1337,4,224,Conv2,V2,0.05346,3,0.035747
Random (identity BN),1337,4,224,Conv3,LOC,-0.005154,3,-0.001991
Random (identity BN),1337,4,224,FC1,IT,0.006801,3,0.004379
