rule,layer,roi,subject,rho,pval,seed_idx
Burstprop,Conv1,V1,sub-01,0.02377,0.0,0
Burstprop,Conv1,V1,sub-02,0.04532,0.0,0
Burstprop,Conv1,V1,sub-03,0.00972,0.0,0
Burstprop,Conv1,V2,sub-01,0.01413,0.0,0
Burstprop,Conv1,V2,sub-02,0.02492,0.0,0
Burstprop,Conv1,V2,sub-03,0.0016,0.41553,0
Burstprop,Conv1,V3,sub-01,0.01224,0.0,0
Burstprop,Conv1,V3,sub-02,0.018,0.0,0
Burstprop,Conv1,V3,sub-03,0.00303,0.12319,0
Burstprop,Conv1,V4,sub-01,0.0038,0.05292,0
Burstprop,Conv1,V4,sub-02,0.00747,0.00014,0
Burstprop,Conv1,V4,sub-03,0.00608,0.00199,0
Burstprop,Conv1,LOC,sub-01,0.00663,0.00075,0
Burstprop,Conv1,LOC,sub-02,0.00705,0.00033,0
Burstprop,Conv1,LOC,sub-03,0.00038,0.84581,0
Burstprop,Conv1,IT,sub-01,0.00782,7e-05,0
Burstprop,Conv1,IT,sub-02,0.00694,0.00042,0
Burstprop,Conv1,IT,sub-03,0.00349,0.07563,0
Burstprop,Conv2,V1,sub-01,0.03913,0.0,0
Burstprop,Conv2,V1,sub-02,0.06624,0.0,0
Burstprop,Conv2,V1,sub-03,0.0117,0.0,0
Burstprop,Conv2,V2,sub-01,0.02761,0.0,0
Burstprop,Conv2,V2,sub-02,0.04974,0.0,0
Burstprop,Conv2,V2,sub-03,0.00471,0.01655,0
Burstprop,Conv2,V3,sub-01,0.02206,0.0,0
Burstprop,Conv2,V3,sub-02,0.04742,0.0,0
Burstprop,Conv2,V3,sub-03,0.00463,0.01852,0
Burstprop,Conv2,V4,sub-01,0.00776,8e-05,0
Burstprop,Conv2,V4,sub-02,0.01945,0.0,0
Burstprop,Conv2,V4,sub-03,0.00533,0.00673,0
Burstprop,Conv2,LOC,sub-01,0.00773,8e-05,0
Burstprop,Conv2,LOC,sub-02,0.01171,0.0,0
Burstprop,Conv2,LOC,sub-03,0.00037,0.85008,0
Burstprop,Conv2,IT,sub-01,0.01057,0.0,0
Burstprop,Conv2,IT,sub-02,0.0123,0.0,0
Burstprop,Conv2,IT,sub-03,0.00423,0.03136,0
Burstprop,Conv3,V1,sub-01,0.0483,0.0,0
Burstprop,Conv3,V1,sub-02,0.07954,0.0,0
Burstprop,Conv3,V1,sub-03,0.01466,0.0,0
Burstprop,Conv3,V2,sub-01,0.02885,0.0,0
Burstprop,Conv3,V2,sub-02,0.06172,0.0,0
Burstprop,Conv3,V2,sub-03,0.00548,0.00533,0
Burstprop,Conv3,V3,sub-01,0.02228,0.0,0
Burstprop,Conv3,V3,sub-02,0.05741,0.0,0
Burstprop,Conv3,V3,sub-03,0.00423,0.03152,0
Burstprop,Conv3,V4,sub-01,0.01161,0.0,0
Burstprop,Conv3,V4,sub-02,0.02986,0.0,0
Burstprop,Conv3,V4,sub-03,0.00414,0.03508,0
Burstprop,Conv3,LOC,sub-01,0.00807,4e-05,0
Burstprop,Conv3,LOC,sub-02,0.01503,0.0,0
Burstprop,Conv3,LOC,sub-03,0.00235,0.23164,0
Burstprop,Conv3,IT,sub-01,0.01031,0.0,0
Burstprop,Conv3,IT,sub-02,0.02025,0.0,0
Burstprop,Conv3,IT,sub-03,0.00368,0.06089,0
Burstprop,FC1,V1,sub-01,0.04117,0.0,0
Burstprop,FC1,V1,sub-02,0.08217,0.0,0
Burstprop,FC1,V1,sub-03,0.01499,0.0,0
Burstprop,FC1,V2,sub-01,0.02765,0.0,0
Burstprop,FC1,V2,sub-02,0.06739,0.0,0
Burstprop,FC1,V2,sub-03,0.00779,7e-05,0
Burstprop,FC1,V3,sub-01,0.01943,0.0,0
Burstprop,FC1,V3,sub-02,0.07297,0.0,0
Burstprop,FC1,V3,sub-03,0.00504,0.01035,0
Burstprop,FC1,V4,sub-01,0.01342,0.0,0
Burstprop,FC1,V4,sub-02,0.0347,0.0,0
Burstprop,FC1,V4,sub-03,0.00725,0.00022,0
Burstprop,FC1,LOC,sub-01,0.00589,0.00273,0
Burstprop,FC1,LOC,sub-02,0.0187,0.0,0
Burstprop,FC1,LOC,sub-03,0.00128,0.51363,0
Burstprop,FC1,IT,sub-01,0.00817,3e-05,0
Burstprop,FC1,IT,sub-02,0.02331,0.0,0
Burstprop,FC1,IT,sub-03,0.0038,0.05318,0
Burstprop,Conv1,V1,sub-01,0.02615,0.0,1
Burstprop,Conv1,V1,sub-02,0.05165,0.0,1
Burstprop,Conv1,V1,sub-03,0.00969,0.0,1
Burstprop,Conv1,V2,sub-01,0.01522,0.0,1
Burstprop,Conv1,V2,sub-02,0.02964,0.0,1
Burstprop,Conv1,V2,sub-03,0.00208,0.29005,1
Burstprop,Conv1,V3,sub-01,0.01365,0.0,1
Burstprop,Conv1,V3,sub-02,0.02366,0.0,1
Burstprop,Conv1,V3,sub-03,0.00308,0.11724,1
Burstprop,Conv1,V4,sub-01,0.00343,0.08125,1
Burstprop,Conv1,V4,sub-02,0.01141,0.0,1
Burstprop,Conv1,V4,sub-03,0.00545,0.00556,1
Burstprop,Conv1,LOC,sub-01,0.00562,0.00422,1
Burstprop,Conv1,LOC,sub-02,0.00766,0.0001,1
Burstprop,Conv1,LOC,sub-03,0.00025,0.8969,1
Burstprop,Conv1,IT,sub-01,0.00741,0.00016,1
Burstprop,Conv1,IT,sub-02,0.0083,2e-05,1
Burstprop,Conv1,IT,sub-03,0.00299,0.12822,1
Burstprop,Conv2,V1,sub-01,0.02009,0.0,1
Burstprop,Conv2,V1,sub-02,0.03259,0.0,1
Burstprop,Conv2,V1,sub-03,0.0079,6e-05,1
Burstprop,Conv2,V2,sub-01,0.01559,0.0,1
Burstprop,Conv2,V2,sub-02,0.02618,0.0,1
Burstprop,Conv2,V2,sub-03,0.00346,0.0782,1
Burstprop,Conv2,V3,sub-01,0.01309,0.0,1
Burstprop,Conv2,V3,sub-02,0.02911,0.0,1
Burstprop,Conv2,V3,sub-03,0.00494,0.01191,1
Burstprop,Conv2,V4,sub-01,0.00314,0.10968,1
Burstprop,Conv2,V4,sub-02,0.01414,0.0,1
Burstprop,Conv2,V4,sub-03,0.00607,0.00201,1
Burstprop,Conv2,LOC,sub-01,0.0076,0.00011,1
Burstprop,Conv2,LOC,sub-02,0.01502,0.0,1
Burstprop,Conv2,LOC,sub-03,8e-05,0.96933,1
Burstprop,Conv2,IT,sub-01,0.01127,0.0,1
Burstprop,Conv2,IT,sub-02,0.01214,0.0,1
Burstprop,Conv2,IT,sub-03,0.00403,0.04013,1
Burstprop,Conv3,V1,sub-01,0.03575,0.0,1
Burstprop,Conv3,V1,sub-02,0.05312,0.0,1
Burstprop,Conv3,V1,sub-03,0.01172,0.0,1
Burstprop,Conv3,V2,sub-01,0.02232,0.0,1
Burstprop,Conv3,V2,sub-02,0.04056,0.0,1
Burstprop,Conv3,V2,sub-03,0.00508,0.00969,1
Burstprop,Conv3,V3,sub-01,0.01663,0.0,1
Burstprop,Conv3,V3,sub-02,0.04021,0.0,1
Burstprop,Conv3,V3,sub-03,0.00515,0.00882,1
Burstprop,Conv3,V4,sub-01,0.00672,0.00063,1
Burstprop,Conv3,V4,sub-02,0.02261,0.0,1
Burstprop,Conv3,V4,sub-03,0.00597,0.0024,1
Burstprop,Conv3,LOC,sub-01,0.00779,7e-05,1
Burstprop,Conv3,LOC,sub-02,0.01599,0.0,1
Burstprop,Conv3,LOC,sub-03,0.00242,0.21737,1
Burstprop,Conv3,IT,sub-01,0.01177,0.0,1
Burstprop,Conv3,IT,sub-02,0.01761,0.0,1
Burstprop,Conv3,IT,sub-03,0.00413,0.03549,1
Burstprop,FC1,V1,sub-01,0.02684,0.0,1
Burstprop,FC1,V1,sub-02,0.05364,0.0,1
Burstprop,FC1,V1,sub-03,0.01095,0.0,1
Burstprop,FC1,V2,sub-01,0.01765,0.0,1
Burstprop,FC1,V2,sub-02,0.04412,0.0,1
Burstprop,FC1,V2,sub-03,0.00527,0.00739,1
Burstprop,FC1,V3,sub-01,0.01343,0.0,1
Burstprop,FC1,V3,sub-02,0.0524,0.0,1
Burstprop,FC1,V3,sub-03,0.0042,0.03246,1
Burstprop,FC1,V4,sub-01,0.00643,0.00108,1
Burstprop,FC1,V4,sub-02,0.0222,0.0,1
Burstprop,FC1,V4,sub-03,0.00646,0.00102,1
Burstprop,FC1,LOC,sub-01,0.00605,0.00209,1
Burstprop,FC1,LOC,sub-02,0.0181,0.0,1
Burstprop,FC1,LOC,sub-03,0.00262,0.18217,1
Burstprop,FC1,IT,sub-01,0.00922,0.0,1
Burstprop,FC1,IT,sub-02,0.01878,0.0,1
Burstprop,FC1,IT,sub-03,0.00304,0.12254,1
Burstprop,Conv1,V1,sub-01,0.01937,0.0,2
Burstprop,Conv1,V1,sub-02,0.03771,0.0,2
Burstprop,Conv1,V1,sub-03,0.00795,5e-05,2
Burstprop,Conv1,V2,sub-01,0.01117,0.0,2
Burstprop,Conv1,V2,sub-02,0.01991,0.0,2
Burstprop,Conv1,V2,sub-03,0.00092,0.64063,2
Burstprop,Conv1,V3,sub-01,0.01013,0.0,2
Burstprop,Conv1,V3,sub-02,0.01506,0.0,2
Burstprop,Conv1,V3,sub-03,0.00259,0.18797,2
Burstprop,Conv1,V4,sub-01,0.00222,0.25948,2
Burstprop,Conv1,V4,sub-02,0.00673,0.00061,2
Burstprop,Conv1,V4,sub-03,0.00573,0.00354,2
Burstprop,Conv1,LOC,sub-01,0.00606,0.00206,2
Burstprop,Conv1,LOC,sub-02,0.00722,0.00024,2
Burstprop,Conv1,LOC,sub-03,-0.00038,0.84568,2
Burstprop,Conv1,IT,sub-01,0.00781,7e-05,2
Burstprop,Conv1,IT,sub-02,0.00671,0.00064,2
Burstprop,Conv1,IT,sub-03,0.00306,0.1192,2
Burstprop,Conv2,V1,sub-01,0.03092,0.0,2
Burstprop,Conv2,V1,sub-02,0.05064,0.0,2
Burstprop,Conv2,V1,sub-03,0.01031,0.0,2
Burstprop,Conv2,V2,sub-01,0.02208,0.0,2
Burstprop,Conv2,V2,sub-02,0.03984,0.0,2
Burstprop,Conv2,V2,sub-03,0.0039,0.04707,2
Burstprop,Conv2,V3,sub-01,0.01772,0.0,2
Burstprop,Conv2,V3,sub-02,0.04162,0.0,2
Burstprop,Conv2,V3,sub-03,0.00559,0.00445,2
Burstprop,Conv2,V4,sub-01,0.00612,0.00186,2
Burstprop,Conv2,V4,sub-02,0.01906,0.0,2
Burstprop,Conv2,V4,sub-03,0.00646,0.00101,2
Burstprop,Conv2,LOC,sub-01,0.00789,6e-05,2
Burstprop,Conv2,LOC,sub-02,0.01563,0.0,2
Burstprop,Conv2,LOC,sub-03,0.00052,0.79212,2
Burstprop,Conv2,IT,sub-01,0.01132,0.0,2
Burstprop,Conv2,IT,sub-02,0.01464,0.0,2
Burstprop,Conv2,IT,sub-03,0.00456,0.02046,2
Burstprop,Conv3,V1,sub-01,0.03495,0.0,2
Burstprop,Conv3,V1,sub-02,0.05257,0.0,2
Burstprop,Conv3,V1,sub-03,0.01316,0.0,2
Burstprop,Conv3,V2,sub-01,0.0218,0.0,2
Burstprop,Conv3,V2,sub-02,0.04129,0.0,2
Burstprop,Conv3,V2,sub-03,0.00502,0.0107,2
Burstprop,Conv3,V3,sub-01,0.01699,0.0,2
Burstprop,Conv3,V3,sub-02,0.0436,0.0,2
Burstprop,Conv3,V3,sub-03,0.00478,0.01493,2
Burstprop,Conv3,V4,sub-01,0.0068,0.00054,2
Burstprop,Conv3,V4,sub-02,0.02352,0.0,2
Burstprop,Conv3,V4,sub-03,0.00713,0.00029,2
Burstprop,Conv3,LOC,sub-01,0.00744,0.00015,2
Burstprop,Conv3,LOC,sub-02,0.02014,0.0,2
Burstprop,Conv3,LOC,sub-03,0.00087,0.65963,2
Burstprop,Conv3,IT,sub-01,0.0106,0.0,2
Burstprop,Conv3,IT,sub-02,0.02162,0.0,2
Burstprop,Conv3,IT,sub-03,0.00408,0.03783,2
Burstprop,FC1,V1,sub-01,0.0315,0.0,2
Burstprop,FC1,V1,sub-02,0.06494,0.0,2
Burstprop,FC1,V1,sub-03,0.01148,0.0,2
Burstprop,FC1,V2,sub-01,0.02228,0.0,2
Burstprop,FC1,V2,sub-02,0.05201,0.0,2
Burstprop,FC1,V2,sub-03,0.00316,0.10828,2
Burstprop,FC1,V3,sub-01,0.017,0.0,2
Burstprop,FC1,V3,sub-02,0.06027,0.0,2
Burstprop,FC1,V3,sub-03,0.00375,0.05627,2
Burstprop,FC1,V4,sub-01,0.01015,0.0,2
Burstprop,FC1,V4,sub-02,0.02908,0.0,2
Burstprop,FC1,V4,sub-03,0.0076,0.00011,2
Burstprop,FC1,LOC,sub-01,0.00514,0.00892,2
Burstprop,FC1,LOC,sub-02,0.01524,0.0,2
Burstprop,FC1,LOC,sub-03,0.00094,0.63357,2
Burstprop,FC1,IT,sub-01,0.00747,0.00014,2
Burstprop,FC1,IT,sub-02,0.01914,0.0,2
Burstprop,FC1,IT,sub-03,0.00282,0.15066,2
