roi,method,bound,value,ci_lo,ci_hi
V1,old_code_1v2_SB,lower(p2.5),0.03596865585865605,,
V1,old_code_1v2_SB,upper(mean),0.10594850995427815,,
V1,paper_text_l275,lower,0.07,,
V1,paper_text_l275,upper,0.11,,
V1,nili_loo,lower,0.0570457180247209,0.0454738001029311,0.068764604205375
V1,nili_loo,upper,0.5752191253187958,0.5689273587656929,0.5813458599628325
V1,nili_loo_perm_null,upper,0.5477382788501254,,0.5496232470140051
V2,old_code_1v2_SB,lower(p2.5),0.01871304972034958,,
V2,old_code_1v2_SB,upper(mean),0.06223998216201455,,
V2,paper_text_l275,lower,0.05,,
V2,paper_text_l275,upper,0.09,,
V2,nili_loo,lower,0.0325998765365496,0.0246734351501645,0.0407250560148453
V2,nili_loo,upper,0.5676609723420724,0.5638150741463356,0.5718739337508142
V2,nili_loo_perm_null,upper,0.5525652787829594,,0.5542323617847161
LOC,old_code_1v2_SB,lower(p2.5),0.022191367131112465,,
LOC,old_code_1v2_SB,upper(mean),0.0647029330378415,,
LOC,paper_text_l275,lower,0.03,,
LOC,paper_text_l275,upper,0.06,,
LOC,nili_loo,lower,0.0338824201987967,0.0267349199748935,0.0418061809315527
LOC,nili_loo,upper,0.5659420844551625,0.5626700659995812,0.5693520812319227
LOC,nili_loo_perm_null,upper,0.5502296046275442,,0.5516416616832981
IT,old_code_1v2_SB,lower(p2.5),0.02236999482009846,,
IT,old_code_1v2_SB,upper(mean),0.06613890567967771,,
IT,paper_text_l275,lower,0.04,,
IT,paper_text_l275,upper,0.07,,
IT,nili_loo,lower,0.034687220216461,0.0282792477563407,0.0419206989492163
IT,nili_loo,upper,0.5629506807944339,0.5595411142014235,0.5664372941524073
IT,nili_loo_perm_null,upper,0.5467583094266968,,0.548227685476766
