rdm_set,rule,paper_col,roi,layer,seed,rho_meanrdm,rho_sub01,rho_sub02,rho_sub03,rho_persub
bnfix,random_weights,Random Weights,V1,Conv1,seed_0,0.08397746459288637,0.06031808842416342,0.09921147897612624,0.0170594437911634,0.05886300373048436
bnfix,random_weights,Random Weights,V1,Conv1,seed_1,0.06348765120722329,0.0426795928193629,0.07554421954102432,0.01357207137643849,0.043931961245608574
bnfix,random_weights,Random Weights,V1,Conv1,seed_2,0.07813753779580597,0.05617344001214683,0.0909885751704753,0.01639858370090769,0.05452019962784327
bnfix,random_weights,Random Weights,V1,Conv1,seed_3,0.08087665907354429,0.05836293210857007,0.0938596516992012,0.017465000150262904,0.056562527986011385
bnfix,random_weights,Random Weights,V1,Conv1,seed_4,0.07084449308830928,0.048884786544537,0.08197369570315799,0.016195446774750454,0.049017976340815145
bnfix,random_weights,Random Weights,V2,Conv1,seed_0,0.04950554485453867,0.03785665579492055,0.05876164768553478,0.0023602197435993945,0.03299284107468491
bnfix,random_weights,Random Weights,V2,Conv1,seed_1,0.03608120202544179,0.027308713949983937,0.04357053879392109,0.0008834532375767634,0.023920901993827265
bnfix,random_weights,Random Weights,V2,Conv1,seed_2,0.04445416222871537,0.03503520805453058,0.0518074196872072,0.001886716633316788,0.029576448125018192
bnfix,random_weights,Random Weights,V2,Conv1,seed_3,0.046015378141396716,0.03630545056645074,0.05387195280874984,0.002156063878506115,0.030777822417902233
bnfix,random_weights,Random Weights,V2,Conv1,seed_4,0.04062828140225888,0.03202788609979195,0.047705755611107646,0.0014639482869244853,0.02706586333260803
bnfix,random_weights,Random Weights,LOC,Conv3,seed_0,-0.007902015414950317,0.0059381085719674275,-0.014037382781686782,-0.003116940926512124,-0.0037387383787438264
bnfix,random_weights,Random Weights,LOC,Conv3,seed_1,-0.0030586025614471038,0.005451213458304999,-0.005743084825663754,-0.0025002517755940783,-0.0009307077143176113
bnfix,random_weights,Random Weights,LOC,Conv3,seed_2,-0.0022184106092983775,0.007490433622402681,-0.006749014404146394,-0.0017794201440244721,-0.00034600030858939493
bnfix,random_weights,Random Weights,LOC,Conv3,seed_3,-0.0069328264012277745,0.005397283555592998,-0.01225932386791053,-0.0030881031474313766,-0.00331671448658297
bnfix,random_weights,Random Weights,LOC,Conv3,seed_4,-0.005154349523862435,0.0058895303365930456,-0.008665015768517605,-0.003196286555829321,-0.001990590662584627
bnfix,random_weights,Random Weights,IT,FC1,seed_0,0.006676950537551993,0.0030558740690937477,0.008800437342810764,0.0011461812244750926,0.004334164212126535
bnfix,random_weights,Random Weights,IT,FC1,seed_1,0.007980077925565456,0.0018396198049798454,0.009109271001284154,0.0038783003376124973,0.0049423970479588325
bnfix,random_weights,Random Weights,IT,FC1,seed_2,0.012570201758686351,0.004013978554987582,0.014758586912967001,0.004141713132399713,0.0076380928667847655
bnfix,random_weights,Random Weights,IT,FC1,seed_3,0.004829910870919882,0.0015626482743740222,0.00336901469245837,0.003571152296939355,0.0028342717545905825
bnfix,random_weights,Random Weights,IT,FC1,seed_4,0.006801174983888459,0.0014468560727590018,0.008636728158522199,0.003053365634870615,0.004378983288717272
bnfix,backprop,BP,V1,Conv1,seed_0,0.026648409869603807,0.01573382104583881,0.030372357020719443,0.006644447358650529,0.01758354180840293
bnfix,backprop,BP,V1,Conv1,seed_1,0.03259430807499308,0.02057827271866418,0.035146878977100754,0.008571179734796902,0.021432110476853946
bnfix,backprop,BP,V1,Conv1,seed_2,0.024996549866766922,0.015174249519424388,0.027112524340193882,0.006705466354476004,0.016330746738031424
bnfix,backprop,BP,V1,Conv1,seed_3,0.030368059729961698,0.01726504080016435,0.03361391594000527,0.00864767512791067,0.01984221062269343
bnfix,backprop,BP,V1,Conv1,seed_4,0.042454708298255234,0.028215152311035697,0.045695813583281134,0.010651733343856985,0.028187566412724605
bnfix,backprop,BP,V2,Conv1,seed_0,0.014598510681176053,0.008022392861774058,0.01827803992900022,0.0026965045215249827,0.00966564577076642
bnfix,backprop,BP,V2,Conv1,seed_1,0.016574157976640903,0.011281295422678483,0.019830583781469076,0.0022279754834460706,0.011113284895864543
bnfix,backprop,BP,V2,Conv1,seed_2,0.012606616515809991,0.00829150073337043,0.015298401722178554,0.0019877968986521132,0.0085258997847337
bnfix,backprop,BP,V2,Conv1,seed_3,0.01739299664826801,0.011134388484548051,0.020422916764163003,0.002935478308400871,0.011497594519037308
bnfix,backprop,BP,V2,Conv1,seed_4,0.023282612867547934,0.016868129108136117,0.02688238507143236,0.0026067384808705235,0.015452417553479666
bnfix,backprop,BP,LOC,Conv3,seed_0,0.011572271599907157,0.008028542959736555,0.009574366854523403,0.003394180804744045,0.006999030206334668
bnfix,backprop,BP,LOC,Conv3,seed_1,0.012955053160885063,0.005505762134946094,0.012704730227131335,0.004598843839806027,0.007603112067294485
bnfix,backprop,BP,LOC,Conv3,seed_2,0.013545113544735466,0.007237825764126446,0.012495536897654343,0.004408513300384221,0.008047291987388336
bnfix,backprop,BP,LOC,Conv3,seed_3,0.012450593958209048,0.0075212690741083225,0.011428318709363696,0.0033179586972551887,0.007422515493575736
bnfix,backprop,BP,LOC,Conv3,seed_4,0.012560186756979067,0.006310742863601819,0.011392785377383809,0.004483238035627187,0.007395588758870937
bnfix,backprop,BP,IT,FC1,seed_0,0.011562345392445415,0.012226847331097423,0.006955133978198513,0.004461776692386166,0.007881252667227367
bnfix,backprop,BP,IT,FC1,seed_1,0.011920878279963998,0.009200853309670663,0.0076959256496737455,0.00650481144243882,0.007800530133927743
bnfix,backprop,BP,IT,FC1,seed_2,0.013943708466872012,0.010686555072803566,0.01093758025346633,0.005481997716297895,0.00903537768085593
bnfix,backprop,BP,IT,FC1,seed_3,0.01278883124218653,0.011603408794541789,0.010395020524396337,0.00265035782007761,0.008216262379671912
bnfix,backprop,BP,IT,FC1,seed_4,0.013070973032478235,0.011093348713626286,0.008582238418690403,0.0061445047044673485,0.00860669727892801
bnfix,feedback_alignment,FA,V1,Conv1,seed_0,0.021196959810750184,0.011667730855547436,0.02392550834508955,0.005779458933685932,0.013790899378107638
bnfix,feedback_alignment,FA,V1,Conv1,seed_1,0.012675335729894894,0.0025379812548865233,0.017583835234098642,0.003995852308847975,0.008039222932611048
bnfix,feedback_alignment,FA,V1,Conv1,seed_2,0.009757701355529818,0.00040826691875730457,0.013408014430435369,0.004398456372388322,0.006071579240526998
bnfix,feedback_alignment,FA,V1,Conv1,seed_3,0.0021770200101146353,-0.006940887442295062,0.009277263766755684,0.001312910263664033,0.0012164288627082183
bnfix,feedback_alignment,FA,V1,Conv1,seed_4,0.0118021217108575,0.0022413500186080804,0.01667041454561582,0.003369839222789153,0.007427201262337685
bnfix,feedback_alignment,FA,V2,Conv1,seed_0,0.007708887840596903,0.004719463140082259,0.01051432771848687,0.0006041384441790648,0.005279309767582732
bnfix,feedback_alignment,FA,V2,Conv1,seed_1,0.004496827952489272,0.00018258268683240771,0.009295040087680749,0.00015509624252121196,0.003210906339011456
bnfix,feedback_alignment,FA,V2,Conv1,seed_2,0.002102392788356043,-0.001993948388209934,0.007189260335955452,-9.644664800054182e-05,0.0016996217665816587
bnfix,feedback_alignment,FA,V2,Conv1,seed_3,0.001687624482566745,-0.004503531141794319,0.008353004030133334,-3.50824463418959e-05,0.0012714634806657063
bnfix,feedback_alignment,FA,V2,Conv1,seed_4,0.003914465459853349,-0.0005236970189054897,0.008663743906009023,7.029800960654551e-05,0.002736781632236693
bnfix,feedback_alignment,FA,LOC,Conv3,seed_0,0.006276376254778928,0.005691621582991611,0.0059040643400056336,-0.0004224866402131302,0.003724399760928038
bnfix,feedback_alignment,FA,LOC,Conv3,seed_1,0.005852831421625695,0.00685588352877985,0.004388870505450963,-0.0013846833394091478,0.0032866902316072213
bnfix,feedback_alignment,FA,LOC,Conv3,seed_2,0.005586063329768215,0.0073958427026829,0.004026415720012602,-0.0009967843038953784,0.003475158039600041
bnfix,feedback_alignment,FA,LOC,Conv3,seed_3,0.004438272550945075,0.004633581358878917,0.0043215406757685145,-0.0010893096170028222,0.0026219374725482032
bnfix,feedback_alignment,FA,LOC,Conv3,seed_4,0.006057216341318049,0.006559683503734668,0.005095174179853686,-0.0009221188680877377,0.003577579605166872
bnfix,feedback_alignment,FA,IT,FC1,seed_0,0.011992887787207487,0.008093509289579092,0.009862690928608118,0.0026087946109178044,0.006854998276368338
bnfix,feedback_alignment,FA,IT,FC1,seed_1,0.012476897469969071,0.008408189967330528,0.010240817692246018,0.002879880589060121,0.00717629608287889
bnfix,feedback_alignment,FA,IT,FC1,seed_2,0.011483717156696086,0.009319542194126462,0.008376072602199795,0.0023660777715139012,0.0066872308559467195
bnfix,feedback_alignment,FA,IT,FC1,seed_3,0.010629665539235732,0.0062429728188415174,0.009941809264261773,0.002264051366643962,0.00614961114991575
bnfix,feedback_alignment,FA,IT,FC1,seed_4,0.010755273130378764,0.00936710058306178,0.007547758060324211,0.0016365037475642593,0.006183787463650082
bnfix,predictive_coding,PC,V1,Conv1,seed_0,0.01186596872214808,0.0031469571083526824,0.01738766302876349,0.0027726902798369552,0.0077691034723177095
bnfix,predictive_coding,PC,V1,Conv1,seed_1,0.015187281165163286,0.004717633603882585,0.021235887229265758,0.0038701329043887237,0.009941217912512354
bnfix,predictive_coding,PC,V1,Conv1,seed_2,0.015508938005481946,0.005137003028451506,0.02144516154680278,0.004051624263225844,0.010211262946160043
bnfix,predictive_coding,PC,V1,Conv1,seed_3,0.014214438008759406,0.006347362518751183,0.017165082973329086,0.00433618800000174,0.009282877830694003
bnfix,predictive_coding,PC,V1,Conv1,seed_4,0.024886500801856545,0.012475732183991606,0.026735587673608417,0.008872735201075128,0.016028018352891717
bnfix,predictive_coding,PC,V2,Conv1,seed_0,0.006619871488378243,0.0013197139692960537,0.011701639431571138,0.0005330521394789014,0.004518135180115364
bnfix,predictive_coding,PC,V2,Conv1,seed_1,0.007071980821442017,0.0019207609424415034,0.01213705603055092,-0.00011507575899411862,0.004647580404666102
bnfix,predictive_coding,PC,V2,Conv1,seed_2,0.007377707049726697,0.0027825331412612933,0.01204868164306755,-1.546759099898271e-05,0.00493858239777662
bnfix,predictive_coding,PC,V2,Conv1,seed_3,0.0053598784192233065,0.0026026733596847076,0.007730205967971118,0.0005477057049341401,0.0036268616775299886
bnfix,predictive_coding,PC,V2,Conv1,seed_4,0.010833574225450785,0.007297249309334278,0.013528600983850038,0.0010727421633879358,0.007299530818857418
bnfix,predictive_coding,PC,LOC,Conv3,seed_0,0.004785110199679915,0.006033701169905685,0.0030179503717340556,0.0002518534532500692,0.0031011683316299367
bnfix,predictive_coding,PC,LOC,Conv3,seed_1,0.0073642831086227645,0.005293502879254354,0.006818348769811168,0.0010694855619201684,0.004393779070328564
bnfix,predictive_coding,PC,LOC,Conv3,seed_2,0.009271499889420656,0.00786151269708235,0.006991760061529728,0.0019680922997628897,0.005607121686124989
bnfix,predictive_coding,PC,LOC,Conv3,seed_3,0.002676192975153038,0.004494898661870381,0.0017400742567535619,-0.00039026424430085356,0.001948236224774363
bnfix,predictive_coding,PC,LOC,Conv3,seed_4,0.0070403670085340386,0.005971151248006696,0.006216907809927473,0.000721756760308815,0.004303271939414328
bnfix,predictive_coding,PC,IT,FC1,seed_0,0.010366400429170466,0.00930710751041203,0.006067245931610604,0.00461032351782523,0.0066615589866159544
bnfix,predictive_coding,PC,IT,FC1,seed_1,0.012629971944750712,0.008906928790230926,0.011295941781020282,0.0026790300426072023,0.00762730020461947
bnfix,predictive_coding,PC,IT,FC1,seed_2,0.01023479467969814,0.00933792841684833,0.006412621568805348,0.0030463929042744606,0.006265647629976046
bnfix,predictive_coding,PC,IT,FC1,seed_3,0.009994976025087062,0.008564706521310896,0.0071530555762645215,0.0027680831126886507,0.006161948403421356
bnfix,predictive_coding,PC,IT,FC1,seed_4,0.011488130042615525,0.00902806275942575,0.008346959369354489,0.0037459429013605525,0.007040321676713597
bnfix,stdp,STDP,V1,Conv1,seed_0,0.04277735780976681,0.026740900341305874,0.05389490097791422,0.007040498190050779,0.029225433169756954
bnfix,stdp,STDP,V1,Conv1,seed_1,0.039927079097591536,0.022871646449851107,0.04983107119480114,0.0077398710659516,0.02681419623686795
bnfix,stdp,STDP,V1,Conv1,seed_2,0.03077759230977445,0.02047214447916208,0.0360816755079673,0.005777981530883344,0.02077726717267091
bnfix,stdp,STDP,V1,Conv1,seed_3,0.041044796841617014,0.02734773003876694,0.04879682393061401,0.007535119773428188,0.02789322458093638
bnfix,stdp,STDP,V1,Conv1,seed_4,0.03156615060788203,0.020378291719851647,0.03763898159936104,0.005693637518985695,0.02123697027939946
bnfix,stdp,STDP,V2,Conv1,seed_0,0.02410405748197372,0.014142053547181226,0.03219858282700755,0.0008716934052650289,0.015737443259817935
bnfix,stdp,STDP,V2,Conv1,seed_1,0.02429791273217572,0.014343174521692023,0.03298001421536741,0.0010272223080421015,0.01611680368170051
bnfix,stdp,STDP,V2,Conv1,seed_2,0.015512402456106472,0.011228381160840045,0.020056447920474132,0.00044078406651321,0.01057520438260913
bnfix,stdp,STDP,V2,Conv1,seed_3,0.022269259005964052,0.01479733431488092,0.028112851859968577,0.0014587379570825817,0.014789641377310694
bnfix,stdp,STDP,V2,Conv1,seed_4,0.017471376503740657,0.011436939877301338,0.023647047510814805,0.00042421591634087517,0.011836067768152339
bnfix,stdp,STDP,LOC,Conv3,seed_0,0.004242566066068513,0.0032946341790835863,0.006844344339651094,-0.0018241612710455282,0.0027716057492297177
bnfix,stdp,STDP,LOC,Conv3,seed_1,0.005120253846029303,0.008056687974223585,0.0027247240595521137,-0.00026445568571922975,0.0035056521160188227
bnfix,stdp,STDP,LOC,Conv3,seed_2,0.006500008315590911,0.007553122708771737,0.0038982158017225486,0.0015854539134806818,0.004345597474658323
bnfix,stdp,STDP,LOC,Conv3,seed_3,0.008902368290050046,0.008298878364972546,0.008363081571516075,-0.0001540886567277472,0.005502623759920291
bnfix,stdp,STDP,LOC,Conv3,seed_4,0.003977585420484427,0.004537335753785259,0.003281101159643195,-0.00020742748790276243,0.0025370031418418975
bnfix,stdp,STDP,IT,FC1,seed_0,0.014917350475121403,0.009804035099632905,0.01515836504813218,0.0026131395690837506,0.009191846572282945
bnfix,stdp,STDP,IT,FC1,seed_1,0.014504116258376238,0.008789571098523451,0.013975374998357975,0.004259224902696197,0.009008056999859208
bnfix,stdp,STDP,IT,FC1,seed_2,0.00940908264784678,0.009230556756275553,0.003996653733362065,0.00342869874414086,0.005551969744592826
bnfix,stdp,STDP,IT,FC1,seed_3,0.011700340338044339,0.010740040686985822,0.005719488272297294,0.005018019728974555,0.00715918289608589
bnfix,stdp,STDP,IT,FC1,seed_4,0.014939166415043597,0.012465995090314517,0.010770022953496494,0.004622034138514653,0.009286017394108554
bnfix,random_weights_(bn-calibrated),,V1,Conv1,seed_0,0.007721587252517296,-0.0010563274246918578,0.013383180897996632,0.0021243357779706,0.004817063083758458
bnfix,random_weights_(bn-calibrated),,V1,Conv1,seed_1,0.007354069596802422,-0.00145442286733928,0.01272503903931236,0.0025769863111379542,0.004615867494370344
bnfix,random_weights_(bn-calibrated),,V1,Conv1,seed_2,0.01696499663776539,0.005153915085974503,0.023890880855063436,0.004222025244517611,0.011088940395185183
bnfix,random_weights_(bn-calibrated),,V1,Conv1,seed_3,0.007445647446618534,-0.00020599156311559288,0.010021465024698794,0.0038204106364562312,0.0045452946993464775
bnfix,random_weights_(bn-calibrated),,V1,Conv1,seed_4,0.01433396557290003,0.004594479116608087,0.016080665606360657,0.006040583203871065,0.008905242642279937
bnfix,random_weights_(bn-calibrated),,V2,Conv1,seed_0,0.0028681429360107448,-0.0022638398710186744,0.008141505549340095,0.00018103397964414167,0.0020195665526551872
bnfix,random_weights_(bn-calibrated),,V2,Conv1,seed_1,0.0022900677904042327,-0.0021874382922023494,0.0072254029936625365,-0.00039205851694519957,0.0015486353948383294
bnfix,random_weights_(bn-calibrated),,V2,Conv1,seed_2,0.007878086726666504,0.001483369140817105,0.01377798604854487,0.0004896292829309761,0.0052503281574309835
bnfix,random_weights_(bn-calibrated),,V2,Conv1,seed_3,0.0013221492926269282,-0.001409675789506889,0.003856550059001562,0.0004678509686420967,0.0009715750793789233
bnfix,random_weights_(bn-calibrated),,V2,Conv1,seed_4,0.004766155921121847,0.0019747137348272285,0.007404098205307052,0.0005000462845737545,0.0032929527415693446
bnfix,random_weights_(bn-calibrated),,LOC,Conv3,seed_0,0.0043023776210315825,0.005638001459907217,0.002775827548688086,-0.0005248713516877816,0.0026296525523025072
bnfix,random_weights_(bn-calibrated),,LOC,Conv3,seed_1,0.007697490195700185,0.005486849517917265,0.008203702489365373,-0.00017341393900154907,0.00450571268942703
bnfix,random_weights_(bn-calibrated),,LOC,Conv3,seed_2,0.010013572073111416,0.007582709395181531,0.010152056901365234,0.0005555790325309366,0.006096781776359234
bnfix,random_weights_(bn-calibrated),,LOC,Conv3,seed_3,0.004909958528965308,0.004219157902548706,0.005288897744178846,-0.0007811378046648546,0.002908972614020899
bnfix,random_weights_(bn-calibrated),,LOC,Conv3,seed_4,0.0056361932665390775,0.004313523213082683,0.005410444962982198,-6.471906385017743e-05,0.0032197497040715676
bnfix,random_weights_(bn-calibrated),,IT,FC1,seed_0,0.007658534616238689,0.006513032755252929,0.002525460524965852,0.004086912539786667,0.004375135273335149
bnfix,random_weights_(bn-calibrated),,IT,FC1,seed_1,0.011484451873412398,0.006035785634154245,0.009289737365323228,0.004503603962656476,0.006609708987377983
bnfix,random_weights_(bn-calibrated),,IT,FC1,seed_2,0.012874691841091157,0.008798530076542953,0.010410018906958318,0.0024395365412686696,0.007216028508256647
bnfix,random_weights_(bn-calibrated),,IT,FC1,seed_3,0.006936053822675478,0.004383255156427126,0.004134747388412566,0.0029430303247076094,0.0038203442898491007
bnfix,random_weights_(bn-calibrated),,IT,FC1,seed_4,0.008995284865867086,0.004570907253550579,0.008455705667239122,0.0029972403201344346,0.005341284413641379
original,random_weights,Random Weights,V1,Conv1,seed_0,0.08397746247572552,0.06031808858091946,0.09921147835039185,0.017059440877209828,0.058863002602840386
original,random_weights,Random Weights,V1,Conv1,seed_1,0.06348765067762982,0.04267959255685104,0.07554421982453192,0.0135720699053476,0.04393196076224352
original,random_weights,Random Weights,V1,Conv1,seed_2,0.07813753804189254,0.05617343867241254,0.09098858067274983,0.01639858190128551,0.05452020041548263
original,random_weights,Random Weights,V1,Conv1,seed_3,0.080876654936508,0.05836292631227003,0.09385964605294855,0.017465001038637816,0.05656252446795213
original,random_weights,Random Weights,V1,Conv1,seed_4,0.07084449329545942,0.048884788903097026,0.08197369367149895,0.0161954475478363,0.04901797670747743
original,random_weights,Random Weights,V2,Conv1,seed_0,0.04950554268010902,0.03785665384487314,0.058761649953297995,0.002360216333714608,0.03299284004396191
original,random_weights,Random Weights,V2,Conv1,seed_1,0.03608119977100108,0.02730871029263695,0.04357053938853479,0.0008834520309380067,0.023920900570703247
original,random_weights,Random Weights,V2,Conv1,seed_2,0.04445416174993809,0.03503520731190178,0.0518074236852863,0.0018867142574983619,0.029576448418228818
original,random_weights,Random Weights,V2,Conv1,seed_3,0.04601537728435627,0.03630544630895982,0.053871949637892144,0.0021560678497250176,0.030777821265525664
original,random_weights,Random Weights,V2,Conv1,seed_4,0.040628281793472935,0.03202788599782468,0.04770575750810034,0.0014639480873583496,0.02706586386442779
original,random_weights,Random Weights,LOC,Conv3,seed_0,-0.007902015520103415,0.00593810700669462,-0.014037379154124938,-0.0031169418030245963,-0.003738737983484971
original,random_weights,Random Weights,LOC,Conv3,seed_1,-0.0030586052950885936,0.0054512118968317955,-0.005743085029719388,-0.002500253242733822,-0.0009307087918738048
original,random_weights,Random Weights,LOC,Conv3,seed_2,-0.00221841233038477,0.0074904350927628505,-0.006749013780601432,-0.0017794252597467127,-0.0003460013158617648
original,random_weights,Random Weights,LOC,Conv3,seed_3,-0.006932829088244346,0.00539727819657283,-0.012259324865635335,-0.0030881016901771127,-0.0033167161197465386
original,random_weights,Random Weights,LOC,Conv3,seed_4,-0.005154350479633809,0.005889531869341202,-0.008665017000782768,-0.0031962882706360893,-0.0019905911340258853
original,random_weights,Random Weights,IT,FC1,seed_0,0.006676952719769754,0.003055877509325557,0.008800438878820864,0.0011461808002257063,0.004334165729457376
original,random_weights,Random Weights,IT,FC1,seed_1,0.00798008351788805,0.0018396174695980536,0.009109271715445316,0.0038783105659223566,0.0049423999169885754
original,random_weights,Random Weights,IT,FC1,seed_2,0.01257020109381627,0.004013977784582435,0.01475858078235219,0.00414171465466107,0.007638091073865232
original,random_weights,Random Weights,IT,FC1,seed_3,0.0048299124677838754,0.0015626499175003406,0.003369009616582513,0.0035711580208046957,0.00283427251829585
original,random_weights,Random Weights,IT,FC1,seed_4,0.006801176990453866,0.001446860605891199,0.008636727037350696,0.00305336853933105,0.004378985394190981
original,backprop,BP,V1,Conv1,seed_0,0.02522766325860802,0.014274246340745627,0.029301707604289115,0.006165763402845978,0.016580572449293573
original,backprop,BP,V1,Conv1,seed_1,0.03505938855247281,0.02347147383799202,0.03699495201378748,0.009104947495096197,0.0231904577822919
original,backprop,BP,V1,Conv1,seed_2,0.0324510981295865,0.020444680557312904,0.03724258107635451,0.007102561232432265,0.021596607622033224
original,backprop,BP,V1,Conv1,seed_3,0.030892603803672238,0.019287932977511392,0.0338631767933996,0.00821121562803451,0.020454108466315166
original,backprop,BP,V1,Conv1,seed_4,0.04365620757441247,0.02837197482141354,0.04848326764272199,0.01047358163489227,0.029109608033009268
original,backprop,BP,V2,Conv1,seed_0,0.013255506769212647,0.006725799056530052,0.01697479061447467,0.0025468210967098327,0.008749136922571519
original,backprop,BP,V2,Conv1,seed_1,0.017256119032866203,0.012940017145923695,0.019522722465619945,0.0021241386964497336,0.011528959435997792
original,backprop,BP,V2,Conv1,seed_2,0.018416493290213255,0.01103279322052006,0.02289006401732472,0.002650530195765186,0.012191129144536655
original,backprop,BP,V2,Conv1,seed_3,0.01713119373967052,0.011404391898794308,0.020379007880072793,0.002513672337926254,0.01143235737226445
original,backprop,BP,V2,Conv1,seed_4,0.02622754658846696,0.016949533906324244,0.031701822711854365,0.003590261341491203,0.01741387265322327
original,backprop,BP,LOC,Conv3,seed_0,0.01132654432137633,0.008050040494732047,0.007758818815315457,0.004629523993018842,0.006812794434355448
original,backprop,BP,LOC,Conv3,seed_1,0.011409795734135222,0.006417406013935105,0.009292075012107751,0.004784097541907072,0.006831192855983309
original,backprop,BP,LOC,Conv3,seed_2,0.010246631104054955,0.007004905948348748,0.007904969326208888,0.003714467160474797,0.0062081141450108105
original,backprop,BP,LOC,Conv3,seed_3,0.01311576234811845,0.00695142557777442,0.01214083531296164,0.004457915814946596,0.007850058901894219
original,backprop,BP,LOC,Conv3,seed_4,0.011985574769735375,0.00623467103632187,0.010897738555690144,0.004442644425952871,0.007191684672654961
original,backprop,BP,IT,FC1,seed_0,0.013899277885593494,0.015437779234702161,0.008134272507257357,0.0044539851478817465,0.009342012296613755
original,backprop,BP,IT,FC1,seed_1,0.013847915628754617,0.011436947343762946,0.010960812497768143,0.005820121161294696,0.009405960334275263
original,backprop,BP,IT,FC1,seed_2,0.01061957442425373,0.012908027789013506,0.005348884241549902,0.004186275220773638,0.007481062417112349
original,backprop,BP,IT,FC1,seed_3,0.015171437823342043,0.013118947176031251,0.01123032046656187,0.006132035940892021,0.01016043452782838
original,backprop,BP,IT,FC1,seed_4,0.01273394220512347,0.01096152713787234,0.00905950705214281,0.0052419773328532095,0.008421003840956119
original,feedback_alignment,FA,V1,Conv1,seed_0,0.024149413808973775,0.014061351080604079,0.02713227939092062,0.0063250971371885106,0.015839575869571073
original,feedback_alignment,FA,V1,Conv1,seed_1,0.012633295265918141,0.0027254970110239763,0.017315065448310536,0.00401596567632161,0.008018842711885374
original,feedback_alignment,FA,V1,Conv1,seed_2,0.008514958563912961,-0.0005852497971796402,0.012105715384552145,0.0041360966221573175,0.005218854069843275
original,feedback_alignment,FA,V1,Conv1,seed_3,0.0020832265408764947,-0.006756245815008848,0.008845718101161219,0.001364205795630771,0.0011512260272610474
original,feedback_alignment,FA,V1,Conv1,seed_4,0.01125749539170701,0.00214929891342212,0.015724681500437446,0.0033250992570440846,0.007066359890301217
original,feedback_alignment,FA,V2,Conv1,seed_0,0.009231992259817873,0.006103967583803144,0.0120819981605294,0.0006083129199910027,0.006264759554774516
original,feedback_alignment,FA,V2,Conv1,seed_1,0.004268941552458818,0.0002709041792121706,0.0088336909926838,0.00010408173528881595,0.0030695589690615953
original,feedback_alignment,FA,V2,Conv1,seed_2,0.0015920698472600323,-0.0025132734535455504,0.006689495008232441,-9.127017046392012e-05,0.001361650461407657
original,feedback_alignment,FA,V2,Conv1,seed_3,0.0012914383287688641,-0.004520584615277531,0.007669984761289009,-0.00011629455232582252,0.0010110351978952182
original,feedback_alignment,FA,V2,Conv1,seed_4,0.0033084037249425987,-0.0005415769472207531,0.007635073224089354,-7.433403753215884e-05,0.0023397207464454805
original,feedback_alignment,FA,LOC,Conv3,seed_0,0.006279547654761764,0.005753267783082837,0.005727566239182658,-0.000294945575450821,0.003728629482271558
original,feedback_alignment,FA,LOC,Conv3,seed_1,0.005877238378223331,0.006875120415530722,0.00443025009327049,-0.0014002352229196022,0.0033017117619605365
original,feedback_alignment,FA,LOC,Conv3,seed_2,0.005476050088184826,0.0073362283374439965,0.0038959481170422693,-0.000993082713327698,0.003413031247052856
original,feedback_alignment,FA,LOC,Conv3,seed_3,0.004586498626149345,0.004733427468082836,0.004309755746627399,-0.0009520532028010401,0.0026970433373030653
original,feedback_alignment,FA,LOC,Conv3,seed_4,0.006001016799527275,0.006520342359373491,0.005060220281634775,-0.0009752453452068565,0.0035351057652671367
original,feedback_alignment,FA,IT,FC1,seed_0,0.012143936295978777,0.00816709743044407,0.010100533900170468,0.0026261692759422593,0.006964600202185599
original,feedback_alignment,FA,IT,FC1,seed_1,0.01267290640638895,0.008352462543939041,0.010495233949828183,0.003046750103257133,0.007298148865674786
original,feedback_alignment,FA,IT,FC1,seed_2,0.011232828672538117,0.009042897180779611,0.008487135023885883,0.0021983705335612115,0.006576134246075568
original,feedback_alignment,FA,IT,FC1,seed_3,0.010854075126919358,0.006576366098168112,0.009962726138412595,0.0024516302665989753,0.006330240834393228
original,feedback_alignment,FA,IT,FC1,seed_4,0.010892992314130238,0.009317137733466577,0.007702465267016077,0.0015928055595546586,0.006204136186679104
original,predictive_coding,PC,V1,Conv1,seed_0,0.05238055831364258,0.039415338974708725,0.05771584338245453,0.011099881319271563,0.03607702122547827
original,predictive_coding,PC,V1,Conv1,seed_1,0.06160320695889884,0.04477927194625234,0.0692747153286182,0.012959252312861406,0.042337746529243984
original,predictive_coding,PC,V1,Conv1,seed_2,0.04445426013632353,0.03281556220818879,0.04818330404551555,0.010545011455542198,0.03051462590308218
original,predictive_coding,PC,V1,Conv1,seed_3,0.04936969380282258,0.03640159531552603,0.05357086260929495,0.011455259500151938,0.03380923914165764
original,predictive_coding,PC,V1,Conv1,seed_4,0.07252356639736385,0.051358372708427254,0.07866921754330052,0.01751933334237999,0.04918230786470259
original,predictive_coding,PC,V2,Conv1,seed_0,0.026918813318031132,0.022540788205903932,0.030527017046789246,0.0008813705241353721,0.017983058592276186
original,predictive_coding,PC,V2,Conv1,seed_1,0.03094651852237289,0.024534291143637612,0.03599362706169821,0.0007430118515726162,0.02042364335230281
original,predictive_coding,PC,V2,Conv1,seed_2,0.021768488736865096,0.0191504582149936,0.024443610746190107,0.00036892767866557156,0.014654332213283093
original,predictive_coding,PC,V2,Conv1,seed_3,0.0228799672156832,0.019618471587139773,0.02552744121342101,0.0006686570272591607,0.015271523275939981
original,predictive_coding,PC,V2,Conv1,seed_4,0.036962556182366164,0.02915521512704702,0.04210336554213055,0.0023380842970510234,0.024532221655409536
original,predictive_coding,PC,LOC,Conv3,seed_0,0.0071548026825254745,0.008768711416067578,0.003930035126440291,0.001352225031182683,0.004683657191230184
original,predictive_coding,PC,LOC,Conv3,seed_1,0.0065635382161837634,0.008944007006598673,0.0031100062353167203,0.0008367422027738983,0.004296918481563097
original,predictive_coding,PC,LOC,Conv3,seed_2,0.007099434840022335,0.009097732716185436,0.0033838107649467363,0.0009027512731986649,0.0044614315847769466
original,predictive_coding,PC,LOC,Conv3,seed_3,0.004413544462249166,0.007946068885821762,0.000820166028177801,0.00045916964721383433,0.0030751348537377994
original,predictive_coding,PC,LOC,Conv3,seed_4,0.005017682174449544,0.00618036083808085,0.001784910930288089,0.0017911800050238811,0.00325215059113094
original,predictive_coding,PC,IT,FC1,seed_0,0.012526033328024617,0.010883411498495506,0.007851567681045727,0.00529298306134154,0.008009320746960926
original,predictive_coding,PC,IT,FC1,seed_1,0.014077627808200325,0.012978464641713105,0.011992170148060964,0.001927971585714444,0.008966202125162838
original,predictive_coding,PC,IT,FC1,seed_2,0.01147054763809906,0.010714789196712428,0.007047564067316788,0.003583352664047295,0.007115235309358837
original,predictive_coding,PC,IT,FC1,seed_3,0.012043316418317912,0.010559014043441041,0.0077044334339467615,0.003914708885487964,0.007392718787625255
original,predictive_coding,PC,IT,FC1,seed_4,0.018058087907983345,0.013111472177335798,0.014870799286933018,0.005023858957360991,0.0110020434738766
original,stdp,STDP,V1,Conv1,seed_0,0.07853114492211638,0.05728818640200955,0.09162942757296189,0.013884139767354302,0.05426725124744192
original,stdp,STDP,V1,Conv1,seed_1,0.07020060984687711,0.050298852510557386,0.08054169580232266,0.013231993356407346,0.04802418055642913
original,stdp,STDP,V1,Conv1,seed_2,0.05572583457594805,0.04049319291905232,0.06239026894398417,0.011384615304470033,0.038089359055835506
original,stdp,STDP,V1,Conv1,seed_3,0.06333390083711617,0.048712360571322694,0.06932199611162278,0.012134584296384508,0.043389646993109994
original,stdp,STDP,V1,Conv1,seed_4,0.05290594738621794,0.03883520070706864,0.060397813199390554,0.009385790616763007,0.0362062681744074
original,stdp,STDP,V2,Conv1,seed_0,0.04546080051861799,0.03292794042883985,0.05387020032360988,0.002586977237719481,0.029795039330056408
original,stdp,STDP,V2,Conv1,seed_1,0.042109106350642994,0.029754365633219537,0.051330282863737094,0.0023846719318366314,0.02782310680959775
original,stdp,STDP,V2,Conv1,seed_2,0.028254361994599086,0.022721606971052775,0.033106817260903636,0.000962059120025751,0.01893016111732739
original,stdp,STDP,V2,Conv1,seed_3,0.03327496945597546,0.026957035356731756,0.03783009813965441,0.0010967025732328147,0.021961278689872993
original,stdp,STDP,V2,Conv1,seed_4,0.029765740190463096,0.02207333627493389,0.03676758262226873,0.0007840804708249932,0.01987499978934254
original,stdp,STDP,LOC,Conv3,seed_0,0.004326004575545315,0.0068737002483299624,0.002167533964269848,-0.0002708696040352074,0.002923454869521535
original,stdp,STDP,LOC,Conv3,seed_1,0.0069822185005086876,0.01016417652347718,0.0027188542793240037,0.000920466259789598,0.00460116568753026
original,stdp,STDP,LOC,Conv3,seed_2,0.007452327586285829,0.01037357696727094,0.0032447403260603383,0.0011909350992946439,0.0049364174642086405
original,stdp,STDP,LOC,Conv3,seed_3,0.007092646283365835,0.008739431238871236,0.004523538499943006,1.9774581831452556e-05,0.004427581440215231
original,stdp,STDP,LOC,Conv3,seed_4,0.003117344647345794,0.005688958170871427,0.00018757376282393023,-0.00022709051281837055,0.0018831471402923291
original,stdp,STDP,IT,FC1,seed_0,0.012963580567244363,0.009206438875253346,0.011633424308056564,0.0028971072400736306,0.00791232347446118
original,stdp,STDP,IT,FC1,seed_1,0.012410840231218545,0.009708359923137427,0.011173072089045112,0.003920479692453822,0.008267303901545453
original,stdp,STDP,IT,FC1,seed_2,0.014289041576920805,0.013229484868161445,0.007295812427084557,0.004764013879969873,0.008429770391738626
original,stdp,STDP,IT,FC1,seed_3,0.010279453457405312,0.009838713335785693,0.007372705812725589,0.002643745140125199,0.00661838809621216
original,stdp,STDP,IT,FC1,seed_4,0.009403904083520556,0.0068237220075649885,0.004095022904972544,0.004938787274158923,0.005285844062232152
