rdm_set,rule,paper_col,roi,n_seeds,rho_meanrdm,rho_persub,published,tex_line,abs_diff,reproduced
bnfix,backprop,BP,IT,5,0.01265734728278924,0.008308024028122193,0.013,302,0.0003426527172107601,1.0
bnfix,backprop,BP,LOC,5,0.01261664380414316,0.007493507702692833,0.012,301,0.0006166438041431601,0.0
bnfix,backprop,BP,V1,5,0.03141240716791614,0.020675235211741267,0.034,299,0.00258759283208386,0.0
bnfix,backprop,BP,V2,5,0.01689097893788858,0.011250968504776328,0.019,300,0.0021090210621114193,0.0
bnfix,feedback_alignment,FA,IT,5,0.011467688216697428,0.006610384765751956,0.012,302,0.0005323117833025727,0.0
bnfix,feedback_alignment,FA,LOC,5,0.005642151979687192,0.0033371530219700753,0.006,301,0.0003578480203128079,1.0
bnfix,feedback_alignment,FA,V1,5,0.011521827723429407,0.007309066335258317,0.012,299,0.0004781722765705935,1.0
bnfix,feedback_alignment,FA,V2,5,0.003982039704772462,0.002839616597215649,0.004,300,1.7960295227537754e-05,1.0
bnfix,predictive_coding,PC,IT,5,0.010942854624264382,0.0067513553802692845,0.014,302,0.0030571453757356187,0.0
bnfix,predictive_coding,PC,LOC,5,0.006227490636282083,0.0038707154504544357,0.006,301,0.0002274906362820829,1.0
bnfix,predictive_coding,PC,V1,5,0.016332625340681854,0.010646496102915164,0.056,299,0.03966737465931815,0.0
bnfix,predictive_coding,PC,V2,5,0.00745260240084421,0.005006138095789098,0.028,300,0.02054739759915579,0.0
bnfix,random_weights,Random Weights,IT,5,0.007771663215322429,0.004825581834035597,0.008,302,0.00022833678467757117,1.0
bnfix,random_weights,Random Weights,LOC,5,-0.005053240902157202,-0.0020645503101636856,-0.005,301,5.324090215720178e-05,1.0
bnfix,random_weights,Random Weights,V1,5,0.07546476115155384,0.052579133786152546,0.076,299,0.000535238848446154,0.0
bnfix,random_weights,Random Weights,V2,5,0.043336913730470286,0.028866775388808125,0.043,300,0.0003369137304702896,1.0
bnfix,random_weights_(bn-calibrated),,IT,5,0.009589803403856961,0.005472500294492052,,302,,
bnfix,random_weights_(bn-calibrated),,LOC,5,0.006511918337069514,0.0038721738672362477,,301,,
bnfix,random_weights_(bn-calibrated),,V1,5,0.010764053301320733,0.006794481662988081,,299,,
bnfix,random_weights_(bn-calibrated),,V2,5,0.003824920533366051,0.0026166115851745534,,300,,
bnfix,stdp,STDP,IT,5,0.01309401122688647,0.008039414721385885,0.012,302,0.0010940112268864703,0.0
bnfix,stdp,STDP,LOC,5,0.00574855638764464,0.0037324964483338103,0.006,301,0.0002514436123553605,1.0
bnfix,stdp,STDP,V1,5,0.03721859533332637,0.02518941828792633,0.064,299,0.026781404666673635,0.0
bnfix,stdp,STDP,V2,5,0.020731001635992126,0.01381103209391812,0.036,300,0.015268998364007871,0.0
original,backprop,BP,IT,5,0.013254429593413473,0.008962094683357173,0.013,302,0.00025442959341347333,1.0
original,backprop,BP,LOC,5,0.011616861655484065,0.00697876900197975,0.012,301,0.00038313834451593476,1.0
original,backprop,BP,V1,5,0.033457392263750406,0.022186270870588626,0.034,299,0.0005426077362495965,0.0
original,backprop,BP,V2,5,0.018457371884085916,0.012263091105718738,0.019,300,0.0005426281159140837,0.0
original,feedback_alignment,FA,IT,5,0.011559347763191088,0.006674652067001657,0.012,302,0.00044065223680891247,1.0
original,feedback_alignment,FA,LOC,5,0.005644070309369308,0.00333510431877103,0.006,301,0.000355929690630692,1.0
original,feedback_alignment,FA,V1,5,0.011727677914277677,0.007458971713772397,0.012,299,0.0002723220857223235,1.0
original,feedback_alignment,FA,V2,5,0.003938569142649637,0.0028093449859168933,0.004,300,6.143085735036292e-05,1.0
original,predictive_coding,PC,IT,5,0.013635122620125052,0.00849710408859689,0.014,302,0.00036487737987494877,1.0
original,predictive_coding,PC,LOC,5,0.006049800475086057,0.003953858540487794,0.006,301,4.980047508605645e-05,1.0
original,predictive_coding,PC,V1,5,0.05606625712181028,0.03838418813283293,0.056,299,6.625712181027726e-05,1.0
original,predictive_coding,PC,V2,5,0.0278952687950637,0.01857295581784232,0.028,300,0.00010473120493630084,1.0
original,random_weights,Random Weights,IT,5,0.007771665357942363,0.0048255829265596035,0.008,302,0.00022833464205763727,1.0
original,random_weights,Random Weights,LOC,5,-0.005053242542690987,-0.002064551068998593,-0.005,301,5.324254269098699e-05,1.0
original,random_weights,Random Weights,V1,5,0.07546475988544306,0.05257913299119922,0.076,299,0.0005352401145569397,0.0
original,random_weights,Random Weights,V2,5,0.04333691265577548,0.028866774832569487,0.043,300,0.00033691265577548424,1.0
original,stdp,STDP,IT,5,0.011869363983261915,0.007302725985237913,0.012,302,0.00013063601673808482,1.0
original,stdp,STDP,LOC,5,0.005794108318610292,0.003754353320353599,0.006,301,0.00020589168138970826,1.0
original,stdp,STDP,V1,5,0.06413948751365513,0.043995341205444786,0.064,299,0.00013948751365512602,1.0
original,stdp,STDP,V2,5,0.035772995702059725,0.023676917147239414,0.036,300,0.00022700429794027255,1.0
