quantity,rdm_set,rule,roi,point,ci_lo,ci_hi,boot_sd,frac_boot_gt0
lower,,,V1,0.0570457180247209,0.04547380010293118,0.06876460420537507,0.006190977187148318,1.0
upper,,,V1,0.5752191253187958,0.5689273587656929,0.5813458599628325,0.0032774542128373293,1.0
lower,,,V2,0.0325998765365496,0.02467343515016452,0.04072505601484533,0.003997339646008982,1.0
upper,,,V2,0.5676609723420724,0.5638150741463356,0.5718739337508142,0.0020673409644333765,1.0
lower,,,LOC,0.0338824201987967,0.026734919974893506,0.04180618093155275,0.003776510750777092,1.0
upper,,,LOC,0.5659420844551625,0.5626700659995812,0.5693520812319227,0.0017067560470000814,1.0
lower,,,IT,0.034687220216461,0.028279247756340768,0.04192069894921638,0.0034782769362247893,1.0
upper,,,IT,0.5629506807944339,0.5595411142014235,0.5664372941524073,0.001787820430871083,1.0
persub,original,random_weights,V1,0.0525791329911992,0.03895356717538869,0.06794962716531601,0.007306589629882614,1.0
meanrdm,original,random_weights,V1,0.075464759885443,0.05471529840246539,0.09769999391845748,0.010771605518341758,1.0
diff,original,random_weights,V1,-0.0044665850335216,-0.019369805848848426,0.00999252627051835,0.007650564705424105,0.266
persub,original,random_weights,V2,0.0288667748325694,0.019252088935457476,0.03908455562385269,0.005273773138850268,1.0
meanrdm,original,random_weights,V2,0.0433369126557754,0.02822425669513411,0.05958726129318914,0.00822317627396536,1.0
diff,original,random_weights,V2,-0.0037331017039801,-0.015746453453666882,0.007490294551469,0.0059930660940558265,0.265
persub,original,random_weights,LOC,-0.0020645510689985,-0.008481843965927756,0.004025951632381186,0.0031030879012260387,0.232
meanrdm,original,random_weights,LOC,-0.0050532425426909,-0.015558944427955627,0.0047082768121872245,0.005219851100835562,0.145
diff,original,random_weights,LOC,-0.0359469712677953,-0.045377388971211075,-0.02750598530456385,0.004874217155552126,0.0
persub,original,random_weights,IT,0.0048255829265596,-0.00052032585098446,0.010309747421088089,0.0027876679335977666,0.958
meanrdm,original,random_weights,IT,0.0077716653579423,-0.0009024968707612999,0.01682855201868357,0.004573872524588083,0.954
diff,original,random_weights,IT,-0.0298616372899014,-0.03914358535394736,-0.021434637311701473,0.0045229542266494805,0.0
persub,original,backprop,V1,0.0221862708705886,0.01341775400364535,0.0325948500534484,0.005076660868851221,1.0
meanrdm,original,backprop,V1,0.0334573922637504,0.019735382689035443,0.0489929213751192,0.007553553227109338,1.0
diff,original,backprop,V1,-0.0348594471541322,-0.0487539708878484,-0.02173975088229755,0.0068323603584351964,0.0
persub,original,backprop,V2,0.0122630911057187,0.004821145199287148,0.02078848505610452,0.0038436493507416508,1.0
meanrdm,original,backprop,V2,0.0184573718840859,0.0068375616023956245,0.031022344238140695,0.005979590781078701,1.0
diff,original,backprop,V2,-0.0203367854308309,-0.030957507712072622,-0.009394614011558024,0.005500846286310272,0.0
persub,original,backprop,LOC,0.0069787690019797,0.0007390414488005051,0.01400255602855216,0.0034624169218947587,0.989
meanrdm,original,backprop,LOC,0.011616861655484,0.0007258052656016475,0.023540717542921835,0.005907047118560269,0.987
diff,original,backprop,LOC,-0.0269036511968169,-0.03641978336272937,-0.017369710222790404,0.004914445086578687,0.0
persub,original,backprop,IT,0.0089620946833571,0.00373026633221277,0.014507639302062163,0.0028246864459282937,0.999
meanrdm,original,backprop,IT,0.0132544295934134,0.0044894828687239655,0.021963346365107373,0.004540414786296043,0.999
diff,original,backprop,IT,-0.0257251255331038,-0.033899102899332165,-0.017653589380832627,0.004203759255429772,0.0
persub,original,feedback_alignment,V1,0.0074589717137723,-0.000655469398775845,0.01644016719569982,0.0045343506542312355,0.965
meanrdm,original,feedback_alignment,V1,0.0117276779142776,2.5049308246073343e-05,0.026017897448484595,0.006789837889273523,0.975
diff,original,feedback_alignment,V1,-0.0495867463109485,-0.06469018447981445,-0.035092236442946706,0.0074054942672460156,0.0
persub,original,feedback_alignment,V2,0.0028093449859168,-0.00356536712450224,0.0096522078274985,0.003377651978200109,0.793
meanrdm,original,feedback_alignment,V2,0.0039385691426496,-0.006068952379770655,0.014685849095412583,0.005314572402219582,0.781
diff,original,feedback_alignment,V2,-0.0297905315506327,-0.04085774752966944,-0.019596131147778667,0.005561845641813828,0.0
persub,original,feedback_alignment,LOC,0.003335104318771,-0.0028894514598839876,0.00986866778522134,0.0032820877761721916,0.84
meanrdm,original,feedback_alignment,LOC,0.0056440703093693,-0.005144116511223205,0.016599233338689335,0.005551903920374044,0.847
diff,original,feedback_alignment,LOC,-0.0305473158800257,-0.03993534763395341,-0.022033586191705083,0.004623811460748973,0.0
persub,original,feedback_alignment,IT,0.0066746520670016,0.0007896248280214376,0.0120848257885902,0.002954128662248202,0.988
meanrdm,original,feedback_alignment,IT,0.011559347763191,0.0021003279795973177,0.020435473792963083,0.004866883883138136,0.991
diff,original,feedback_alignment,IT,-0.0280125681494594,-0.037055952043279355,-0.019767144922192333,0.004345681553488944,0.0
persub,original,predictive_coding,V1,0.0383841881328329,0.02741606080395227,0.05070691717092035,0.005773960251672861,1.0
meanrdm,original,predictive_coding,V1,0.0560662571218102,0.03970438192832915,0.0736712721081881,0.00858991591574191,1.0
diff,original,predictive_coding,V1,-0.0186615298918879,-0.03119877059661602,-0.004598804290884636,0.006785529420307659,0.003
persub,original,predictive_coding,V2,0.0185729558178423,0.011261371366983047,0.026475807420013635,0.003927991515428506,1.0
meanrdm,original,predictive_coding,V2,0.0278952687950636,0.01688686917723288,0.04047455814773927,0.006145206951581782,1.0
diff,original,predictive_coding,V2,-0.0140269207187073,-0.023891985614789033,-0.004497469133523627,0.005127434392990504,0.002
persub,original,predictive_coding,LOC,0.0039538585404877,-0.0005425200397793299,0.008700493193358697,0.0023582126802520575,0.954
meanrdm,original,predictive_coding,LOC,0.006049800475086,-0.0015470335620766098,0.013718541829229557,0.0039881136504613945,0.931
diff,original,predictive_coding,LOC,-0.0299285616583089,-0.03870406346922243,-0.021811215375325564,0.004393405910276629,0.0
persub,original,predictive_coding,IT,0.0084971040885968,0.00356754073691962,0.013559320436659528,0.0025340205897737686,1.0
meanrdm,original,predictive_coding,IT,0.013635122620125,0.005562923923795013,0.021768989863409808,0.00422078665982997,1.0
diff,original,predictive_coding,IT,-0.0261901161278641,-0.03462646516684531,-0.01861709703480934,0.0041577623833561304,0.0
persub,original,stdp,V1,0.0439953412054447,0.033182549061080306,0.056206400936521635,0.005800176197683136,1.0
meanrdm,original,stdp,V1,0.0641394875136551,0.047915583265347145,0.08151852801801292,0.008636230959216624,1.0
diff,original,stdp,V1,-0.0130503768192761,-0.025124165386085348,-0.00033945159154336816,0.00642176156471356,0.022
persub,original,stdp,V2,0.0236769171472394,0.016135251191891655,0.03185986406118869,0.0039650946938630085,1.0
meanrdm,original,stdp,V2,0.0357729957020597,0.024253023341806863,0.04806955891763761,0.006168546545115691,1.0
diff,original,stdp,V2,-0.0089229593893102,-0.018901324486644486,0.0006569587544767319,0.005031067371166848,0.034
persub,original,stdp,LOC,0.0037543533203535,-0.0009025026897688599,0.008516688163319002,0.002419152828240156,0.936
meanrdm,original,stdp,LOC,0.0057941083186102,-0.0022961180682546547,0.0139450097573981,0.004008247211755533,0.924
diff,original,stdp,LOC,-0.0301280668784431,-0.03875589918451567,-0.02175181676285215,0.004346745097373374,0.0
persub,original,stdp,IT,0.0073027259852379,0.002628996214208025,0.011779763778235898,0.0023618048179154566,1.0
meanrdm,original,stdp,IT,0.0118693639832619,0.004163216796316635,0.019427791125992466,0.003926082673446823,1.0
diff,original,stdp,IT,-0.0273844942312231,-0.03573583730817007,-0.019872098659558763,0.004111954371337888,0.0
persub,bnfix,random_weights,V1,0.0525791337861525,0.03895356981890458,0.06794962569445222,0.007306589856125023,1.0
meanrdm,bnfix,random_weights,V1,0.0754647611515538,0.05471529859377213,0.09769999482290104,0.010771605926472442,1.0
diff,bnfix,random_weights,V1,-0.0044665842385683,-0.01936980408942585,0.009992524654656816,0.0076505648173060305,0.266
persub,bnfix,random_weights,V2,0.0288667753888081,0.019252090006212474,0.0390845582572181,0.005273773351188935,1.0
meanrdm,bnfix,random_weights,V2,0.0433369137304702,0.028224256574296443,0.05958726275955623,0.008223176628618559,1.0
diff,bnfix,random_weights,V2,-0.0037331011477415,-0.015746454521297467,0.00749029206720306,0.005993066257084803,0.265
persub,bnfix,random_weights,LOC,-0.0020645503101636,-0.008481839854377964,0.004025951588324046,0.0031030877998887057,0.232
meanrdm,bnfix,random_weights,LOC,-0.0050532409021572,-0.0155589343543238,0.004708273415069157,0.005219850928601086,0.145
diff,bnfix,random_weights,LOC,-0.0359469705089604,-0.04537738683813368,-0.027505983374678356,0.004874217012184736,0.0
persub,bnfix,random_weights,IT,0.0048255818340355,-0.0005203222737608874,0.010309749870224491,0.002787668257511226,0.958
meanrdm,bnfix,random_weights,IT,0.0077716632153224,-0.0009025115987238199,0.01682855517015638,0.0045738729400915746,0.954
diff,bnfix,random_weights,IT,-0.0298616383824254,-0.03914358219996618,-0.02143463639373248,0.00452295453530537,0.0
persub,bnfix,backprop,V1,0.0206752352117412,0.012293035668977489,0.030816723336083707,0.004911957828045335,1.0
meanrdm,bnfix,backprop,V1,0.0314124071679161,0.01833188239733644,0.046776249882719216,0.007345773369506045,1.0
diff,bnfix,backprop,V1,-0.0363704828129796,-0.05022069339151485,-0.02323129320580118,0.006792055692170802,0.0
persub,bnfix,backprop,V2,0.0112509685047763,0.004088904036161597,0.019272805436156712,0.0036486322913326804,1.0
meanrdm,bnfix,backprop,V2,0.0168909789378885,0.005893607134430275,0.029301144182014953,0.005690128782063758,1.0
diff,bnfix,backprop,V2,-0.0213489080317733,-0.031815993501817075,-0.010684984611458583,0.0053852172319994625,0.0
persub,bnfix,backprop,LOC,0.0074935077026928,0.0012944473329184203,0.014448114855602915,0.0034707844442703165,0.99
meanrdm,bnfix,backprop,LOC,0.0126166438041431,0.0017919767844722227,0.024301857769780767,0.005924908138648782,0.99
diff,bnfix,backprop,LOC,-0.0263889124961039,-0.03596936450159366,-0.016904778918743306,0.004892561966072346,0.0
persub,bnfix,backprop,IT,0.0083080240281221,0.0035125551057681175,0.01348493722894609,0.0026632515893203683,0.998
meanrdm,bnfix,backprop,IT,0.0126573472827892,0.00477933372745443,0.020915605274736324,0.004275811159161602,0.998
diff,bnfix,backprop,IT,-0.0263791961883388,-0.03445110195246033,-0.01838148494593847,0.004103268012216199,0.0
persub,bnfix,feedback_alignment,V1,0.0073090663352583,-0.0008664060817980399,0.016344071499105436,0.004546267530659873,0.965
meanrdm,bnfix,feedback_alignment,V1,0.0115218277234294,-0.00012039811742052714,0.025851763033704026,0.006800240575705238,0.972
diff,bnfix,feedback_alignment,V1,-0.0497366516894626,-0.06479825845836117,-0.03529323732091713,0.007417270734113745,0.0
persub,bnfix,feedback_alignment,V2,0.0028396165972156,-0.00359493501125571,0.009714230213278673,0.003407222673550158,0.794
meanrdm,bnfix,feedback_alignment,V2,0.0039820397047724,-0.006167643275500623,0.014943550985601928,0.005358996035849238,0.776
diff,bnfix,feedback_alignment,V2,-0.0297602599393339,-0.04083052004987252,-0.01951660523086012,0.005584505935413616,0.0
persub,bnfix,feedback_alignment,LOC,0.00333715302197,-0.00286442039492838,0.009874704505192648,0.0032868671754056316,0.839
meanrdm,bnfix,feedback_alignment,LOC,0.0056421519796871,-0.005117174433195987,0.016605676347953884,0.005559887597050427,0.848
diff,bnfix,feedback_alignment,LOC,-0.0305452671768266,-0.03995194887429297,-0.022074160575670142,0.0046254133885438465,0.0
persub,bnfix,feedback_alignment,IT,0.0066103847657519,0.0006538254662020775,0.012189636181536087,0.0029615511632532414,0.988
meanrdm,bnfix,feedback_alignment,IT,0.0114676882166974,0.0018359663153219975,0.020730713523182648,0.004875615799658207,0.99
diff,bnfix,feedback_alignment,IT,-0.0280768354507091,-0.03727237588342479,-0.019919534704513846,0.004344329236391591,0.0
persub,bnfix,predictive_coding,V1,0.0106464961029151,0.002537485414679845,0.020516503171399268,0.004670445648656013,0.996
meanrdm,bnfix,predictive_coding,V1,0.0163326253406818,0.004091149203911563,0.03091700724674066,0.006966144412517828,0.999
diff,bnfix,predictive_coding,V1,-0.0463992219218057,-0.061581022097454724,-0.03210148336039239,0.007317581813761543,0.0
persub,bnfix,predictive_coding,V2,0.005006138095789,-0.0016852006926159325,0.012246650566686865,0.0034940018309079094,0.928
meanrdm,bnfix,predictive_coding,V2,0.0074526024008442,-0.002788393702993065,0.018844430944937342,0.005469327851644521,0.917
diff,bnfix,predictive_coding,V2,-0.0275937384407605,-0.03848834787915497,-0.01706302346470283,0.005559195653976393,0.0
persub,bnfix,predictive_coding,LOC,0.0038707154504544,-0.0016787721669145076,0.009703523872984832,0.002913385766971274,0.907
meanrdm,bnfix,predictive_coding,LOC,0.006227490636282,-0.0031624319848637945,0.016453755685442186,0.004965911714790416,0.896
diff,bnfix,predictive_coding,LOC,-0.0300117047483423,-0.038746794300315315,-0.021609453738746093,0.0044678371003640934,0.0
persub,bnfix,predictive_coding,IT,0.0067513553802692,0.0012419216961576925,0.012181140387267952,0.002762086232266912,0.991
meanrdm,bnfix,predictive_coding,IT,0.0109428546242643,0.0021381738751368676,0.019542873347640953,0.0045253773383626536,0.991
diff,bnfix,predictive_coding,IT,-0.0279358648361917,-0.036585716412275905,-0.019449991604223633,0.004279595138860209,0.0
persub,bnfix,stdp,V1,0.0251894182879263,0.01605988252912635,0.035563473193305106,0.005172784625964598,1.0
meanrdm,bnfix,stdp,V1,0.0372185953333263,0.023243706066378426,0.053214019155853325,0.007729364891010348,1.0
diff,bnfix,stdp,V1,-0.0318562997367945,-0.04601544677911607,-0.01873219811154212,0.006850266859985638,0.0
persub,bnfix,stdp,V2,0.0138110320939181,0.006622401321208023,0.021752817001784348,0.003789277982469605,1.0
meanrdm,bnfix,stdp,V2,0.0207310016359921,0.009509006184176796,0.03303677899520092,0.005929486771845749,1.0
diff,bnfix,stdp,V2,-0.0187888444426315,-0.02911711449147836,-0.008424549054931946,0.005434585783184025,0.0
persub,bnfix,stdp,LOC,0.0037324964483338,-0.0020119911113315324,0.00954294430413556,0.0029268481015639054,0.905
meanrdm,bnfix,stdp,LOC,0.0057485563876446,-0.004130871097397795,0.014900615874123302,0.004879290277101205,0.88
diff,bnfix,stdp,LOC,-0.0301499237504629,-0.03947636663388219,-0.021536157806560166,0.004575631906475022,0.0
persub,bnfix,stdp,IT,0.0080394147213858,0.0029542047174139427,0.013114463692937268,0.0025914253674438397,1.0
meanrdm,bnfix,stdp,IT,0.0130940112268864,0.004372361054592302,0.021194263148210102,0.004283360501160767,1.0
diff,bnfix,stdp,IT,-0.0266478054950751,-0.035463136164567206,-0.019116612508959338,0.004122302600041324,0.0
