convention,roi,arm,res,gap,boot_lo,boot_hi,boot_sd,seed_t_lo,seed_t_hi,seeds_positive,gap_seed0,gap_seed1,gap_seed2,gap_seed3,gap_seed4
persub,V1,NATIVE,32,-0.0006896894642351714,-0.010867687028360811,0.009028424719099473,0.005108112702743514,-0.014830081002448928,0.013450702073978586,3,0.005918667264283653,-0.010010629250969634,0.009445767813879472,0.006955423839510005,-0.015757676987879353
persub,V1,NATIVE,64,0.009741775427727384,-0.00162563923444733,0.020525612428808637,0.0056135909446222735,-0.004133316531387526,0.023616867386842294,3,0.018052608509536362,-0.0001247335973578942,0.01905200964734031,0.016264526904184215,-0.004535534325066079
persub,V1,NATIVE,96,0.017537169005559367,0.005719782536757778,0.02876355003323907,0.00582708623464575,0.004220878277757429,0.030853459733361305,5,0.026732170981580542,0.0077943423697656375,0.026121187627034394,0.022862994919961015,0.004175149129455248
persub,V1,NATIVE,128,0.02268817451800035,0.01069484461220873,0.034186591105064154,0.005955439641961708,0.009738054797992262,0.03563829423800843,5,0.032460076498019255,0.013126622684269493,0.030603199640828527,0.02735871337272112,0.009892260394163348
persub,V1,NATIVE,160,0.02572613364083077,0.013503374710015354,0.03736281601255064,0.006022719389365439,0.013070317250090696,0.03838195003157084,5,0.035757833186032095,0.016418000993502317,0.033243136800997594,0.029907153097416327,0.013304544126205513
persub,V1,NATIVE,224,0.030445937983289578,0.01814899493637817,0.0422934415076323,0.006111328515619449,0.018154060340459337,0.04273781562611982,5,0.041025413870530374,0.02120645182327305,0.037256845529383215,0.03395671203564272,0.01878426665761853
persub,V1,UPSAMPLED,32,-0.0006896894642351714,-0.010867687028360811,0.009028424719099473,0.005108112702743514,-0.014830081002448928,0.013450702073978586,3,0.005918667264283653,-0.010010629250969634,0.009445767813879472,0.006955423839510005,-0.015757676987879353
persub,V1,UPSAMPLED,64,0.03233254413596378,0.020288862558763752,0.04416969916279447,0.006065294341224668,0.022435447002321352,0.04222964126960621,5,0.041223390197700105,0.02373656985651347,0.034622197331913684,0.03784529597582141,0.02423526731787024
persub,V1,UPSAMPLED,96,0.035841446904087595,0.023460759078973322,0.04768401718083605,0.006162469049994951,0.026977283987959573,0.04470560982021562,5,0.04457986373434269,0.027762429570016955,0.03719323444193888,0.04023851733351477,0.029433189440624688
persub,V1,UPSAMPLED,128,0.035526525105903456,0.023445248860847246,0.04721967050484087,0.006065881648676341,0.027029348691442627,0.044023701520364285,5,0.044366917015267765,0.028000530939310035,0.03624902188985238,0.039504962652143705,0.0295111930329434
persub,V1,UPSAMPLED,160,0.03531250288412844,0.02333005344548262,0.047001688080848494,0.0060145722692389525,0.026966897135396038,0.04365810863286084,5,0.044375842045385874,0.028062309164756792,0.035845847546837575,0.038773748999483326,0.029504766664178624
persub,V1,UPSAMPLED,224,0.03468056701421488,0.02288015148463428,0.04635325165000247,0.005928784971593156,0.026483630960821587,0.04287750306760818,5,0.04397113236358013,0.02781084050894591,0.0349760752182845,0.0376258074974055,0.029018979482858375
persub,LOC,NATIVE,32,0.012149975510526118,0.004757738075076087,0.01946132756203346,0.003671801388751686,0.00974547184940448,0.014554479171647757,5,0.014631180670686578,0.010892529484891608,0.009623462901577423,0.012676860703761167,0.012925843791713812
persub,LOC,NATIVE,64,0.014285917936086797,0.005585147995432397,0.02287625240076374,0.004421838934860755,0.012358680045132419,0.016213155827041175,5,0.015967375480964375,0.013193711811648506,0.012180636578732721,0.01517616938760145,0.01491169642148693
persub,LOC,NATIVE,96,0.013150469939641168,0.004151122184633311,0.02225750249572756,0.004629671927014404,0.011434436271223135,0.014866503608059202,5,0.014494843111947393,0.012472006886957002,0.011085163403929964,0.014103031199361555,0.013597305096009924
persub,LOC,NATIVE,128,0.012252030042801643,0.0033850243676621255,0.021366159911924844,0.004669155007811676,0.010591463292222844,0.013912596793380442,5,0.0136554657287162,0.011413581711361307,0.010468214116445355,0.01338910808266228,0.01233378057482307
persub,LOC,NATIVE,160,0.012093243209772196,0.003381743699893836,0.021495819608864753,0.004708031423367477,0.010417626851312653,0.013768859568231739,5,0.013430517403240305,0.011100488737211782,0.010432235470482552,0.013416746632191199,0.012086227805735142
persub,LOC,NATIVE,224,0.011279681790422574,0.002501847517632417,0.021007282888151034,0.004698778065182073,0.009538092394894076,0.013021271185951073,5,0.012459986466661974,0.010215631301609697,0.009666657725891205,0.012928650487465908,0.011127482970484092
persub,LOC,UPSAMPLED,32,0.012149975510526118,0.004757738075076087,0.01946132756203346,0.003671801388751686,0.00974547184940448,0.014554479171647757,5,0.014631180670686578,0.010892529484891608,0.009623462901577423,0.012676860703761167,0.012925843791713812
persub,LOC,UPSAMPLED,64,0.003502041472304332,-0.0027573706020563565,0.01027402575384411,0.0033934584621225653,0.002616664016602075,0.004387418928006589,5,0.004098660460007268,0.0026403737670559237,0.0029159920449898223,0.0035886665989412233,0.0042665144905274215
persub,LOC,UPSAMPLED,96,0.0026234665034295594,-0.0034799464188628045,0.009304727386855003,0.0033219651265212666,0.0020491143992105265,0.0031978186076485923,5,0.0031796451988876317,0.0024712854250700748,0.0020365391605910157,0.0024301843713901254,0.002999678361208948
persub,LOC,UPSAMPLED,128,0.002312679007045514,-0.0036570983948518467,0.009043070186067334,0.003297433708877093,0.0017636686447701415,0.002861689369320887,5,0.0029394260536325907,0.0020989185794693965,0.001806044842850583,0.0021564725188700116,0.0025625330404049876
persub,LOC,UPSAMPLED,160,0.0024050881572005092,-0.0035429069963202587,0.008981103151514833,0.0033013656798495036,0.0018472283258500009,0.0029629479885510176,5,0.003036299724011546,0.0023038453871752043,0.0018006868652484876,0.002318458786704534,0.002566150022862774
persub,LOC,UPSAMPLED,224,0.002557685608814967,-0.003561015934221944,0.008890546509574049,0.003311317184617987,0.0019382214331590732,0.0031771497844708604,5,0.0032310534079349603,0.002415621038007543,0.00184716751380539,0.0026238734901234866,0.0026707125942034547
meanrdm,V1,NATIVE,32,-0.002160553487598314,-0.017362269607044862,0.01174299114118564,0.007508104552375121,-0.022230985273539196,0.017909878298342567,3,0.007137619434421177,-0.015288784729630939,0.012504049085172178,0.00843103259686457,-0.023586683824818558
meanrdm,V1,NATIVE,64,0.012353809078220099,-0.00424145306303796,0.02817071944879462,0.008281099504625406,-0.007345223022209349,0.032052841178649545,3,0.02409361830340441,-0.0015617023968861263,0.02587127974915391,0.021316649624437516,-0.007950799889009222
meanrdm,V1,NATIVE,96,0.02342082815328844,0.006308748905300587,0.04039341935346675,0.008622833167372394,0.004551460485706656,0.04229019582087022,5,0.03643513374446291,0.00970790049513405,0.03586908150782529,0.030629841804111678,0.004462183214908252
meanrdm,V1,NATIVE,128,0.030780913965312656,0.013274944768833362,0.04780444037624332,0.008833925785186538,0.012448805335337963,0.04911302259528735,5,0.04464527304047351,0.017325564966116487,0.04225149614885145,0.03701725340485676,0.012664982266265078
meanrdm,V1,NATIVE,160,0.03513749208125068,0.017506269079463878,0.052330471816680484,0.008948988086963594,0.017236158768128253,0.0530388253943731,5,0.04937805908187974,0.022066591755427106,0.04602398985651021,0.04065476518690808,0.017564054525528214
meanrdm,V1,NATIVE,224,0.04201495410188578,0.023931881383559873,0.05933230898357474,0.009098154616298917,0.024643967190506273,0.05938594101326528,5,0.057047762805607985,0.02904964139775356,0.051870698637196046,0.046555426312955644,0.025551241355915667
meanrdm,V1,UPSAMPLED,32,-0.002160553487598314,-0.017362269607044862,0.01174299114118564,0.007508104552375121,-0.022230985273539196,0.017909878298342567,3,0.007137619434421177,-0.015288784729630939,0.012504049085172178,0.00843103259686457,-0.023586683824818558
meanrdm,V1,UPSAMPLED,64,0.04557199887237903,0.027704075930029565,0.063119023314934,0.008951756972704235,0.031755015602103726,0.05938898214265434,5,0.058156599584993696,0.03357588191218966,0.04872373792233711,0.05308549703428456,0.03431827790809014
meanrdm,V1,UPSAMPLED,96,0.05066679689348993,0.03286987330998702,0.06854305819479971,0.009103471586018689,0.03837144979205026,0.0629621439949296,5,0.0630055297239742,0.03946308410776396,0.05244005204166051,0.056529842352988774,0.04189547624106217
meanrdm,V1,UPSAMPLED,128,0.050256600774000584,0.03273903002141833,0.06776781688100786,0.008962447936333943,0.038504571862221726,0.06200862968577944,5,0.06272923300286017,0.03986806970536653,0.05111372999192103,0.0554858779002473,0.04208609326960784
meanrdm,V1,UPSAMPLED,160,0.04993990497539369,0.03254169394702028,0.06726035649964085,0.00888803114351657,0.03840233523356594,0.06147747471722144,5,0.06273493862742109,0.03995778359060453,0.05052118875688115,0.054403688252239166,0.04208192564982249
meanrdm,V1,UPSAMPLED,224,0.04904127678768777,0.031774135360691444,0.06616951575423935,0.008762309119530366,0.03771154474947178,0.06037100882590376,5,0.06216125298969073,0.03961784740223691,0.04927858910437206,0.05274476130754087,0.04140393313459827
meanrdm,LOC,NATIVE,32,0.021425747227851396,0.008743035175037807,0.03415126581781876,0.006259173380449652,0.017345441607190478,0.025506052848512314,5,0.025674427022229336,0.019015579394202085,0.017368520814233967,0.02208082032640655,0.022989388582185032
meanrdm,LOC,NATIVE,64,0.026091631126932947,0.011175981242247132,0.04081268466741857,0.0075724102970247545,0.022759454681894237,0.029423807571971657,5,0.028959530971005433,0.02421410401791944,0.02242732634243412,0.027261857791758083,0.02759533651154765
meanrdm,LOC,NATIVE,96,0.02421110456169326,0.008367458311746234,0.03991013906829724,0.007962030249819608,0.02128660740516676,0.027135601718219757,5,0.02643477267379472,0.02307698209737319,0.020626898465763346,0.02543959104407341,0.025477278527461615
meanrdm,LOC,NATIVE,128,0.022649769846369565,0.007697040257947293,0.038830404906203486,0.008044687575852806,0.019892760235363946,0.025406779457375184,5,0.02491720632758125,0.02119884585187891,0.019573931194110866,0.024259779249931644,0.023299086608345163
meanrdm,LOC,NATIVE,160,0.022398036400213636,0.007536315558882795,0.03878250160278273,0.008128485271901157,0.01967035332698197,0.0251257194734453,5,0.024499974422057015,0.0207041658183202,0.01957564019855084,0.02435882725054507,0.02285157431159505
meanrdm,LOC,NATIVE,224,0.02088142058225504,0.005151082203456206,0.03776966189670887,0.008118639762836857,0.01807952309287618,0.023683318071633902,5,0.02264880535177262,0.019076793240942472,0.018158305554905003,0.023436950345117277,0.021086248418537824
meanrdm,LOC,UPSAMPLED,32,0.021425747227851396,0.008743035175037807,0.03415126581781876,0.006259173380449652,0.017345441607190478,0.025506052848512314,5,0.025674427022229336,0.019015579394202085,0.017368520814233967,0.02208082032640655,0.022989388582185032
meanrdm,LOC,UPSAMPLED,64,0.007033076838417871,-0.0037964943881775757,0.018524679342542455,0.005795083312386781,0.005287035861066915,0.008779117815768827,5,0.008043263978373103,0.005369532425622487,0.005969217932391985,0.0070211556153802444,0.008762214240321534
meanrdm,LOC,UPSAMPLED,96,0.005268174847353192,-0.005423617724328571,0.016763448584803723,0.00569426294840744,0.0040039438222515805,0.006532405872454804,5,0.006405700919396087,0.004871713630336711,0.0040509360502446155,0.004764462741205379,0.00624806089558317
meanrdm,LOC,UPSAMPLED,128,0.004516077884099264,-0.0062499110430379035,0.015969145175462853,0.005658945652833195,0.003371169130421903,0.005660986637776625,5,0.0057314489548404325,0.0040482973390903705,0.003485659857920715,0.004108312615435131,0.005206670653209671
meanrdm,LOC,UPSAMPLED,160,0.004597798779534491,-0.006259264689225843,0.016046009244322076,0.005669075853705036,0.0034490348688707238,0.005746562690198258,5,0.005865016219126968,0.00431305775506729,0.0034157283056116777,0.00429777561851885,0.0050974159993476655
meanrdm,LOC,UPSAMPLED,224,0.004777000083142249,-0.006050901654507584,0.016029669225057358,0.0056929831036760395,0.00355162169795583,0.0060023784683286684,5,0.006149220699632999,0.004441947173527273,0.0034444025362667377,0.00472340062378362,0.005126029382500615
