stimulus,image
acorn_01b.jpg,acorn\acorn_01b.jpg
airbag_01b.jpg,airbag\airbag_01b.jpg
aircraft_carrier_01b.jpg,aircraft_carrier\aircraft_carrier_01b.jpg
airplane_01b.jpg,airplane\airplane_01b.jpg
alligator_01b.jpg,alligator\alligator_01b.jpg
aloe_01b.jpg,aloe\aloe_01b.jpg
altar_01b.jpg,altar\altar_01b.jpg
aluminum_foil_01b.jpg,aluminum_foil\aluminum_foil_01b.jpg
anchor_01b.jpg,anchor\anchor_01b.jpg
anklet_01b.jpg,anklet\anklet_01b.jpg
ant_01b.jpg,ant\ant_01b.jpg
anteater_01b.jpg,anteater\anteater_01b.jpg
antelope_01b.jpg,antelope\antelope_01b.jpg
antenna_01b.jpg,antenna\antenna_01b.jpg
anvil_01b.jpg,anvil\anvil_01b.jpg
apple_01b.jpg,apple\apple_01b.jpg
applesauce_01b.jpg,applesauce\applesauce_01b.jpg
artichoke_01b.jpg,artichoke\artichoke_01b.jpg
ashtray_01s.jpg,ashtray\ashtray_01s.jpg
asparagus_01b.jpg,asparagus\asparagus_01b.jpg
avocado_01b.jpg,avocado\avocado_01b.jpg
axe_01b.jpg,axe\axe_01b.jpg
baby_01b.jpg,baby\baby_01b.jpg
backpack_01b.jpg,backpack\backpack_01b.jpg
bag_01b.jpg,bag\bag_01b.jpg
bagel_01s.jpg,bagel\bagel_01s.jpg
ball_01b.jpg,ball\ball_01b.jpg
balloon_01b.jpg,balloon\balloon_01b.jpg
bamboo_01b.jpg,bamboo\bamboo_01b.jpg
banana_01b.jpg,banana\banana_01b.jpg
banana_split_01b.jpg,banana_split\banana_split_01b.jpg
bandage_01b.jpg,bandage\bandage_01b.jpg
banner_01b.jpg,banner\banner_01b.jpg
barnacle_01s.jpg,barnacle\barnacle_01s.jpg
barrel_01b.jpg,barrel\barrel_01b.jpg
basket_01b.jpg,basket\basket_01b.jpg
bassinet_01b.jpg,bassinet\bassinet_01b.jpg
battery_01b.jpg,battery\battery_01b.jpg
beachball_01b.jpg,beachball\beachball_01b.jpg
beaker_01b.jpg,beaker\beaker_01b.jpg
bean_01b.jpg,bean\bean_01b.jpg
bear_01b.jpg,bear\bear_01b.jpg
beaver_01b.jpg,beaver\beaver_01b.jpg
bed_01b.jpg,bed\bed_01b.jpg
bee_01b.jpg,bee\bee_01b.jpg
beer_01s.jpg,beer\beer_01s.jpg
beet_01b.jpg,beet\beet_01b.jpg
beetle_01b.jpg,beetle\beetle_01b.jpg
bell_01b.jpg,bell\bell_01b.jpg
bench_01b.jpg,bench\bench_01b.jpg
bib_01n.jpg,bib\bib_01n.jpg
bike_01b.jpg,bike\bike_01b.jpg
binoculars_01s.jpg,binoculars\binoculars_01s.jpg
bird_01b.jpg,bird\bird_01b.jpg
birdcage_01b.jpg,birdcage\birdcage_01b.jpg
birdhouse_01b.jpg,birdhouse\birdhouse_01b.jpg
bison_01b.jpg,bison\bison_01b.jpg
blackberry_01b.jpg,blackberry\blackberry_01b.jpg
blanket_01b.jpg,blanket\blanket_01b.jpg
blazer_01b.jpg,blazer\blazer_01b.jpg
blender_01b.jpg,blender\blender_01b.jpg
blimp_01b.jpg,blimp\blimp_01b.jpg
blind_01b.jpg,blind\blind_01b.jpg
blowtorch_01b.jpg,blowtorch\blowtorch_01b.jpg
blueberry_01b.jpg,blueberry\blueberry_01b.jpg
boa_01s.jpg,boa\boa_01s.jpg
boar_01b.jpg,boar\boar_01b.jpg
boat_01b.jpg,boat\boat_01b.jpg
bobsled_01s.jpg,bobsled\bobsled_01s.jpg
bolt_01b.jpg,bolt\bolt_01b.jpg
book_01b.jpg,book\book_01b.jpg
boot_01b.jpg,boot\boot_01b.jpg
bottle_01b.jpg,bottle\bottle_01b.jpg
bow2_01s.jpg,bow2\bow2_01s.jpg
bowl_01b.jpg,bowl\bowl_01b.jpg
boxer_shorts_01b.jpg,boxer_shorts\boxer_shorts_01b.jpg
boxing_gloves_01b.jpg,boxing_gloves\boxing_gloves_01b.jpg
boy_01b.jpg,boy\boy_01b.jpg
brace_01b.jpg,brace\brace_01b.jpg
bracelet2_01b.jpg,bracelet2\bracelet2_01b.jpg
bracket_01b.jpg,bracket\bracket_01b.jpg
bread_01b.jpg,bread\bread_01b.jpg
breadbox_01b.jpg,breadbox\breadbox_01b.jpg
breadstick_01b.jpg,breadstick\breadstick_01b.jpg
broccoli_01b.jpg,broccoli\broccoli_01b.jpg
broom_01b.jpg,broom\broom_01b.jpg
brownie_01b.jpg,brownie\brownie_01b.jpg
brush_01s.jpg,brush\brush_01s.jpg
bubble_01b.jpg,bubble\bubble_01b.jpg
bucket_01b.jpg,bucket\bucket_01b.jpg
buggy_01s.jpg,buggy\buggy_01s.jpg
bulldozer_01b.jpg,bulldozer\bulldozer_01b.jpg
bullet_01s.jpg,bullet\bullet_01s.jpg
bumper_01b.jpg,bumper\bumper_01b.jpg
bungee_01b.jpg,bungee\bungee_01b.jpg
bunkbed_01b.jpg,bunkbed\bunkbed_01b.jpg
burner_01b.jpg,burner\burner_01b.jpg
burrito_01b.jpg,burrito\burrito_01b.jpg
bus_01b.jpg,bus\bus_01b.jpg
butterfly_01b.jpg,butterfly\butterfly_01b.jpg
cabbage_01b.jpg,cabbage\cabbage_01b.jpg
cactus_01b.jpg,cactus\cactus_01b.jpg
cage_01b.jpg,cage\cage_01b.jpg
cake_01b.jpg,cake\cake_01b.jpg
calculator_01b.jpg,calculator\calculator_01b.jpg
camcorder_01b.jpg,camcorder\camcorder_01b.jpg
camel_01b.jpg,camel\camel_01b.jpg
camera1_01b.jpg,camera1\camera1_01b.jpg
camera2_01b.jpg,camera2\camera2_01b.jpg
candelabra_01b.jpg,candelabra\candelabra_01b.jpg
candle_01b.jpg,candle\candle_01b.jpg
candy_01b.jpg,candy\candy_01b.jpg
candy_bar_01b.jpg,candy_bar\candy_bar_01b.jpg
cane_01s.jpg,cane\cane_01s.jpg
cannon_01b.jpg,cannon\cannon_01b.jpg
canoe_01b.jpg,canoe\canoe_01b.jpg
canvas_01b.jpg,canvas\canvas_01b.jpg
car_01b.jpg,car\car_01b.jpg
cardigan_01b.jpg,cardigan\cardigan_01b.jpg
carousel_01b.jpg,carousel\carousel_01b.jpg
carrot_01b.jpg,carrot\carrot_01b.jpg
cashew_01b.jpg,cashew\cashew_01b.jpg
cassette_01b.jpg,cassette\cassette_01b.jpg
cat_01b.jpg,cat\cat_01b.jpg
caterpillar_01b.jpg,caterpillar\caterpillar_01b.jpg
cauliflower_01b.jpg,cauliflower\cauliflower_01b.jpg
celery_01b.jpg,celery\celery_01b.jpg
cellphone_01b.jpg,cellphone\cellphone_01b.jpg
chair_01b.jpg,chair\chair_01b.jpg
chalice_01s.jpg,chalice\chalice_01s.jpg
chalk_01b.jpg,chalk\chalk_01b.jpg
chalkboard_01b.jpg,chalkboard\chalkboard_01b.jpg
chandelier_01b.jpg,chandelier\chandelier_01b.jpg
cheese_01b.jpg,cheese\cheese_01b.jpg
cheetah_01b.jpg,cheetah\cheetah_01b.jpg
cherry_01b.jpg,cherry\cherry_01b.jpg
chess_piece_01b.jpg,chess_piece\chess_piece_01b.jpg
chest1_01b.jpg,chest1\chest1_01b.jpg
chest2_01b.jpg,chest2\chest2_01b.jpg
chicken_wire_01b.jpg,chicken_wire\chicken_wire_01b.jpg
chili_01b.jpg,chili\chili_01b.jpg
chin_01b.jpg,chin\chin_01b.jpg
chinchilla_01b.jpg,chinchilla\chinchilla_01b.jpg
chip_01b.jpg,chip\chip_01b.jpg
chipmunk_01b.jpg,chipmunk\chipmunk_01b.jpg
chocolate_01b.jpg,chocolate\chocolate_01b.jpg
christmas_tree_01b.jpg,christmas_tree\christmas_tree_01b.jpg
cinnamon_01b.jpg,cinnamon\cinnamon_01b.jpg
clarinet_01b.jpg,clarinet\clarinet_01b.jpg
clay_01b.jpg,clay\clay_01b.jpg
clipboard_01b.jpg,clipboard\clipboard_01b.jpg
clock_01b.jpg,clock\clock_01b.jpg
closet_01b.jpg,closet\closet_01b.jpg
coat_01b.jpg,coat\coat_01b.jpg
coat_rack_01b.jpg,coat_rack\coat_rack_01b.jpg
cockroach_01b.jpg,cockroach\cockroach_01b.jpg
coconut_01b.jpg,coconut\coconut_01b.jpg
coffee_pot_01s.jpg,coffee_pot\coffee_pot_01s.jpg
coffin_01b.jpg,coffin\coffin_01b.jpg
coin_01b.jpg,coin\coin_01b.jpg
coleslaw_01b.jpg,coleslaw\coleslaw_01b.jpg
comb_01b.jpg,comb\comb_01b.jpg
compass_01b.jpg,compass\compass_01b.jpg
computer_01b.jpg,computer\computer_01b.jpg
computer_screen_01b.jpg,computer_screen\computer_screen_01b.jpg
confetti_01b.jpg,confetti\confetti_01b.jpg
contact_lens_01s.jpg,contact_lens\contact_lens_01s.jpg
cookie_01b.jpg,cookie\cookie_01b.jpg
copier_01s.jpg,copier\copier_01s.jpg
cork_01b.jpg,cork\cork_01b.jpg
corkscrew_01b.jpg,corkscrew\corkscrew_01b.jpg
corn_01s.jpg,corn\corn_01s.jpg
cotton_candy_01b.jpg,cotton_candy\cotton_candy_01b.jpg
couch_01b.jpg,couch\couch_01b.jpg
coverall_01b.jpg,coverall\coverall_01b.jpg
cow_01b.jpg,cow\cow_01b.jpg
cranberry_01b.jpg,cranberry\cranberry_01b.jpg
crank_01b.jpg,crank\crank_01b.jpg
crate_01b.jpg,crate\crate_01b.jpg
crayfish_01b.jpg,crayfish\crayfish_01b.jpg
crayon_01b.jpg,crayon\crayon_01b.jpg
credit_card_01b.jpg,credit_card\credit_card_01b.jpg
crib_01b.jpg,crib\crib_01b.jpg
croissant_01b.jpg,croissant\croissant_01b.jpg
crouton_01b.jpg,crouton\crouton_01b.jpg
crowbar_01b.jpg,crowbar\crowbar_01b.jpg
crown_01b.jpg,crown\crown_01b.jpg
crutch_01b.jpg,crutch\crutch_01b.jpg
crystal1_01b.jpg,crystal1\crystal1_01b.jpg
cucumber_01b.jpg,cucumber\cucumber_01b.jpg
cufflink_01b.jpg,cufflink\cufflink_01b.jpg
cup_01s.jpg,cup\cup_01s.jpg
cupcake_01b.jpg,cupcake\cupcake_01b.jpg
curtain_01b.jpg,curtain\curtain_01b.jpg
cymbal_01b.jpg,cymbal\cymbal_01b.jpg
dashboard_01b.jpg,dashboard\dashboard_01b.jpg
deer_01b.jpg,deer\deer_01b.jpg
defibrillator_01b.jpg,defibrillator\defibrillator_01b.jpg
desk_01b.jpg,desk\desk_01b.jpg
diaper_01b.jpg,diaper\diaper_01b.jpg
dice_01s.jpg,dice\dice_01s.jpg
dish_01b.jpg,dish\dish_01b.jpg
dishrag_01b.jpg,dishrag\dishrag_01b.jpg
dishwasher_01b.jpg,dishwasher\dishwasher_01b.jpg
dog_01b.jpg,dog\dog_01b.jpg
doll_01b.jpg,doll\doll_01b.jpg
dollhouse_01b.jpg,dollhouse\dollhouse_01b.jpg
dolly_01s.jpg,dolly\dolly_01s.jpg
dolphin_01b.jpg,dolphin\dolphin_01b.jpg
donkey_01b.jpg,donkey\donkey_01b.jpg
donut_01b.jpg,donut\donut_01b.jpg
doormat_01b.jpg,doormat\doormat_01b.jpg
dough_01b.jpg,dough\dough_01b.jpg
dragonfly_01b.jpg,dragonfly\dragonfly_01b.jpg
drain_01b.jpg,drain\drain_01b.jpg
drawer_01b.jpg,drawer\drawer_01b.jpg
dress_01b.jpg,dress\dress_01b.jpg
dresser_01b.jpg,dresser\dresser_01b.jpg
drill_01b.jpg,drill\drill_01b.jpg
drum_01b.jpg,drum\drum_01b.jpg
duster_01s.jpg,duster\duster_01s.jpg
dustpan_01b.jpg,dustpan\dustpan_01b.jpg
earring_01b.jpg,earring\earring_01b.jpg
earwig_01b.jpg,earwig\earwig_01b.jpg
easel_01b.jpg,easel\easel_01b.jpg
egg_01b.jpg,egg\egg_01b.jpg
egg_roll_01b.jpg,egg_roll\egg_roll_01b.jpg
eggbeater_01b.jpg,eggbeater\eggbeater_01b.jpg
eggplant_01b.jpg,eggplant\eggplant_01b.jpg
elbow_01b.jpg,elbow\elbow_01b.jpg
elephant_01b.jpg,elephant\elephant_01b.jpg
emerald_01b.jpg,emerald\emerald_01b.jpg
envelope_01b.jpg,envelope\envelope_01b.jpg
extinguisher_01b.jpg,extinguisher\extinguisher_01b.jpg
eyedropper_01b.jpg,eyedropper\eyedropper_01b.jpg
eyepiece_01s.jpg,eyepiece\eyepiece_01s.jpg
face_01b.jpg,face\face_01b.jpg
face_mask_01b.jpg,face_mask\face_mask_01b.jpg
fence_01b.jpg,fence\fence_01b.jpg
fern_01b.jpg,fern\fern_01b.jpg
ferret_01b.jpg,ferret\ferret_01b.jpg
ferris_wheel_01b.jpg,ferris_wheel\ferris_wheel_01b.jpg
fig_01b.jpg,fig\fig_01b.jpg
filing_cabinet_01b.jpg,filing_cabinet\filing_cabinet_01b.jpg
fire_01b.jpg,fire\fire_01b.jpg
firetruck_01b.jpg,firetruck\firetruck_01b.jpg
fireworks_01b.jpg,fireworks\fireworks_01b.jpg
fish_01b.jpg,fish\fish_01b.jpg
flag_01b.jpg,flag\flag_01b.jpg
flashbulb_01b.jpg,flashbulb\flashbulb_01b.jpg
flashlight_01b.jpg,flashlight\flashlight_01b.jpg
floss_01b.jpg,floss\floss_01b.jpg
flower_01b.jpg,flower\flower_01b.jpg
flyswatter_01b.jpg,flyswatter\flyswatter_01b.jpg
fondue_01s.jpg,fondue\fondue_01s.jpg
football_helmet_01b.jpg,football_helmet\football_helmet_01b.jpg
footbath_01s.jpg,footbath\footbath_01s.jpg
footprint_01b.jpg,footprint\footprint_01b.jpg
footrest_01b.jpg,footrest\footrest_01b.jpg
forklift_01b.jpg,forklift\forklift_01b.jpg
frog_01b.jpg,frog\frog_01b.jpg
fudge_01b.jpg,fudge\fudge_01b.jpg
game_01s.jpg,game\game_01s.jpg
garbage_01b.jpg,garbage\garbage_01b.jpg
gargoyle_01b.jpg,gargoyle\gargoyle_01b.jpg
garlic_01b.jpg,garlic\garlic_01b.jpg
garter_01b.jpg,garter\garter_01b.jpg
gauze_01b.jpg,gauze\gauze_01b.jpg
gearshift_01b.jpg,gearshift\gearshift_01b.jpg
gel_01b.jpg,gel\gel_01b.jpg
giraffe_01b.jpg,giraffe\giraffe_01b.jpg
girl_01b.jpg,girl\girl_01b.jpg
glass_01b.jpg,glass\glass_01b.jpg
go-kart_01b.jpg,go-kart\go-kart_01b.jpg
goalpost_01b.jpg,goalpost\goalpost_01b.jpg
goat_01b.jpg,goat\goat_01b.jpg
golf_cart_01b.jpg,golf_cart\golf_cart_01b.jpg
gondola_01b.jpg,gondola\gondola_01b.jpg
graffiti_01b.jpg,graffiti\graffiti_01b.jpg
gramophone_01b.jpg,gramophone\gramophone_01b.jpg
granite_01b.jpg,granite\granite_01b.jpg
granola_01b.jpg,granola\granola_01b.jpg
grape_01b.jpg,grape\grape_01b.jpg
grapefruit_01b.jpg,grapefruit\grapefruit_01b.jpg
grasshopper_01b.jpg,grasshopper\grasshopper_01b.jpg
grate_01b.jpg,grate\grate_01b.jpg
gravel_01b.jpg,gravel\gravel_01b.jpg
gravestone_01b.jpg,gravestone\gravestone_01b.jpg
grenade_01b.jpg,grenade\grenade_01b.jpg
grits_01s.jpg,grits\grits_01s.jpg
groundhog_01b.jpg,groundhog\groundhog_01b.jpg
guacamole_01b.jpg,guacamole\guacamole_01b.jpg
guardrail_01b.jpg,guardrail\guardrail_01b.jpg
guillotine_01b.jpg,guillotine\guillotine_01b.jpg
guitar_01b.jpg,guitar\guitar_01b.jpg
gun_01b.jpg,gun\gun_01b.jpg
hairbrush_01b.jpg,hairbrush\hairbrush_01b.jpg
hairpin_01b.jpg,hairpin\hairpin_01b.jpg
hamburger_01s.jpg,hamburger\hamburger_01s.jpg
hammer_01b.jpg,hammer\hammer_01b.jpg
hammock_01b.jpg,hammock\hammock_01b.jpg
hamster_01b.jpg,hamster\hamster_01b.jpg
hand_01b.jpg,hand\hand_01b.jpg
handcuff_01b.jpg,handcuff\handcuff_01b.jpg
hanger_01b.jpg,hanger\hanger_01b.jpg
hatbox_01b.jpg,hatbox\hatbox_01b.jpg
hay_01b.jpg,hay\hay_01b.jpg
headlamp_01b.jpg,headlamp\headlamp_01b.jpg
headphones_01b.jpg,headphones\headphones_01b.jpg
hedge_01b.jpg,hedge\hedge_01b.jpg
hedgehog_01b.jpg,hedgehog\hedgehog_01b.jpg
helicopter_01b.jpg,helicopter\helicopter_01b.jpg
helmet_01b.jpg,helmet\helmet_01b.jpg
highlighter_01b.jpg,highlighter\highlighter_01b.jpg
hip_01b.jpg,hip\hip_01b.jpg
hippopotamus_01b.jpg,hippopotamus\hippopotamus_01b.jpg
honeycomb_01b.jpg,honeycomb\honeycomb_01b.jpg
hood_01b.jpg,hood\hood_01b.jpg
horse_01b.jpg,horse\horse_01b.jpg
horseshoe_01b.jpg,horseshoe\horseshoe_01b.jpg
hotdog_01b.jpg,hotdog\hotdog_01b.jpg
hotplate_01b.jpg,hotplate\hotplate_01b.jpg
hourglass_01b.jpg,hourglass\hourglass_01b.jpg
hovercraft_01b.jpg,hovercraft\hovercraft_01b.jpg
hula_hoop_01b.jpg,hula_hoop\hula_hoop_01b.jpg
iceskate_01b.jpg,iceskate\iceskate_01b.jpg
icicle_01b.jpg,icicle\icicle_01b.jpg
iguana_01b.jpg,iguana\iguana_01b.jpg
inhaler_01b.jpg,inhaler\inhaler_01b.jpg
iron_01b.jpg,iron\iron_01b.jpg
jack_01b.jpg,jack\jack_01b.jpg
jam_01b.jpg,jam\jam_01b.jpg
jar_01s.jpg,jar\jar_01s.jpg
jeans_01s.jpg,jeans\jeans_01s.jpg
jellyfish_01b.jpg,jellyfish\jellyfish_01b.jpg
jersey_01b.jpg,jersey\jersey_01b.jpg
joystick_01b.jpg,joystick\joystick_01b.jpg
jukebox_01n.jpg,jukebox\jukebox_01n.jpg
kale_01b.jpg,kale\kale_01b.jpg
kangaroo_01b.jpg,kangaroo\kangaroo_01b.jpg
kazoo_01s.jpg,kazoo\kazoo_01s.jpg
kebab_01b.jpg,kebab\kebab_01b.jpg
kettle_01b.jpg,kettle\kettle_01b.jpg
key_01b.jpg,key\key_01b.jpg
kimono_01b.jpg,kimono\kimono_01b.jpg
kite_01b.jpg,kite\kite_01b.jpg
knife_01b.jpg,knife\knife_01b.jpg
knot_01b.jpg,knot\knot_01b.jpg
koala_01b.jpg,koala\koala_01b.jpg
ladder_01b.jpg,ladder\ladder_01b.jpg
ladle_01b.jpg,ladle\ladle_01b.jpg
lamp_01b.jpg,lamp\lamp_01b.jpg
lampshade_01b.jpg,lampshade\lampshade_01b.jpg
lantern_01b.jpg,lantern\lantern_01b.jpg
lasagna_01b.jpg,lasagna\lasagna_01b.jpg
lawnmower_01b.jpg,lawnmower\lawnmower_01b.jpg
lectern_01b.jpg,lectern\lectern_01b.jpg
leek_01b.jpg,leek\leek_01b.jpg
leggings_01b.jpg,leggings\leggings_01b.jpg
lego_01b.jpg,lego\lego_01b.jpg
lemon_01b.jpg,lemon\lemon_01b.jpg
lemonade_01b.jpg,lemonade\lemonade_01b.jpg
leopard_01b.jpg,leopard\leopard_01b.jpg
lettuce_01b.jpg,lettuce\lettuce_01b.jpg
life_jacket_01b.jpg,life_jacket\life_jacket_01b.jpg
lightbulb_01b.jpg,lightbulb\lightbulb_01b.jpg
lime_01b.jpg,lime\lime_01b.jpg
limousine_01s.jpg,limousine\limousine_01s.jpg
lingerie_01b.jpg,lingerie\lingerie_01b.jpg
lion_01b.jpg,lion\lion_01b.jpg
lip_balm_01b.jpg,lip_balm\lip_balm_01b.jpg
lizard_01b.jpg,lizard\lizard_01b.jpg
llama_01b.jpg,llama\llama_01b.jpg
lobster_01b.jpg,lobster\lobster_01b.jpg
lock_01b.jpg,lock\lock_01b.jpg
locker_01b.jpg,locker\locker_01b.jpg
lollipop_01b.jpg,lollipop\lollipop_01b.jpg
macadamia_01b.jpg,macadamia\macadamia_01b.jpg
magnifying_glass_01b.jpg,magnifying_glass\magnifying_glass_01b.jpg
mailbox_01b.jpg,mailbox\mailbox_01b.jpg
man_01b.jpg,man\man_01b.jpg
manatee_01b.jpg,manatee\manatee_01b.jpg
mandolin_01s.jpg,mandolin\mandolin_01s.jpg
mango_01b.jpg,mango\mango_01b.jpg
manhole_01b.jpg,manhole\manhole_01b.jpg
map_01s.jpg,map\map_01s.jpg
marijuana_01b.jpg,marijuana\marijuana_01b.jpg
marshmallow_01b.jpg,marshmallow\marshmallow_01b.jpg
mascara_01b.jpg,mascara\mascara_01b.jpg
mask_01b.jpg,mask\mask_01b.jpg
mast_01b.jpg,mast\mast_01b.jpg
match_01b.jpg,match\match_01b.jpg
meat_01b.jpg,meat\meat_01b.jpg
meat_grinder_01b.jpg,meat_grinder\meat_grinder_01b.jpg
meatball_01b.jpg,meatball\meatball_01b.jpg
melon_01b.jpg,melon\melon_01b.jpg
microphone_01b.jpg,microphone\microphone_01b.jpg
microscope_01b.jpg,microscope\microscope_01b.jpg
milk_01b.jpg,milk\milk_01b.jpg
milkshake_01b.jpg,milkshake\milkshake_01b.jpg
mirror_01b.jpg,mirror\mirror_01b.jpg
missile_01b.jpg,missile\missile_01b.jpg
mistletoe_01b.jpg,mistletoe\mistletoe_01b.jpg
mitten_01b.jpg,mitten\mitten_01b.jpg
monkey_01b.jpg,monkey\monkey_01b.jpg
moose_01b.jpg,moose\moose_01b.jpg
mop_01b.jpg,mop\mop_01b.jpg
mosquito_01b.jpg,mosquito\mosquito_01b.jpg
mosquito_net_01b.jpg,mosquito_net\mosquito_net_01b.jpg
moth_01b.jpg,moth\moth_01b.jpg
motorcycle_01b.jpg,motorcycle\motorcycle_01b.jpg
mouse1_01b.jpg,mouse1\mouse1_01b.jpg
mousetrap_01b.jpg,mousetrap\mousetrap_01b.jpg
mousse_01b.jpg,mousse\mousse_01b.jpg
muffin_01b.jpg,muffin\muffin_01b.jpg
mushroom_01b.jpg,mushroom\mushroom_01b.jpg
nacho_01b.jpg,nacho\nacho_01b.jpg
nail_polish_01b.jpg,nail_polish\nail_polish_01b.jpg
napkin_ring_01b.jpg,napkin_ring\napkin_ring_01b.jpg
necklace_01b.jpg,necklace\necklace_01b.jpg
needle_01s.jpg,needle\needle_01s.jpg
nest_01b.jpg,nest\nest_01b.jpg
net_01b.jpg,net\net_01b.jpg
noodle_01s.jpg,noodle\noodle_01s.jpg
nose_01b.jpg,nose\nose_01b.jpg
oar_01b.jpg,oar\oar_01b.jpg
oatmeal_01s.jpg,oatmeal\oatmeal_01s.jpg
octopus_01b.jpg,octopus\octopus_01b.jpg
odometer_01b.jpg,odometer\odometer_01b.jpg
okra_01b.jpg,okra\okra_01b.jpg
omelet_01b.jpg,omelet\omelet_01b.jpg
onion_01b.jpg,onion\onion_01b.jpg
otter_01b.jpg,otter\otter_01b.jpg
overalls_01s.jpg,overalls\overalls_01s.jpg
oyster_01b.jpg,oyster\oyster_01b.jpg
pacifier_01s.jpg,pacifier\pacifier_01s.jpg
padlock_01b.jpg,padlock\padlock_01b.jpg
paint_01b.jpg,paint\paint_01b.jpg
paintbrush_01b.jpg,paintbrush\paintbrush_01b.jpg
pan_01b.jpg,pan\pan_01b.jpg
pancake_01b.jpg,pancake\pancake_01b.jpg
panda_01b.jpg,panda\panda_01b.jpg
pantyhose_01b.jpg,pantyhose\pantyhose_01b.jpg
papaya_01b.jpg,papaya\papaya_01b.jpg
paper_01b.jpg,paper\paper_01b.jpg
paperclip_01s.jpg,paperclip\paperclip_01s.jpg
parachute_01b.jpg,parachute\parachute_01b.jpg
parsley_01b.jpg,parsley\parsley_01b.jpg
pastry_01b.jpg,pastry\pastry_01b.jpg
pea_01s.jpg,pea\pea_01s.jpg
peach_01b.jpg,peach\peach_01b.jpg
peanut_01b.jpg,peanut\peanut_01b.jpg
pear_01b.jpg,pear\pear_01b.jpg
pecan_01b.jpg,pecan\pecan_01b.jpg
peeler_01b.jpg,peeler\peeler_01b.jpg
pencil_01s.jpg,pencil\pencil_01s.jpg
pencil_sharpener_01b.jpg,pencil_sharpener\pencil_sharpener_01b.jpg
penguin_01b.jpg,penguin\penguin_01b.jpg
pepper1_01b.jpg,pepper1\pepper1_01b.jpg
petal_01b.jpg,petal\petal_01b.jpg
phone_01b.jpg,phone\phone_01b.jpg
piano_01b.jpg,piano\piano_01b.jpg
pickle_01b.jpg,pickle\pickle_01b.jpg
pie_01b.jpg,pie\pie_01b.jpg
pig_01b.jpg,pig\pig_01b.jpg
pigeon_01b.jpg,pigeon\pigeon_01b.jpg
pill_01b.jpg,pill\pill_01b.jpg
pillow_01b.jpg,pillow\pillow_01b.jpg
pineapple_01b.jpg,pineapple\pineapple_01b.jpg
ping-pong_table_01b.jpg,ping-pong_table\ping-pong_table_01b.jpg
pinwheel_01b.jpg,pinwheel\pinwheel_01b.jpg
pistachio_01b.jpg,pistachio\pistachio_01b.jpg
pizza_01b.jpg,pizza\pizza_01b.jpg
plastic_film_01b.jpg,plastic_film\plastic_film_01b.jpg
plate_01b.jpg,plate\plate_01b.jpg
platypus_01b.jpg,platypus\platypus_01b.jpg
playing_card_01b.jpg,playing_card\playing_card_01b.jpg
pliers_01s.jpg,pliers\pliers_01s.jpg
plum_01b.jpg,plum\plum_01b.jpg
pocket_01b.jpg,pocket\pocket_01b.jpg
pocketknife_01b.jpg,pocketknife\pocketknife_01b.jpg
pogo_stick_01s.jpg,pogo_stick\pogo_stick_01s.jpg
polaroid_01b.jpg,polaroid\polaroid_01b.jpg
pom-pom_01b.jpg,pom-pom\pom-pom_01b.jpg
pomegranate_01b.jpg,pomegranate\pomegranate_01b.jpg
popcorn_01b.jpg,popcorn\popcorn_01b.jpg
popsicle_01b.jpg,popsicle\popsicle_01b.jpg
porcupine_01b.jpg,porcupine\porcupine_01b.jpg
possum_01b.jpg,possum\possum_01b.jpg
poster_01s.jpg,poster\poster_01s.jpg
pot_01b.jpg,pot\pot_01b.jpg
potato_01b.jpg,potato\potato_01b.jpg
pothole_01b.jpg,pothole\pothole_01b.jpg
powder_01b.jpg,powder\powder_01b.jpg
praying_mantis_01b.jpg,praying_mantis\praying_mantis_01b.jpg
pretzel_01b.jpg,pretzel\pretzel_01b.jpg
prism_01b.jpg,prism\prism_01b.jpg
projector_01b.jpg,projector\projector_01b.jpg
puck_01b.jpg,puck\puck_01b.jpg
pudding_01b.jpg,pudding\pudding_01b.jpg
pumpkin_01b.jpg,pumpkin\pumpkin_01b.jpg
punch1_01s.jpg,punch1\punch1_01s.jpg
punching_bag_01b.jpg,punching_bag\punching_bag_01b.jpg
quill_01b.jpg,quill\quill_01b.jpg
rabbit_01b.jpg,rabbit\rabbit_01b.jpg
raccoon_01b.jpg,raccoon\raccoon_01b.jpg
racket_01b.jpg,racket\racket_01b.jpg
radiator_01b.jpg,radiator\radiator_01b.jpg
radish_01b.jpg,radish\radish_01b.jpg
raft_01b.jpg,raft\raft_01b.jpg
railing_01b.jpg,railing\railing_01b.jpg
raspberry_01b.jpg,raspberry\raspberry_01b.jpg
rat_01b.jpg,rat\rat_01b.jpg
rattle_01b.jpg,rattle\rattle_01b.jpg
razor_01b.jpg,razor\razor_01b.jpg
ready_meal_01b.jpg,ready_meal\ready_meal_01b.jpg
record_01b.jpg,record\record_01b.jpg
refrigerator_01b.jpg,refrigerator\refrigerator_01b.jpg
retainer_01b.jpg,retainer\retainer_01b.jpg
revolver_01s.jpg,revolver\revolver_01s.jpg
rhinoceros_01b.jpg,rhinoceros\rhinoceros_01b.jpg
rhubarb_01b.jpg,rhubarb\rhubarb_01b.jpg
ribbon_01b.jpg,ribbon\ribbon_01b.jpg
rice_01b.jpg,rice\rice_01b.jpg
rifle_01s.jpg,rifle\rifle_01s.jpg
ring_01b.jpg,ring\ring_01b.jpg
road_sign_01b.jpg,road_sign\road_sign_01b.jpg
robot_01b.jpg,robot\robot_01b.jpg
rocking_chair_01b.jpg,rocking_chair\rocking_chair_01b.jpg
roll_01b.jpg,roll\roll_01b.jpg
rollerblade_01b.jpg,rollerblade\rollerblade_01b.jpg
roof_rack_01b.jpg,roof_rack\roof_rack_01b.jpg
rug_01b.jpg,rug\rug_01b.jpg
ruler_01b.jpg,ruler\ruler_01b.jpg
saddle_01s.jpg,saddle\saddle_01s.jpg
saltshaker_01b.jpg,saltshaker\saltshaker_01b.jpg
sandpaper_01b.jpg,sandpaper\sandpaper_01b.jpg
satellite_dish_01b.jpg,satellite_dish\satellite_dish_01b.jpg
scaffolding_01b.jpg,scaffolding\scaffolding_01b.jpg
scallion_01b.jpg,scallion\scallion_01b.jpg
scanner_01b.jpg,scanner\scanner_01b.jpg
scarecrow_01b.jpg,scarecrow\scarecrow_01b.jpg
scissors_01s.jpg,scissors\scissors_01s.jpg
scone_01b.jpg,scone\scone_01b.jpg
scoreboard_01b.jpg,scoreboard\scoreboard_01b.jpg
scorpion_01b.jpg,scorpion\scorpion_01b.jpg
screwdriver_01s.jpg,screwdriver\screwdriver_01s.jpg
sea_urchin_01b.jpg,sea_urchin\sea_urchin_01b.jpg
seagull_01b.jpg,seagull\seagull_01b.jpg
seesaw_01b.jpg,seesaw\seesaw_01b.jpg
sewing_kit_01b.jpg,sewing_kit\sewing_kit_01b.jpg
shaving_cream_01b.jpg,shaving_cream\shaving_cream_01b.jpg
sheep_01b.jpg,sheep\sheep_01b.jpg
shell2_01b.jpg,shell2\shell2_01b.jpg
shield_01b.jpg,shield\shield_01b.jpg
ship_01b.jpg,ship\ship_01b.jpg
shirt_01s.jpg,shirt\shirt_01s.jpg
shoe_01s.jpg,shoe\shoe_01s.jpg
shovel_01b.jpg,shovel\shovel_01b.jpg
shower_01b.jpg,shower\shower_01b.jpg
shower_cap_01b.jpg,shower_cap\shower_cap_01b.jpg
shredder_01b.jpg,shredder\shredder_01b.jpg
shrimp_01b.jpg,shrimp\shrimp_01b.jpg
sickle_01b.jpg,sickle\sickle_01b.jpg
silverware_01b.jpg,silverware\silverware_01b.jpg
sim_card_01b.jpg,sim_card\sim_card_01b.jpg
sink_01b.jpg,sink\sink_01b.jpg
ski_pole_01b.jpg,ski_pole\ski_pole_01b.jpg
skunk_01b.jpg,skunk\skunk_01b.jpg
sleeping_bag_01b.jpg,sleeping_bag\sleeping_bag_01b.jpg
slingshot_01b.jpg,slingshot\slingshot_01b.jpg
sloth_01b.jpg,sloth\sloth_01b.jpg
smoke_alarm_01b.jpg,smoke_alarm\smoke_alarm_01b.jpg
snail_01b.jpg,snail\snail_01b.jpg
snake_01b.jpg,snake\snake_01b.jpg
snorkel_01b.jpg,snorkel\snorkel_01b.jpg
snowboard_01b.jpg,snowboard\snowboard_01b.jpg
snowplow_01b.jpg,snowplow\snowplow_01b.jpg
sock_01b.jpg,sock\sock_01b.jpg
soda_fountain_01s.jpg,soda_fountain\soda_fountain_01s.jpg
solar_panel_01b.jpg,solar_panel\solar_panel_01b.jpg
sombrero_01b.jpg,sombrero\sombrero_01b.jpg
sonogram_01b.jpg,sonogram\sonogram_01b.jpg
soy_sauce_01s.jpg,soy_sauce\soy_sauce_01s.jpg
space_shuttle_01b.jpg,space_shuttle\space_shuttle_01b.jpg
spareribs_01b.jpg,spareribs\spareribs_01b.jpg
spatula_01b.jpg,spatula\spatula_01b.jpg
speaker_01s.jpg,speaker\speaker_01s.jpg
spider_01b.jpg,spider\spider_01b.jpg
spinach_01b.jpg,spinach\spinach_01b.jpg
spoon_01b.jpg,spoon\spoon_01b.jpg
spout_01b.jpg,spout\spout_01b.jpg
sprinkler_01b.jpg,sprinkler\sprinkler_01b.jpg
squeegee_01b.jpg,squeegee\squeegee_01b.jpg
squirrel_01b.jpg,squirrel\squirrel_01b.jpg
stair_01b.jpg,stair\stair_01b.jpg
stalagmite_01b.jpg,stalagmite\stalagmite_01b.jpg
stamp2_01b.jpg,stamp2\stamp2_01b.jpg
stapler_01b.jpg,stapler\stapler_01b.jpg
starfish_01b.jpg,starfish\starfish_01b.jpg
steak_01b.jpg,steak\steak_01b.jpg
steamroller_01b.jpg,steamroller\steamroller_01b.jpg
stethoscope_01b.jpg,stethoscope\stethoscope_01b.jpg
stiletto_01b.jpg,stiletto\stiletto_01b.jpg
stopwatch_01b.jpg,stopwatch\stopwatch_01b.jpg
stove1_01b.jpg,stove1\stove1_01b.jpg
strainer_01b.jpg,strainer\strainer_01b.jpg
strawberry_01b.jpg,strawberry\strawberry_01b.jpg
streetlight_01b.jpg,streetlight\streetlight_01b.jpg
submarine_01b.jpg,submarine\submarine_01b.jpg
subway_01b.jpg,subway\subway_01b.jpg
suit_01b.jpg,suit\suit_01b.jpg
sundae_01b.jpg,sundae\sundae_01b.jpg
sundial_01b.jpg,sundial\sundial_01b.jpg
sunroof_01b.jpg,sunroof\sunroof_01b.jpg
sushi_01b.jpg,sushi\sushi_01b.jpg
suspenders_01b.jpg,suspenders\suspenders_01b.jpg
sweatsuit_01s.jpg,sweatsuit\sweatsuit_01s.jpg
sword_01b.jpg,sword\sword_01b.jpg
syringe_01b.jpg,syringe\syringe_01b.jpg
syrup_01s.jpg,syrup\syrup_01s.jpg
t-shirt_01b.jpg,t-shirt\t-shirt_01b.jpg
tab_01b.jpg,tab\tab_01b.jpg
table_01b.jpg,table\table_01b.jpg
tablecloth_01b.jpg,tablecloth\tablecloth_01b.jpg
taco_01b.jpg,taco\taco_01b.jpg
tadpole_01b.jpg,tadpole\tadpole_01b.jpg
tag_01b.jpg,tag\tag_01b.jpg
taillight_01b.jpg,taillight\taillight_01b.jpg
tamale_01b.jpg,tamale\tamale_01b.jpg
tarp_01b.jpg,tarp\tarp_01b.jpg
tattoo_01b.jpg,tattoo\tattoo_01b.jpg
teapot_01b.jpg,teapot\teapot_01b.jpg
telescope_01b.jpg,telescope\telescope_01b.jpg
television_01b.jpg,television\television_01b.jpg
tent_01b.jpg,tent\tent_01b.jpg
thermometer_01b.jpg,thermometer\thermometer_01b.jpg
thermos_01b.jpg,thermos\thermos_01b.jpg
thermostat_01b.jpg,thermostat\thermostat_01b.jpg
thimble_01b.jpg,thimble\thimble_01b.jpg
thumbtack_01b.jpg,thumbtack\thumbtack_01b.jpg
tiara_01b.jpg,tiara\tiara_01b.jpg
tie_01b.jpg,tie\tie_01b.jpg
tiger_01b.jpg,tiger\tiger_01b.jpg
tiramisu_01b.jpg,tiramisu\tiramisu_01b.jpg
toast_01b.jpg,toast\toast_01b.jpg
toaster_01b.jpg,toaster\toaster_01b.jpg
toilet_01b.jpg,toilet\toilet_01b.jpg
toilet_paper_01b.jpg,toilet_paper\toilet_paper_01b.jpg
tomato_01b.jpg,tomato\tomato_01b.jpg
tongs_01s.jpg,tongs\tongs_01s.jpg
tongue_01s.jpg,tongue\tongue_01s.jpg
toolbox_01b.jpg,toolbox\toolbox_01b.jpg
toothpick_01b.jpg,toothpick\toothpick_01b.jpg
tortilla_01b.jpg,tortilla\tortilla_01b.jpg
toucan_01b.jpg,toucan\toucan_01b.jpg
touchpad_01b.jpg,touchpad\touchpad_01b.jpg
towel_01b.jpg,towel\towel_01b.jpg
towel_rack_01b.jpg,towel_rack\towel_rack_01b.jpg
tractor_01b.jpg,tractor\tractor_01b.jpg
train_01b.jpg,train\train_01b.jpg
trap_01b.jpg,trap\trap_01b.jpg
trashcan_01b.jpg,trashcan\trashcan_01b.jpg
tray_01s.jpg,tray\tray_01s.jpg
treadmill_01b.jpg,treadmill\treadmill_01b.jpg
tree_01b.jpg,tree\tree_01b.jpg
tree_trunk_01b.jpg,tree_trunk\tree_trunk_01b.jpg
trowel_01s.jpg,trowel\trowel_01s.jpg
truck_01b.jpg,truck\truck_01b.jpg
trumpet_01s.jpg,trumpet\trumpet_01s.jpg
tumbleweed_01b.jpg,tumbleweed\tumbleweed_01b.jpg
turtle_01b.jpg,turtle\turtle_01b.jpg
tuxedo_01b.jpg,tuxedo\tuxedo_01b.jpg
tweezers_01b.jpg,tweezers\tweezers_01b.jpg
typewriter_01b.jpg,typewriter\typewriter_01b.jpg
ukulele_01b.jpg,ukulele\ukulele_01b.jpg
umbrella_01b.jpg,umbrella\umbrella_01b.jpg
undershirt_01s.jpg,undershirt\undershirt_01s.jpg
uniform_01b.jpg,uniform\uniform_01b.jpg
urinal_01b.jpg,urinal\urinal_01b.jpg
valve_01b.jpg,valve\valve_01b.jpg
vase_01b.jpg,vase\vase_01b.jpg
velcro_01b.jpg,velcro\velcro_01b.jpg
videocassette_01b.jpg,videocassette\videocassette_01b.jpg
viewfinder_01s.jpg,viewfinder\viewfinder_01s.jpg
violin_01b.jpg,violin\violin_01b.jpg
waffle_iron_01b.jpg,waffle_iron\waffle_iron_01b.jpg
walker1_01b.jpg,walker1\walker1_01b.jpg
wall_01b.jpg,wall\wall_01b.jpg
wallet_01b.jpg,wallet\wallet_01b.jpg
wallpaper_01b.jpg,wallpaper\wallpaper_01b.jpg
walnut_01b.jpg,walnut\walnut_01b.jpg
walrus_01b.jpg,walrus\walrus_01b.jpg
wand_01s.jpg,wand\wand_01s.jpg
warthog_01b.jpg,warthog\warthog_01b.jpg
washboard_01b.jpg,washboard\washboard_01b.jpg
wasp_01b.jpg,wasp\wasp_01b.jpg
watch_01b.jpg,watch\watch_01b.jpg
water_fountain_01b.jpg,water_fountain\water_fountain_01b.jpg
weasel_01b.jpg,weasel\weasel_01b.jpg
whale_01b.jpg,whale\whale_01b.jpg
wheat_01b.jpg,wheat\wheat_01b.jpg
wheelbarrow_01b.jpg,wheelbarrow\wheelbarrow_01b.jpg
wheelchair_01b.jpg,wheelchair\wheelchair_01b.jpg
whip_01b.jpg,whip\whip_01b.jpg
whisk_01b.jpg,whisk\whisk_01b.jpg
wig_01s.jpg,wig\wig_01s.jpg
windowsill_01b.jpg,windowsill\windowsill_01b.jpg
wine_01b.jpg,wine\wine_01b.jpg
wire_01s.jpg,wire\wire_01s.jpg
wire_cutters_01b.jpg,wire_cutters\wire_cutters_01b.jpg
wolf_01b.jpg,wolf\wolf_01b.jpg
woman_01b.jpg,woman\woman_01b.jpg
wooden_leg_01b.jpg,wooden_leg\wooden_leg_01b.jpg
worm_01b.jpg,worm\worm_01b.jpg
wrapping_paper_01b.jpg,wrapping_paper\wrapping_paper_01b.jpg
wrench_01b.jpg,wrench\wrench_01b.jpg
yo-yo_01s.jpg,yo-yo\yo-yo_01s.jpg
zebra_01b.jpg,zebra\zebra_01b.jpg
zucchini_01b.jpg,zucchini\zucchini_01b.jpg
