rule,roi,seed,persub,meanrdm
random_weights,V1,0,0.05940344179412003,0.08513158391731662
random_weights,V1,1,0.04461147238822641,0.06474906695393981
random_weights,V1,2,0.05502763860199056,0.07918092578891982
random_weights,V1,3,0.057024005072207486,0.08192077741239708
random_weights,V1,4,0.04983118424576773,0.07229947485158365
backprop,V1,0,0.019231016897781235,0.0293357357268208
backprop,V1,1,0.02304662413145436,0.03519744544409868
backprop,V1,2,0.01820313371865932,0.027940901063673605
backprop,V1,3,0.021545097896959842,0.03308180553267064
backprop,V1,4,0.029737465947420785,0.044874537274682165
feedback_alignment,V1,0,0.015014254906155466,0.022952587314769915
feedback_alignment,V1,1,0.009525368742590476,0.01500536140050322
feedback_alignment,V1,2,0.0073062696994677994,0.011810796695715336
feedback_alignment,V1,3,0.002565398138242085,0.004348106914525061
feedback_alignment,V1,4,0.00858267948577749,0.013536452650780566
predictive_coding,V1,0,0.009042308750319666,0.013771786281215483
predictive_coding,V1,1,0.011270163534545817,0.01727628553206302
predictive_coding,V1,2,0.01136376258768828,0.017268847464489822
predictive_coding,V1,3,0.010514503555596135,0.01622608157135734
predictive_coding,V1,4,0.017456638837257312,0.027090276896078264
stdp,V1,0,0.030389466412340065,0.04455540859118094
stdp,V1,1,0.028319653605642713,0.042276377821197565
stdp,V1,2,0.02183236179240119,0.03247639959410974
stdp,V1,3,0.029562739471722024,0.04362040834299634
stdp,V1,4,0.022520254287524192,0.03360030917850701
random_weights,V2,0,0.033112877998446213,0.04994474094997004
random_weights,V2,1,0.023873502968565264,0.03612757994964554
random_weights,V2,2,0.029512286910335247,0.044521689092510766
random_weights,V2,3,0.03052903837897361,0.04581566460756148
random_weights,V2,4,0.027132162072349763,0.040856334511734295
backprop,V2,0,0.01078026768669515,0.016327705593604427
backprop,V2,1,0.012118546385268983,0.018164371653947367
backprop,V2,2,0.009704438630465365,0.0144507008299752
backprop,V2,3,0.012557261671335855,0.019081485239477634
backprop,V2,4,0.016355920828201795,0.024736641290626943
feedback_alignment,V2,0,0.005792377846098133,0.008476363722551866
feedback_alignment,V2,1,0.004113202919431304,0.005876206431939822
feedback_alignment,V2,2,0.0024880414914834714,0.003300170495370601
feedback_alignment,V2,3,0.0021728414506285657,0.0031240692976835793
feedback_alignment,V2,4,0.0034761118844681693,0.0050880793300452365
predictive_coding,V2,0,0.005358887673460415,0.007913213263577355
predictive_coding,V2,1,0.005281802616580463,0.008028879975687962
predictive_coding,V2,2,0.005774644048142181,0.008596061524440961
predictive_coding,V2,3,0.00416201189468508,0.0061462438464167145
predictive_coding,V2,4,0.007987809045807997,0.011851629429563141
stdp,V2,0,0.01635330176173198,0.025074703159157535
stdp,V2,1,0.017006190589111247,0.025763588004944597
stdp,V2,2,0.011094555232497387,0.016323365471188983
stdp,V2,3,0.01585885953979124,0.023911879043019297
stdp,V2,4,0.01263687650202563,0.018871910782502055
random_weights,LOC,0,-0.0051610895676405975,-0.010738926760398648
random_weights,LOC,1,-0.0017043545910949767,-0.004741299568989024
random_weights,LOC,2,-0.0007416118801271129,-0.003610029782068632
random_weights,LOC,3,-0.0045738190838764126,-0.009484707013980177
random_weights,LOC,4,-0.002833853903801129,-0.00708788053647509
backprop,LOC,0,0.007614880427930559,0.012422212497408412
backprop,LOC,1,0.008178813827680822,0.013791062613707756
backprop,LOC,2,0.008784340140825983,0.01459394861639568
backprop,LOC,3,0.007741301749370655,0.012787339776857608
backprop,LOC,4,0.007800191188311667,0.013152335799072516
feedback_alignment,LOC,0,0.004311352153495158,0.007236423683427281
feedback_alignment,LOC,1,0.0034474182316837133,0.006272961658123834
feedback_alignment,LOC,2,0.003261388693275448,0.005657441799885904
feedback_alignment,LOC,3,0.003025773154247284,0.005218858455396833
feedback_alignment,LOC,4,0.0041441015425046634,0.00723359432656509
predictive_coding,LOC,0,0.003297025984389744,0.005136816171914281
predictive_coding,LOC,1,0.0052734573542586064,0.008969349214752826
predictive_coding,LOC,2,0.005816246500117663,0.00972697815036418
predictive_coding,LOC,3,0.0025216007055123314,0.003572996958196878
predictive_coding,LOC,4,0.004624158533883631,0.007611105102362551
stdp,LOC,0,0.003934499845881275,0.005763915645246578
stdp,LOC,1,0.003841040094347934,0.005758415319169177
stdp,LOC,2,0.00498677606440077,0.007307515003468524
stdp,LOC,3,0.005815494911437993,0.009260995945707281
stdp,LOC,4,0.0029247976673825228,0.004419963073984895
random_weights,IT,0,0.0033677205368546873,0.004897737014963703
random_weights,IT,1,0.004142027077117067,0.006713003405384155
random_weights,IT,2,0.007253390958430306,0.011856966475044386
random_weights,IT,3,0.001951911745514845,0.003124390731152672
random_weights,IT,4,0.0030638569269132074,0.00468223542886466
backprop,IT,0,0.00887915310016624,0.013505136603868283
backprop,IT,1,0.008646503901079156,0.013885121466799502
backprop,IT,2,0.010459363216664663,0.016854471585415785
backprop,IT,3,0.009208938957562732,0.014823510873854688
backprop,IT,4,0.00967557515768421,0.015460970252650183
feedback_alignment,IT,0,0.00783133966024919,0.014080520666160678
feedback_alignment,IT,1,0.008621014505103995,0.01537801989656344
feedback_alignment,IT,2,0.007857470182858654,0.01407809974510361
feedback_alignment,IT,3,0.007572239509499497,0.013733892246446396
feedback_alignment,IT,4,0.007186609719088498,0.012934536158091875
predictive_coding,IT,0,0.007770173221579482,0.012878504992501512
predictive_coding,IT,1,0.008710357945941464,0.01483293214243065
predictive_coding,IT,2,0.006790372937996035,0.011510934265793318
predictive_coding,IT,3,0.00767888600156033,0.013007015481440778
predictive_coding,IT,4,0.007475761190031641,0.012708345892752439
stdp,IT,0,0.010470804626335706,0.017536938913486972
stdp,IT,1,0.00953637019109736,0.01624470537916349
stdp,IT,2,0.005904339368525858,0.009997629156713398
stdp,IT,3,0.007936745032192676,0.013321201600905528
stdp,IT,4,0.009842790963896763,0.016617914953200592
