subject,rule,roi,point,ci_lo,ci_hi
sub-01,random_weights,V1,0.05413809783369922,0.033443894295787,0.07468003084474244
sub-01,backprop,V1,0.020740484492837045,0.008529087811645051,0.0352437192895065
sub-01,feedback_alignment,V1,0.002580233681862952,-0.009229695526904872,0.01568614224081622
sub-01,predictive_coding,V1,0.006919192234643457,-0.0055686105528023385,0.020341087289677977
sub-01,stdp,V1,0.024462180409754238,0.010862974810485116,0.03943741903047293
sub-01,random_weights,V2,0.03338893333249572,0.018330942691656023,0.049244575217977496
sub-01,backprop,V2,0.011396881482677547,0.0012092738035016904,0.021357331335318756
sub-01,feedback_alignment,V2,-0.0002170678197258987,-0.009287510094135363,0.00930972881868073
sub-01,predictive_coding,V2,0.003308701328916147,-0.006264391009510798,0.013025409779684105
sub-01,stdp,V2,0.013302934984869803,0.0029827557155993794,0.023464534342997417
sub-01,random_weights,LOC,0.004764979000687399,-0.003355307449168959,0.013026186518678512
sub-01,backprop,LOC,0.006385775614306309,-0.0013029885000537156,0.014083333338162269
sub-01,feedback_alignment,LOC,0.0052724781415603205,-0.0031698587010447654,0.014128471888593239
sub-01,predictive_coding,LOC,0.0053965429472254585,-0.0029096530390784457,0.013734777665219909
sub-01,stdp,LOC,0.006559622905483004,-0.0017313737448575528,0.015299850056753968
sub-01,random_weights,IT,0.0007025477026569249,-0.006712696716720177,0.0076018138043401
sub-01,backprop,IT,0.011080149896383765,0.0039655726258450855,0.01834090174545358
sub-01,feedback_alignment,IT,0.008784569971488507,0.00033484722754955677,0.018428942594834616
sub-01,predictive_coding,IT,0.008629067868940878,0.0014088941254316578,0.01625213204669328
sub-01,stdp,IT,0.009860309464451922,0.0024474031013573864,0.018044147254777092
sub-02,random_weights,V1,0.08854319078735622,0.06065428018789602,0.11722472961775904
sub-02,backprop,V1,0.036930101456870104,0.018591933455286976,0.056958342589682694
sub-02,feedback_alignment,V1,0.018208049329531274,0.0015648232424446782,0.036866072448382595
sub-02,predictive_coding,V1,0.022765603369725503,0.006168742524063001,0.04085203478947353
sub-02,stdp,V1,0.04771554272888948,0.029123108295904917,0.06789535050010793
sub-02,random_weights,V2,0.050034001713166576,0.02884785780408904,0.0712631049849653
sub-02,backprop,V2,0.021148066477661206,0.0055275906879207115,0.0384300209294504
sub-02,feedback_alignment,V2,0.00901261539186852,-0.0061805303542001415,0.02527469862090496
sub-02,predictive_coding,V2,0.011524834909769905,-0.0033412946042177117,0.027577550796585266
sub-02,stdp,V2,0.028101721236564747,0.01167618491735701,0.04554861319793119
sub-02,random_weights,LOC,-0.009373358952235905,-0.026231460239903078,0.00703338506461513
sub-02,backprop,LOC,0.014150019869930083,-0.004906757415097612,0.03361033705964588
sub-02,feedback_alignment,LOC,0.006851621499933862,-0.010951358772460291,0.02498469381330986
sub-02,predictive_coding,LOC,0.007198802061020732,-0.008681532056350515,0.02316346337917957
sub-02,stdp,LOC,0.0066409582053964826,-0.007315113357000301,0.02127625084224231
sub-02,random_weights,IT,0.007306814412702756,-0.005531856476276237,0.020142661451779783
sub-02,backprop,IT,0.010620186510353293,-0.0017736292043068014,0.023362288917793555
sub-02,feedback_alignment,IT,0.01101933652203456,-0.0025829047113684897,0.02429611360296072
sub-02,predictive_coding,IT,0.010376506750528671,-0.0028048720979668732,0.023673341310359582
sub-02,stdp,IT,0.011469979974164702,0.0010619645443766606,0.02272996055581694
sub-03,random_weights,V1,0.01685735664033189,0.007265804568431196,0.027874040423627736
sub-03,backprop,V1,0.009387417205658175,0.0020868297857309062,0.018465552372076043
sub-03,feedback_alignment,V1,0.005008099571945766,-0.0024883846981444036,0.014039983540572839
sub-03,predictive_coding,V1,0.006103630754875367,-0.001409799259015207,0.015211161180181093
sub-03,stdp,V1,0.0073969622031343895,3.694516064414313e-05,0.016908349298339585
sub-03,random_weights,V2,0.003072985951539758,-0.0035422966429411048,0.01124720688923467
sub-03,backprop,V2,0.004364913160841537,-0.0023920916736143503,0.01289825482122686
sub-03,feedback_alignment,V2,0.002029997783123165,-0.0042763776954051385,0.010108784292976746
sub-03,predictive_coding,V2,0.0023055569285196295,-0.0040794563755959835,0.01062420010972183
sub-03,stdp,V2,0.002365213953659936,-0.00396183538693989,0.010665263877615593
sub-03,random_weights,LOC,-0.004400457464375631,-0.01242485980523714,0.00418609651539108
sub-03,backprop,LOC,0.0035359209162354167,-0.005081718717892855,0.0126373282062785
sub-03,feedback_alignment,LOC,-0.0012100793763704226,-0.009063172174430598,0.006029492716435248
sub-03,predictive_coding,LOC,0.0003241484386509942,-0.0067237584044051845,0.00763366797958017
sub-03,stdp,LOC,-0.0002990159608091884,-0.007299635657840294,0.006434270223129052
sub-03,random_weights,IT,0.0038579822315383877,-0.004396382576557715,0.013133372384584547
sub-03,backprop,IT,0.0064213841931571435,-0.0009542547281938756,0.01472991089180724
sub-03,feedback_alignment,IT,0.003637297652556834,-0.0028336373576129596,0.011233368639382294
sub-03,predictive_coding,IT,0.0040497561587958236,-0.0020899291428831896,0.010645420110051141
sub-03,stdp,IT,0.0048843406706123955,-0.0011589187779624552,0.011684479282521237
