layer,quantity,point,ci_lo,ci_hi
Conv1,random_weights,0.028831973665734,0.018734520932021662,0.03954527896874354
Conv1,backprop,0.0123032870403934,0.00473150892170795,0.020094156121908055
Conv1,feedback_alignment,0.0036085151184219,-0.0034373868060092274,0.01073619109788217
Conv1,predictive_coding,0.0057130310557352,-0.0014081952679395199,0.013045407129094863
Conv1,stdp,0.0145899567250314,0.006828529567879952,0.022583054703583346
Conv1,random_weights - backprop,0.0165286866253406,0.007157929875500748,0.0260794088328071
Conv1,random_weights - feedback_alignment,0.0252234585473121,0.014956830992072033,0.03609591119091799
Conv1,random_weights - predictive_coding,0.023118942609998798,0.013973501194096948,0.03271703342882555
Conv1,random_weights - stdp,0.014242016940702599,0.005145407750757089,0.02375326552367271
Conv1,backprop - feedback_alignment,0.0086947719219715,0.005268942327462817,0.012541609260048206
Conv1,backprop - predictive_coding,0.0065902559846582,0.003522419593658572,0.010058828806143841
Conv1,backprop - stdp,-0.0022866696846380007,-0.0049935662523475375,0.0006524357201222398
Conv1,feedback_alignment - predictive_coding,-0.0021045159373133,-0.00365359077573368,-0.00047443857656598277
Conv1,feedback_alignment - stdp,-0.0109814416066095,-0.01455455851729856,-0.007715633133270399
Conv1,predictive_coding - stdp,-0.0088769256692962,-0.011909886954270041,-0.006159422283136117
Conv2,random_weights,0.037245725111353,0.025602609128817542,0.049075551452245764
Conv2,backprop,-0.0153434154011561,-0.023238103132712802,-0.007218503435777938
Conv2,feedback_alignment,0.0059934106763789,-0.0017218984728130525,0.01379960489818024
Conv2,predictive_coding,0.0054944428593993,-0.00142395011205365,0.013266244591208983
Conv2,stdp,0.015671263975413,0.008163463365877198,0.023949187324348527
Conv2,random_weights - backprop,0.0525891405125091,0.04014540883347866,0.06559598367214442
Conv2,random_weights - feedback_alignment,0.031252314434974095,0.021249097978533086,0.04126494919710711
Conv2,random_weights - predictive_coding,0.0317512822519537,0.02118916889991523,0.04252253034479178
Conv2,random_weights - stdp,0.021574461135939995,0.010805144227918041,0.03213041528362022
Conv2,backprop - feedback_alignment,-0.021336826077535002,-0.027432709947380948,-0.014840752505488615
Conv2,backprop - predictive_coding,-0.0208378582605554,-0.027671951144316753,-0.014254571018833883
Conv2,backprop - stdp,-0.031014679376569102,-0.04039933566631111,-0.022576945207378702
Conv2,feedback_alignment - predictive_coding,0.0004989678169795998,-0.0026759731517404825,0.003532721845949695
Conv2,feedback_alignment - stdp,-0.009677853299034101,-0.015164609141077746,-0.0047416843548418785
Conv2,predictive_coding - stdp,-0.010176821116013701,-0.014498813886374301,-0.006506813227705242
Conv1,predictive_coding - feedback_alignment,0.0021045159373133,0.00047443857656598223,0.00365359077573368
Conv1,stdp - feedback_alignment,0.0109814416066095,0.007715633133270398,0.014554558517298559
Conv2,predictive_coding - feedback_alignment,-0.0004989678169795998,-0.0035327218459496952,0.002675973151740482
Conv2,stdp - feedback_alignment,0.009677853299034101,0.004741684354841878,0.015164609141077746
