roi,subject,rho_vs_different_run,rho_vs_trial_distance
V1,sub-01,0.10693905183955453,0.046062345093663346
V1,sub-02,0.15010962523696364,0.1845980123263828
V1,sub-03,0.04884738755540673,0.04047785295517691
V2,sub-01,0.11185652664377285,0.04674274683193953
V2,sub-02,0.12609050334576344,0.14432474748501392
V2,sub-03,0.0685208167106028,0.02798132569387567
LOC,sub-01,0.1318605032306011,0.07940957672953336
LOC,sub-02,0.22225218657079512,0.1795704273486004
LOC,sub-03,0.09190068803747305,0.03833222088860535
IT,sub-01,0.1149198361335498,0.06311409664601166
IT,sub-02,0.19181255472028141,0.1451665598452254
IT,sub-03,0.050257316189328764,0.019863725159444887
