subject,roi,k,rho_vs_luminance,rho_vs_sub01
sub-01,V1,-5,0.006543742987334884,
sub-01,V2,-5,0.004679295374711407,
sub-01,LOC,-5,-0.00017488959116373343,
sub-01,IT,-5,0.00035751282878498854,
sub-01,V1,-4,0.004272571039135464,
sub-01,V2,-4,0.0065197004587777855,
sub-01,LOC,-4,-0.002693675581962403,
sub-01,IT,-4,-0.0009756465298118899,
sub-01,V1,-3,-0.0035875779242197873,
sub-01,V2,-3,-0.0034485234693201533,
sub-01,LOC,-3,-0.0001877604689792978,
sub-01,IT,-3,-0.00020368717191803507,
sub-01,V1,-2,0.012194121940396808,
sub-01,V2,-2,0.009406072378417674,
sub-01,LOC,-2,-0.0009937469266220289,
sub-01,IT,-2,0.0014402299355853842,
sub-01,V1,-1,0.0008601911583894369,
sub-01,V2,-1,-0.0014213515086139786,
sub-01,LOC,-1,-0.003034402490418063,
sub-01,IT,-1,-0.00023774816342935097,
sub-01,V1,0,0.05196168546584505,
sub-01,V2,0,0.033494718387869445,
sub-01,LOC,0,0.0019196862233593869,
sub-01,IT,0,0.003178659151583506,
sub-01,V1,1,-0.004210576094921608,
sub-01,V2,1,-0.007304742964527598,
sub-01,LOC,1,-0.0013277852855934334,
sub-01,IT,1,-0.0026739808810571164,
sub-01,V1,2,-0.0004912462935365699,
sub-01,V2,2,4.156744248092273e-05,
sub-01,LOC,2,0.00023815856667210302,
sub-01,IT,2,-9.693438371637553e-05,
sub-01,V1,3,-0.0035640021596935723,
sub-01,V2,3,0.0016160929964231653,
sub-01,LOC,3,-0.0017806552613473337,
sub-01,IT,3,-0.0013182082853647106,
sub-01,V1,4,0.003076681988926793,
sub-01,V2,4,0.0009688312404100177,
sub-01,LOC,4,-0.0011887548409937568,
sub-01,IT,4,-0.0003833507683302073,
sub-01,V1,5,0.0027182900008500344,
sub-01,V2,5,-0.0058152457947655434,
sub-01,LOC,5,-0.0005506307139317819,
sub-01,IT,5,0.002397716053510174,
sub-02,V1,-5,0.020882890345968432,0.017652162753931895
sub-02,V2,-5,0.021153312064523457,0.01319707168262256
sub-02,LOC,-5,0.010354167909031346,0.04008282082300076
sub-02,IT,-5,0.010646846050433355,0.034474611664493414
sub-02,V1,-4,0.014611061445535565,0.014424920765310587
sub-02,V2,-4,0.014529249073078135,0.011223158485986214
sub-02,LOC,-4,0.012000568285296553,0.03992623937851357
sub-02,IT,-4,0.008096086884093901,0.03450394366009821
sub-02,V1,-3,0.010263642996780106,0.015453816656920515
sub-02,V2,-3,0.009999129808149066,0.01822761473574399
sub-02,LOC,-3,0.012973326065194347,0.04049382824248979
sub-02,IT,-3,0.007988901223772915,0.03668245628552899
sub-02,V1,-2,0.01843110198809251,0.017267460892863802
sub-02,V2,-2,0.015015288780616688,0.015080248447092536
sub-02,LOC,-2,0.004397784588711008,0.04028858475341119
sub-02,IT,-2,0.007329214884760472,0.03911941091799268
sub-02,V1,-1,0.006780286152904274,0.015143749242842298
sub-02,V2,-1,0.0072906220175951355,0.015189136051138396
sub-02,LOC,-1,0.010842384320978622,0.04639853333485513
sub-02,IT,-1,0.006517539275823582,0.044006014994095184
sub-02,V1,0,0.09403662700578674,0.11517345288912473
sub-02,V2,0,0.060784002704805475,0.06330260189325211
sub-02,LOC,0,0.00240708197813472,0.061840108411644154
sub-02,IT,0,0.006067910221648513,0.06585549706818188
sub-02,V1,1,-0.009869855610283246,0.020236692198255118
sub-02,V2,1,-0.005628948026621575,0.014955143933341271
sub-02,LOC,1,0.013249123466936196,0.042998945773739146
sub-02,IT,1,0.010010019268285231,0.03682289752767611
sub-02,V1,2,0.013292000100674939,0.022162028819371776
sub-02,V2,2,0.009135360163080078,0.017197359328658
sub-02,LOC,2,0.006276252987714108,0.03987502127570846
sub-02,IT,2,0.007124812173013981,0.03657955711598859
sub-02,V1,3,0.004108393526554505,0.02133336526998084
sub-02,V2,3,0.0043712939206274875,0.015840581783279975
sub-02,LOC,3,0.02665837580716596,0.03653567146611353
sub-02,IT,3,0.019247616300805986,0.03481446742375518
sub-02,V1,4,0.02177852226437986,0.014498845251017833
sub-02,V2,4,0.018711997985831716,0.01514238203234497
sub-02,LOC,4,0.021950371645022358,0.038556816731125515
sub-02,IT,4,0.015944576892388193,0.036095978467360325
sub-02,V1,5,0.005079031639515097,0.014872897517680552
sub-02,V2,5,0.0071831089807008995,0.011779285184209764
sub-02,LOC,5,0.020606103591196148,0.036049593213452046
sub-02,IT,5,0.01550678252350271,0.037091886254028775
sub-03,V1,-5,0.000612548243145834,-0.003083007293279148
sub-03,V2,-5,0.0005573572304893422,-0.0003566354208425178
sub-03,LOC,-5,0.008931665950922619,0.00039349866475697044
sub-03,IT,-5,0.0008972783949979852,-0.0002599197060241
sub-03,V1,-4,-0.001732485489686241,-0.0032693358706280154
sub-03,V2,-4,0.0033308456058129756,-0.0008604921064409553
sub-03,LOC,-4,0.0026448751649114565,4.357597257941437e-05
sub-03,IT,-4,0.0008614710785740271,0.0009545504288997651
sub-03,V1,-3,-0.0005960090200028594,0.0019602198254304627
sub-03,V2,-3,0.00020715836122227592,0.0012686808524840366
sub-03,LOC,-3,-0.0026424534995517245,-0.00349815576184448
sub-03,IT,-3,-1.1270363028452235e-05,-0.0011451319398400042
sub-03,V1,-2,0.0017956250902560695,-0.0015234555701324945
sub-03,V2,-2,-0.000491562253384213,0.001368608524457882
sub-03,LOC,-2,5.323109810032489e-06,0.004034668520656335
sub-03,IT,-2,-0.0023665380314749395,0.0007318466042248427
sub-03,V1,-1,0.004999576274364636,-0.0006783004777497671
sub-03,V2,-1,0.003591582085106698,-0.00240423865390759
sub-03,LOC,-1,0.00033227910787359156,0.003460108838370584
sub-03,IT,-1,0.004376988310608986,-0.00042396327032913773
sub-03,V1,0,0.010684445947375238,0.014144268837037465
sub-03,V2,0,0.0015315177993513957,0.007405791903072702
sub-03,LOC,0,-0.0020844818854117916,0.007584480619390779
sub-03,IT,0,0.0016689342868659415,0.00856989102792615
sub-03,V1,1,-0.00020648779533353286,0.0005506096000137798
sub-03,V2,1,0.002200100923775328,0.004731269475844816
sub-03,LOC,1,0.0032746410256154555,-0.0008881087012693471
sub-03,IT,1,0.001807040688201264,0.0013927784515168113
sub-03,V1,2,0.002895764606738904,0.002175490115693206
sub-03,V2,2,0.007099860517243808,0.001654001677932744
sub-03,LOC,2,0.0005197687010892355,-0.001431888038227314
sub-03,IT,2,0.005044950216061776,-0.0009327378862366762
sub-03,V1,3,0.002294394709466938,-0.0007367890431600281
sub-03,V2,3,0.002472363016840582,-0.0018204906978082067
sub-03,LOC,3,0.002632514710195027,-0.0015603440136594349
sub-03,IT,3,0.001772082666329784,0.0003833140727013399
sub-03,V1,4,0.0004625777715408264,-0.0005834085940533529
sub-03,V2,4,0.0025211236286149267,0.0016741263378763655
sub-03,LOC,4,-0.0005667120274416735,-0.0015348008513375814
sub-03,IT,4,-0.0011784045138830098,-0.001052809419696534
sub-03,V1,5,0.0006358594448129338,-0.00159213579426689
sub-03,V2,5,0.0010227340600624825,0.0011468520397057758
sub-03,LOC,5,-0.0009717187507873867,-0.001936225164826157
sub-03,IT,5,0.002155102155488064,-0.002826315522890208
