rho_vs_sub01,rho_vs_luminance
0.0021890234747730785,-2.392575628748343e-05
6.483861664257701e-05,-0.0015736809281639483
-0.0005893576149713204,-0.001744563013944352
0.0017052644184418723,-0.00044196929790850685
8.675222542401501e-05,-0.001895418810850544
-0.00024113531914711248,-0.0020832124853645477
0.0016318529284801845,0.002319745329854474
0.0018006425784561158,-0.0006395581877786371
0.0021189489723878385,0.003309496933800854
0.0002787667397965498,-0.00014588639000298278
0.0006309759937377249,-0.000758506754969706
-0.0011941682559594542,-0.0021995547354220863
-0.0003182138131955053,-0.0016411713729292058
0.00014486865438353676,-0.004653569896832754
-0.0005385650328241293,-0.000437980540393555
-0.000652146414872497,-0.0018400991717401013
-0.000969909117679637,-0.0032237519663593384
-0.0008199528716114426,5.2619628802886285e-05
0.0007551076911395081,0.0005573037174865614
-0.002463672478856625,0.003708153616626274
-0.0006673894041679412,-0.0022280972281755926
0.0005265978219067995,-0.0033204044107107062
-0.0005883349894415096,0.00024987794692662426
0.0036565975392950025,0.004718812837632183
-0.0016864767743486743,0.0004683575472912314
-0.001337279294222865,-0.0015300901354513266
0.00016197257562232677,0.0027975907062891088
-0.004083245478212501,0.0016234309051556999
-0.0002111419664993663,-0.0012375948507648198
4.412480926328091e-05,-0.001965741164205146
-0.002425340379057201,-0.0014392869836842256
-0.0012894763099058518,0.0017660890345569074
0.0019738716518230264,9.289771587760859e-05
0.00034312085002683384,-0.0011925639794996728
-0.0028368734517086516,-0.0012261228902880777
0.0005785147210614807,0.00030267794999024213
-0.0026867026773590486,0.0027552581884329255
-0.0019461905503683585,-0.0008090960548473334
-0.001943973034369508,-0.002675116933968824
0.002692288419112363,0.0024839255729080492
0.0008976587211583232,0.00251669868897373
-0.0017957824228430506,0.0010980437407005197
-0.0012083658673159975,-0.0008803535333224871
0.00013950034683003613,-0.00018395104298903422
0.0016351256768918619,0.005017299921320587
-0.0027385499426729742,-0.0023480391796485223
0.0018985772230924068,-0.0027201837727480515
5.344703214650267e-05,-0.003029295435189482
0.0013657617796428928,-0.0014053838120593708
-0.0008964006223725371,-0.0008524604601791482
-0.0017495173014102498,-0.003195853949472444
0.00029525175803451435,0.001615084337374331
-0.0008761363090435052,-0.0005458635989026903
-0.0013237409186014585,0.0024434203652487054
-0.0007337964938652856,-0.0019061520575162033
-0.0012812058388583614,0.0021800482241596765
0.00047912770236839937,-0.0016739188434158872
-0.0011824966845410318,0.0013623907574920298
-0.002527002104869755,-8.507555879976752e-05
0.0002874401013680515,0.005019746387335263
0.001509814607410137,-0.0023178897247197517
0.0005621206066687514,-0.0015709190175875836
-5.752162034680696e-05,0.00039588265978600704
-0.0015601653825838401,-0.0010795964822467427
0.0010655324448432242,0.005973289165301046
-0.0028633311052552826,0.0005616647143173451
0.0012708026377193323,-0.0015660796159955462
-0.0018365132353931413,0.0025372784685220536
-0.0013682277264232211,0.001647724160817848
-3.4405021147548604e-05,0.0002997377509501261
0.004745001312779511,0.0036495941382485276
0.005890254173640815,0.0025435120090018986
0.0014743068097041886,0.002160775692072687
8.92579646507882e-05,0.0017819250129684659
-0.0015799599070662174,-0.0012986184712541812
0.0010188352851675108,0.0015274873454544312
0.0008732898996573719,-0.0016923564320426648
-0.0007223209393730481,-0.0009473239958179447
0.00031082392140379474,-0.0010754995603630792
0.002151785242825699,-0.0026894294128034383
0.0016773786380453054,-0.001606362872819077
0.0012910927977410813,-0.0012828193238393843
-0.0004959803973373506,-0.0032809228607204055
-0.0013002653033507157,-0.00021418281900139577
-0.0027741245333214918,6.64370193783375e-05
0.000542959389266358,-0.00042288444346563314
0.00014954152250264355,0.0003626537106737705
0.002326308734024844,-0.0012723406686741623
-0.0022430252388509946,-0.0013214789744430931
0.0002583346999270934,-0.001461853219266096
-0.003171762902307533,-0.003004176624114731
-0.003968998748720179,0.0014080818206757472
-0.0006579424715362987,-0.0025352865371662345
-0.0016602951889374276,-0.00047161580700796993
0.0029413607944982646,-0.002574366949462685
-0.0009267417022235477,0.00307589654571671
-0.0016044907069970235,-0.0028192839812727654
6.291380467369535e-06,-0.004600201401690682
-0.000842871000901775,0.0013575186543634866
-0.000556422366501468,-0.004266122331066532
0.0019872527711804373,0.0017704378636161833
-0.0001170941094462219,-0.000785390471904397
0.00247787580260011,-0.0016130279557784212
-0.0019291741071982406,0.0006423801954916028
0.006822198486176809,0.0008930895975215207
-0.0003214079484750105,-0.0030591950138809357
0.0003334970757642941,0.0001771319107310598
-0.0020600182905995226,-0.0035084031959761075
0.0009158590171280265,-0.001690910090121631
-0.0005447132246329304,-0.00040240102354429703
0.001657993451826608,-0.0005830277956049762
0.0014266300675066287,-0.0009299718364838915
0.001775461910182491,0.0007162315062931709
-0.0006173907552578068,-0.004941616920052318
-0.0005249088587693845,0.0013164613597209955
-0.0005617924597872416,-0.003201692324333303
0.002040694473597157,0.0026529965528157362
0.0027463234709444763,-0.001984737184177236
0.0017032653985824373,-0.002934299265922047
-0.0034537858125266246,-1.5105932792016546e-05
-0.0003863052509557104,-0.0011261826522276637
0.00048827536720234897,-0.001961648835960554
-0.003663046712223293,0.0016250383212167187
0.0012411728653157076,0.002500393382605044
-0.0017308624022867296,-0.0001541587027333437
-0.0016567113138656647,7.011449909699369e-05
-0.0013044128171843274,0.0025204613704143067
-0.0006236946311733924,0.0009556138812798467
-0.0032692370652922693,-0.001368756307833778
8.828265126363142e-05,0.0018165763423763058
-0.0013133994872648448,-0.000822913598163678
-0.001143591864261604,-0.0011865949884803358
-0.0032198829925310763,-0.001518511351604393
0.0005093927436490544,0.0018495834148128541
-0.0023746908108579763,-8.151027345882424e-05
0.001326822220522537,0.0011882818230771132
-0.004511354337749424,-0.0008599717892077707
-0.0007690753125511522,0.0011384066565158233
0.003228020724013863,-0.0001576195613944014
-0.0016561130381049045,6.95640686827235e-05
0.0007366292822030926,-0.00048798657895182494
-1.0482151807095458e-05,-0.0009133746052871047
-0.0019391903499988425,-0.0005002195706025399
-0.001324172873077298,-0.004396621009993338
-0.002357768407956999,-0.000685550403126713
-0.0020222003815309666,0.0020643575091750495
0.00019062779623863185,0.00045798909858723425
-0.0016655317922713445,-0.0003090766166683415
-0.0012654906660568982,0.002118977924556397
0.002517274541869752,-0.0032659931396302137
0.003073326047262829,-0.0027418299978984946
-0.00048005462977833836,0.001161975365684117
-0.002349751242018224,0.00016151779327017738
-0.00045692738266502167,0.0007927537375002187
0.0012981366546327387,-4.900001803450084e-05
0.0023876784281140285,0.0026023371175926705
-0.0016955844443689466,0.0008874856921917578
-0.0014915490190161433,-0.0029068279609541685
0.00120725509537719,-0.0009265513130769444
0.0020457594237262835,-0.001957863244180223
-0.001741072323438981,-0.000996044007570507
0.0002782417241617006,-0.0031410223050554434
0.00018355990729494514,0.0008809513071367332
-0.004176088197144818,-0.000339472614490833
-0.00039426206462865316,-0.0010175894158815579
-0.0007589155692876789,-0.003682718198667252
-0.0005588280344235743,0.001679186894610214
0.00018774399761679135,-0.001777982642983513
-0.002984708614829209,0.0012301186286569153
-0.004279077255159041,-0.0008313550838770556
-0.0017028548037128586,0.0016823296493943007
-2.1233884117836293e-05,0.000844540447883901
-0.0008422362736474147,-0.0014703772016441475
-0.003062467960902382,0.0015248343954575511
0.00130735225326177,-0.0009619691077628255
-0.0013926763703744041,-0.002104502350046318
0.00047222938413703057,0.0022628674664495908
0.0007041265299998909,0.0025319380137156645
-0.001704651023766125,0.003990930752352506
-0.00042065306580496103,-0.003726097241249167
-0.0006639732143211778,0.0019302053162964584
-0.0008939772833823803,-0.003941327912557869
-0.0016909355774192584,0.0001291404923363378
0.0019970235631365865,-0.002970763126253994
0.0018816523082168986,-0.0019673320553663296
-0.0002466815651422258,-0.0038227624133578652
-0.0022331196335897063,0.0007325730866143724
-0.0005824778922670519,0.0007136058738539776
-0.005360719119634005,-0.0024323045923367852
0.004330412657058302,0.0006832683560159
0.0012525437291620318,0.002315734217096826
0.00440065435330916,0.0018312366179263453
-0.002524878315630718,0.004809655133089546
-0.0005661876549015876,0.0040050432140394865
-0.0011720549708358467,-0.0012861884475622366
0.00033406995620830746,0.003143330713459542
0.0015836228265990742,0.0005856723189631041
-0.0010709732168266884,-0.0031011193911300704
0.0007616461911500745,0.00016762263791746408
0.0006190849381094374,-0.000599172391664068
-0.0004980632344641678,0.0011639704654335266
-0.0017401987449395145,-0.001427348998250753
-0.0009468541275368566,-0.00014881154057339783
0.0008558785445267152,0.0029833162020352876
-0.001660600484312178,0.003379725532310316
-0.0010252237411301115,0.000216218173427812
-0.0027151480419694827,0.0007323624020564462
0.0014491732893618975,0.006846727421769186
-0.003103265554419821,0.0002140853253640927
-0.001358856743763532,-0.00048135271424766584
0.001733893191117834,-0.0015858786160555445
0.0012678986006966402,-0.0003118475897409762
0.0019283854890198174,8.429152401614727e-05
-0.0022579293842500845,0.0014575981837887577
-0.004198281414579919,-5.1513909556520805e-06
-0.0026716526747943147,0.0009414487248182841
9.740530304496939e-05,0.0038020448295491365
0.005218496759068063,0.0036596124362527406
-0.001358066955873313,-0.001253646835526498
0.0008701854317943599,0.0004098313294448964
-0.002259379064204535,0.0008134831375152212
0.002558117511680293,-0.00018096253826786646
0.0006267222631259727,-0.00020785871152024035
-0.0010207319376132206,0.0028337821029796716
-0.00029872066486081054,0.0009185799677885955
-0.0027722588312131045,-0.00015799729143438959
0.0024918781799152727,0.0027916778425330115
0.0013212929605074177,0.003004078765060002
0.0013076876775816061,-0.0007210536175350854
-0.001263650025740702,0.0009099543615538911
0.00017958795458503248,-0.0025888682870489088
-0.00021711027479095812,-0.001787433241533218
-0.000869781453267029,0.0017649079435432893
-0.0008135546390436467,-0.00010411399482657818
0.005222256100249157,0.001397443890365102
0.0005507594468261612,-0.0012714068285281815
0.0007300476783555786,0.0021378028680506846
0.001974534386359664,0.000762737585894238
0.002663763116057511,-0.0032457178650182814
0.00506401917441465,0.003925381476272428
0.002507200720781108,0.0049104807463476825
-0.0008937888841830645,-0.00015376318830835509
-0.0004934137518552034,0.0001766401007924945
-0.0012594877888596698,0.002220325907624394
-0.0030444602330120395,0.0017124125391796783
0.002028396866662937,-0.0028993317216591294
-0.0007836697977137114,-0.0007691610279361234
-0.00023227834505103304,-0.0006892368402871484
-0.0002566121287732186,9.463369237313604e-05
0.0015288092128512068,-0.0018013868523546275
0.0021326900211496727,0.0025797696323962335
0.00397370619090287,-0.001212716011293615
-0.0024564688500416944,-0.00017471511661859963
0.0010244733490776794,0.0004085647327530138
0.0016995598960194587,-0.0011624082159942917
7.919744664209465e-05,0.0014909006449882946
-0.0044378812196626686,-0.000643631557333827
0.00029572089246121004,0.0005562541254806096
0.0005173547767573462,-0.00021434745673720365
-0.0012563914456314694,-0.0003632839075918387
0.003847080340381628,0.0001776923734430186
-0.0018867629640727504,0.0024656863542604416
-0.0036862486089390373,-0.0008055830457884159
-0.0003248420541152817,0.0005990363750520087
-0.001065275344973412,-0.0010684322869399287
0.0006559834722242018,0.004131769239239114
0.0035269316120984926,-0.0016762715591846
3.605515415592111e-05,-0.00029823690114724147
0.00131391153274505,0.002251188509948647
-0.0011877001446213163,-0.0004729753671828484
-0.0012232783565209171,-0.0011343991028361234
0.001458039204384523,-0.0006744282011451497
-0.0036193937187173585,0.003361430500611134
0.0004255821182307939,-0.0025086996689568167
-0.0024377544106974607,-0.001404701931953766
-0.0010491950781091974,-0.0011133425055112835
0.0001426638263624006,-0.002533250753258788
0.003611784777696939,0.0006856101907902583
-0.002033268795968699,-0.0018863723356290461
0.002782823540461258,0.0004183429381157292
0.0022173300635699865,-0.0010848510487979645
-0.0006841294386394126,0.0006008986326850797
0.0021786590224019808,-0.00023598804616574594
-0.00019442599041766463,0.004588416001871784
0.0026960338549902128,0.0003490756170978374
-0.0032698291005645026,-0.0017582062141856599
0.002124777674555559,-3.2774622655301297e-05
0.002543122183162531,0.00010551869827376031
-0.0012215416451034128,0.0007704926333921293
-0.00014171486346480338,0.0003504563474059166
-0.0025514527913556204,0.002872578377810227
-0.00297336171343937,5.337403118157937e-05
0.0004042844992972204,0.0010137360577161033
0.002820488715956204,-0.001365761106304667
-0.0008638508999088228,-6.123366295372802e-05
-0.001923296413584675,0.00035071418249386677
0.0004718079352010938,-0.0005338087185292859
-0.0007915903732183178,0.0001224333289663262
-0.001295400234276766,-0.00010951625950146788
-0.0008617639315714143,0.000962017302180686
-0.0014588232360134498,-0.0014902751207398488
-0.0036056677311630076,-0.003114119422606451
0.0019449292688077733,-0.0028267393484604254
-0.002230921932547773,0.0006969783239390809
-0.001944695732679435,-8.958670145030751e-05
0.000995767170434894,-0.0016965692915116445
-0.002521803519567163,-0.00024096875787882788
0.00045837328585512124,0.0006144007425140263
-0.003996104934416838,1.1565598854031307e-05
-0.001169770682663897,-0.001016869396975499
0.009844923179435458,0.0009249105502595442
0.00026153994148415,-8.042827668037082e-05
-0.0006768179413202257,0.0022895707059536366
4.544708765670145e-05,0.0017954383170592477
1.1109329071487322e-05,-0.003538412508192753
4.841004855785612e-05,-0.0013470117844835336
2.2197200143489243e-06,0.0016285980930552573
-0.0021180397834604098,0.000868573693316755
0.0010346724770257697,0.0007673811301535595
-0.0002589515992639423,-0.0016718089870346791
0.0004989304730729676,-0.0018520499888785879
-0.002183782678310424,0.0008596793357739883
0.0027147835304794678,0.0029062761351394207
0.0005055753754417227,-0.0030581786175861384
0.00145777000576234,-0.0005344674267914939
-0.0018290531987334537,-0.0007590609513560222
-0.0007390037321554488,0.0010022294225498973
-0.0003283303015594984,-0.0006784239408584855
-0.00033595557902595146,0.004381853289160156
-0.0011696621470669352,0.0026272303638462113
-0.0019606767379376313,0.005399270297672304
0.00480997700982406,-0.0016506273242983412
-0.0013383862471581089,0.0027818626036962783
-0.0032806288517030274,0.002315025201455826
-0.0018641017092078053,-0.003156193478990226
-0.0016069479895874817,0.001752962245792754
-0.000924347679282929,0.0008710899176692869
0.0001488518271612541,0.0016782773492284395
0.0019721628385427257,-0.0035843612964882986
-0.002206260180390604,-0.0004605777085931299
-0.0028545289387798467,0.0006248767302218935
0.0011236929003736699,-0.0018425908567147287
0.0002606736534548711,0.00031410631269687217
-0.004098441161213802,-0.001219020084718103
0.0017436578383540544,-0.0023205812584217644
-0.0018621930646574773,-0.00031485677386427623
-0.00042383022030877864,0.0013108806987976883
0.0018402956848868573,-0.001546050641586607
0.0003209097407369068,0.0011589473938931072
-0.0023719612635214123,-0.0026735618795909978
0.0008918145463158029,-0.00046844036837655407
0.000709786246971676,4.340306662820514e-05
0.0024311936637934975,0.0045298266847330175
-0.0015283685580459979,-0.0030023579944527872
-7.463724564745736e-05,-0.0008575418772051309
-0.003002706076325063,-0.0036112486557528475
0.00018131404115114265,-0.0017041893362510475
-0.0036199081446736275,0.0017521287710575858
-0.0016115801359635404,9.302871830948675e-05
-0.0018624140268087203,-0.0018824238944753643
0.003461328769503895,0.00033870012228271465
0.0022557511692940188,-0.0001352848725415026
-0.0021424165083104908,-0.0019272314017673062
0.0006500116679481172,-0.001818204555342833
-0.00028486128324569076,-5.808828986740469e-06
0.0011957057709732128,-0.0009290448680519142
0.0004797054253381079,-0.0008003192027257602
-0.0008932040499065775,0.00036607266886742396
-0.0023129598732571834,0.0017749623844174303
0.005140666739266242,-0.0014160066814389817
-0.0014024834656464575,-0.003211826132676538
-0.0005725395555149339,-0.0006759172492776297
0.002050270257940328,-0.0017418329827081874
-0.0008859844788711263,0.0029964723707914718
-0.0029282201324047053,0.00016188563927079349
-0.0006880988973175721,0.0002094040594613664
0.0005975968550462659,-0.002254409484237586
-0.0016469025965294643,0.00040552845472182893
0.0005638876278741584,0.0018696998529933403
-0.004711953376645442,0.0007450966717383082
0.002417435177559435,0.0012616921556755588
-0.002108940897146309,-0.0014524552696829071
-0.001472971171811074,0.004355598576132769
0.006032051047804126,0.0008366662391996692
0.002037937076434626,0.0009680628456627152
0.000855552189915214,0.0037775474928041387
0.0015686979342802924,0.004972966654237778
-0.0017392848170445004,0.005093747580918483
0.0006806621708914158,-0.0014340644230541758
0.0016514655791958993,-1.1103801607558047e-05
-0.0022409550085968157,0.0013194368372366908
0.0005760154087343323,0.00016397544429193838
-0.00021571544492609911,0.001982645201880023
-0.0008634293629294365,-0.0009575165941912546
0.001996820452548837,0.0006257598237222221
-0.001877166544102137,-0.0002629118517445077
-0.0011376976065785769,0.0013286500640624487
-0.0006203188624399889,0.0002006254713698201
0.0014895893173437315,0.0010907217046355257
0.000280821212147396,0.0007147839609811461
0.0012692632200421935,0.0036088467509712446
-0.0006459862861630335,-0.0016600806737773655
0.0016932477818151184,0.0019366416876321838
-0.001889858985272786,-0.00018841284363634088
0.0009838872067818325,-0.0023186273381225666
0.0005269179951399021,-7.129103745206404e-05
0.0003939328334569356,0.003095811783021244
-0.0007719042941609401,0.00203590152159122
0.0038771264050426356,-0.0022061542590557843
-0.0011771877769805859,0.0008742760092073173
-0.001551354633658143,0.004553971222574234
-0.0038190554492402162,-4.2011521460086105e-05
-0.004019363171017701,0.0017042821303422826
0.0009361367267390918,-0.003485668350711577
0.0017446947022120675,0.003320392172903565
0.004150977484642537,0.0010645877890640646
0.001153733978102529,0.0020016017956569323
0.0009555649566888694,0.004097138265613368
-0.002029373860887371,0.0012659382582961044
0.0019001139865855558,0.0077507056887452875
0.0016586567683921074,-0.00043965870926532973
-8.468987652886537e-05,-4.783738220822661e-05
-0.0022905212845908173,0.0014243355736963564
0.002436777429995494,0.0017742998496493244
0.00021695138946077608,0.00111713834578761
-0.001117890532003818,0.001971699037521821
-0.0025356233149919443,-0.0007734331136535679
0.004165519613579117,6.639236776503769e-05
-0.0011926907165876611,-0.0015853757606348548
0.0017373447947036406,0.0016797804423088418
0.0005662574078220155,-0.0015791666927370872
0.000979424635537011,0.0007540832807244864
0.0020121556439436743,0.0006887289127012843
-0.0006287527413495768,-0.000502515676675741
-0.0001493913564202899,0.0014438325461970515
-0.0003686183623635778,0.0021321345419051153
0.002992149865864579,-0.002087902826613779
-0.0003299139023532554,0.0006908058169173279
0.003225936993042125,0.000126499326268459
0.00045736617571400797,-0.0012627143920433549
-0.0013188451011124727,0.0010831540878641292
-0.00020064001909320242,0.0031165753895905637
0.0006832859843228976,0.0020670858834877116
-0.0028177135243813373,-0.0006651240598070929
-0.0026709700914890502,7.987329426008197e-05
-1.1638022029102405e-05,-0.0022581523862331343
-0.000712520160524896,-0.0005478407647784671
1.6320359350713038e-05,0.0013420294660732256
0.00452992182880047,0.001413276535103686
0.0030233845053837796,0.0020213905721823545
0.0012284635352255845,0.0003815341643559064
0.003751049464471709,0.000658885854617359
-0.0008708892040973062,-0.0027258692712099834
-4.5816054974131865e-05,-0.001788770084422012
-0.0005628941884537253,-0.0010789546219131143
-0.001623229626157883,-0.0016811747431351991
0.0004881136972809505,-0.0003511364252698822
-0.0008605814303733845,-0.0015575130369472668
-0.0010522101251785546,0.0005804636023212136
0.0008107000581888072,-0.0037638415103668933
0.0005771017975350686,0.004127245891946155
0.003021542329929368,-0.00399720072807608
0.004481929498367902,-0.0016611952400807655
0.001901933365904634,-0.0015397405939466375
-0.0015057777247677096,-0.0005239845873059602
7.696580171407221e-05,-9.247770977564873e-06
0.002104568532124344,-0.001815839655224744
-0.0010664921524171456,0.0007073326087216909
0.002203792102122884,0.0006599295883656977
-0.004158849351175079,-0.003060536895113838
-0.003304208358820316,0.003524266290932999
0.001733960778827731,-0.0027587741390114108
8.674265417535842e-05,-0.0019315288593928423
0.0007326506333176974,-0.003781198752997485
-0.003839440003238333,-0.0035245479398973555
-0.0006801561593924609,-0.0008813567017077257
-0.0006119253445095254,0.0017788561329897432
0.0020723833202919073,0.0030309163424873885
1.5037931353441443e-05,-0.00024091094698759362
-0.003780000725927254,-0.002017354379863078
0.0037589813058878058,-0.00439272003206629
0.004394481709938242,0.005296035706921079
0.0009663909368859583,-0.00131376762320059
-0.002864115408678148,-0.002492134567405038
0.0003769485081230183,0.0016010370461246432
-0.0033233917776592323,-0.002244190375362612
-0.0009189794055508329,-0.002573961516694621
0.002011002872708618,-0.0005416261967187746
0.0003893888979710616,0.0003547036995995129
0.0009660537243178478,-0.000397740122538623
-0.0019918696451266503,-0.0010529492593727779
5.481881565562913e-05,7.406086495884118e-05
-0.004639883514819413,-0.001717641342975146
0.004211814805491097,0.0007935532187478721
0.0016324274044354002,-0.0007225986434791913
0.002099505195286565,-0.00247760481012502
0.0012365013818078818,-0.0020574348120058618
0.0004109478984801482,0.0017580433517057003
-0.0016251135241026771,0.0013061443719151545
-0.0019242732626567043,1.5882979554333875e-05
0.00013418289119430628,-0.0026595297282354323
0.0052984963073857945,-0.0024979425908484044
-0.0008680084679644757,-0.0019089758762854583
0.003349097393711087,0.0030406801646224186
-3.1118574569598614e-05,0.0010726938411980095
0.0026236634678665736,0.00597668572351477
0.004517884963821654,-0.0005795994860969393
0.0009739422432158858,2.1958446128417028e-05
-0.0012186098900632283,-3.0935849677444236e-05
-0.0036614043266528914,0.0003997157805723077
0.0009659112816731941,-1.777467689261528e-05
0.0012636927592852996,-0.001754478737738663
0.00104643386033082,0.0003294512301443654
-0.00019240088088035682,-0.00018136315169780387
-0.0008080231069626517,-0.0009244070950436776
-0.0006114053319691646,0.0003295151780663576
-0.0010798684414109329,-0.0018818090773064546
0.0015539250897931669,0.0020310903053245614
0.0006463041438607286,0.001030138585484953
0.0008827553099411451,-9.304621708434492e-05
0.0012800432042824781,0.0005493061832749276
-0.001450242764751575,-0.0031078063691525517
-2.6193534498190362e-05,-0.00026500925415035427
-0.0013805971865816483,0.0025715784569062643
-0.001968808078443713,-0.0009178265250085582
0.0012578055841708522,-0.00020147158473176848
0.00027954840975991335,-0.0010925863718060222
-0.0002884201229571172,-0.000377984639216661
-0.0005813978342921847,-0.0034199729259459582
-0.001903239648323243,0.006437153291096973
-0.00016897771624510333,0.0006944953133750638
-0.0004657173802188978,-0.0031607876349992047
0.002745604723328944,0.0009329497841666965
0.002045340137869613,-0.0029874448959028074
-0.0036661821689255108,-0.002672531613054025
0.004199501810582622,-0.0006718777621315233
0.005387569499730666,0.002694278604233553
-0.0015362456541346422,-0.00011778935792950893
-0.0011727399362031817,0.0046009337570586985
-0.003721343584423233,0.0002098548552585057
0.0010619508394507354,0.003696124231675489
0.00010625449143368681,-0.0017726064505647827
-0.0027032183885748935,-0.0018209965189430845
0.002015835455277382,0.004789672803288061
0.00013239181854235435,-0.0015344618134979008
-0.0011417220946584967,-0.0013895834478739946
0.00010356502000755899,-0.0015339960477173723
-0.0003579961383917165,-0.0034362636789599804
-0.0011796079191627967,-0.003172384609328087
0.0012391668357527876,0.0017719932510192999
-0.0003514278046815456,-0.0005947732777111965
0.002882064571140701,-0.0027831097155564966
0.0003767635314964433,-0.0024384565992287993
0.0027508053668199553,-0.0006487786632104204
-0.001601929636009556,0.00215812261190455
-0.0030690691309921544,5.821708748006096e-06
-0.0020408612820252774,0.0004170120796918642
-0.002020112876142044,-0.002415279469716789
0.00014867575553001032,0.0012642081539564092
0.0019848360773655257,0.0020346155088228116
-0.0021662304520861588,-0.0007402550335514481
-0.0008819057344586605,0.004623253752192258
-0.00264777784269566,-0.0011670971848510383
0.001160033967263802,0.0015189609385356723
-0.0021702823573892015,0.00036251466956840265
0.00011816707430757737,-0.0017813352900700387
-0.00044688210814523415,0.002447012722921231
0.003735296537194253,0.0019101229403250737
0.002216160408986497,0.0019461240003921729
-0.00018150996061894013,0.0006132469657615487
-0.003081746442794919,-0.00037208380714688757
-5.275700544781403e-05,-0.0004237588206894472
0.001473559466328366,0.001336171802041353
-0.0007566992672029594,0.000660407249803418
-0.001355344996156715,0.0006696903518863921
-0.0018300170905097106,-0.001055736853155367
-0.0028091527675525563,0.001979790628596376
0.0027008673942472,-0.0024114718659691958
-0.00031493627101432354,0.001843035680955634
-0.0019101155547676118,0.004797564565321071
-0.002465345748092375,0.0006789295871188811
0.00019089533376888336,0.004000884136344006
-0.0038159832286421822,0.0022433614989002828
0.0004871334221396615,-0.001429434344639228
-0.00024117447482712768,-0.003425221727442691
-0.0006853336194921365,0.0022174570860391835
-0.0008527002312013211,0.003392776989408234
0.001153990712521001,0.001696157009844502
-0.00329103932313372,-0.0016058700704544625
-0.0027746087584010594,0.001331262212544278
0.0034285388235057,-0.001410333891600716
0.00013305815279458734,0.0005132703660290049
-0.0002682561897775168,-0.0009710239710225801
-0.001548431187733266,-0.0018300902793076264
-0.00038906954330420016,-0.00115877257338458
-0.0020204289488056533,-0.0008955158616775733
0.0020614768928021833,-0.0017853594963664118
-0.0014887690797652565,2.3084315598963017e-05
-0.0023537728540887403,-0.002045927964967537
-0.0011084679971758618,0.0008912082928383195
-0.0011004882909021498,-0.001579975685204674
0.0007660389671999641,-0.0016698595681432949
0.0019631024254895225,0.0012302967761789007
0.0031182536524369526,0.0005598744344121658
-0.0009615650888215738,0.004017909143119632
-0.0003304420294810245,-0.0019234830744771475
0.0004151317984985584,-0.00023939356703386636
3.1969920720179425e-05,7.952523736958427e-05
0.0015653636057101816,0.001964329006715475
0.002411843168404811,0.0005290570776976857
-0.00265751377544758,0.0017574775761386842
-0.0023738061065335155,-0.001471806524986833
-0.003489211447019785,2.9593955898089808e-05
0.0030232025310344746,-0.0015024078655871524
-0.00015572112973890066,-0.00043476120458262616
-1.775976870212095e-05,0.004017665409960882
0.0020240596719865805,-0.0008098276167333503
-0.0011217248325053708,0.0037929230463001305
-0.001329000120651764,-0.0006962769193529811
-0.0009112199020961279,-0.002806565717188242
-0.0023133282918371173,-0.00039760274802530174
0.0001128446663797042,-0.001751330474332301
0.0005968376556603468,0.0025424750571388316
-0.001314626507131512,-0.002150361263175294
-0.0014420077871469636,-0.00441584116457559
0.005297361895872559,-0.0005023419190316176
-0.0010976834485277275,-0.0020097512842728884
0.0020725274915778737,0.005983768323875949
0.00019333762239747234,-0.0026499907063497743
0.0015756508179498299,-0.0012976266504366668
-0.0030636503774690536,-0.0015453691212343134
-0.0019975168992585972,0.0014394654901942077
0.00010723387408354202,0.0003038895736111878
-0.001952914898991105,0.002506352488696181
0.0020293711354906993,0.0004828527598278048
0.0002944439062671948,-0.0011290847706100793
0.0005832407922134721,0.0009467743906287355
-0.0010642131424349992,0.0018059739952666948
-0.0021389747407493075,0.0005984327211502245
-0.0003737816048325648,-0.0019731465451138935
3.494672283089204e-05,-0.0008416817590049808
0.0009250439406569056,0.0015164095254065592
-0.004136907455610274,-0.0004541952367235218
0.0014428130893132034,-0.0037864125270870453
-0.0002541521782853224,-0.0018461083892199952
-0.004464785756703563,0.003267410597208451
-0.001708873264434978,0.0008565840554274942
0.002312519927812243,-0.0021619357544491406
0.0029804510534088904,0.002700317230498338
0.0009586705313698547,0.0022943481481833552
0.0002242286963160186,0.003070408283570311
-0.002151383384878238,-0.000999660820763214
-0.0001779992387132546,0.0015333189266163651
-0.0031393204084671045,-0.0006275932161011861
0.003887026583922584,-0.0006481645263712353
-4.280682743077282e-05,0.0024276225640471084
0.0024614370782264296,0.00190853343143458
0.004051559049847333,0.0007759825103899311
-0.0010903979386866465,0.0016004304126982485
0.0023880392953913314,0.0012664467840146853
-0.0025560393335445847,-0.0027121704675275348
0.00022454799569104352,-1.1896585540063819e-05
-0.000578427851337266,0.0015474762420780344
0.0019558323310399145,-0.0004159862751359988
0.0007905151930346801,-0.0020989052895503068
-0.0012988412398374555,0.0008367167137476214
0.0013884855234681305,-0.00015739884466750613
0.0008108482739760392,0.006398819486178008
0.006134395054949148,0.0010222422393205415
0.002877486243020166,-0.003129316034827902
-0.0018342622933291918,-0.0027432866272419283
-0.0019910279104717542,0.0019453798062309608
-0.0003225212826814031,-0.0017244351156407028
-0.001541293058965368,-0.0028857477244057287
0.0002088732802171754,-0.0010361029943335843
0.0012792067761895304,-0.00376406075161581
-0.0003910174087077109,0.0014865387078654916
-0.0007188107433574169,0.0007768581234415179
0.002984328160413552,-0.0018926878685719272
0.001251241621231189,0.00026834156937894407
0.002153552657965989,-0.0010864906405033687
-0.0032274550708798113,-0.0002626979486514874
-0.0027334279968832084,2.655204686389655e-05
-0.003051068171970785,0.0011863430560398588
-0.003372229433701262,-0.0030238703494116005
0.0021807055603356475,0.0021252452779580676
0.0004891351671383493,-0.004797448163347966
-0.0006677285187960467,-0.002052763678729156
0.0032323884518410863,-0.0008974771066925375
0.0014371787204699804,-0.0015742480221148738
-0.0009740907735545402,0.0041313449010328684
-0.00322162153040189,0.001843113205267956
0.0018513451585834945,0.0022636915876546753
-0.0008483753183663019,-0.0028562104812737644
-0.001248240835553382,0.00023135440412280845
-0.0003989626672756594,0.002008902376196549
-0.0009655449742817191,-0.002960322400016544
0.0008994069260055734,-0.001194634287734336
-0.0008539652908659109,-0.0034168625607446136
-0.002006947932473567,-0.0006617235164890562
-0.0020409853111357,-0.0016530103451550967
-0.0010480232759970778,-0.0018527769048721403
0.0003248575560894625,0.00035772616618379356
0.0009159362797048928,-0.00012801283269695085
-0.000267704499773928,-0.0015947021058801102
-0.0010803022668607184,-0.002215334593039636
6.919416225134481e-05,-0.001025335360585975
-0.0011468372731901898,-0.0018193556815604133
-0.00028229434836312946,2.4182118313813235e-05
0.0037719729413378234,0.00010405131666793335
0.0009901351107741059,-0.0010270597231158214
0.0033723789862542264,0.0009662837942300046
-0.0017686137738623189,-0.0022621204802875496
-0.0005526141231704477,-0.004957170308456029
-0.002521303173145194,0.00023150680901323626
-0.0012213874703499881,0.0009141793823023188
0.004468843450721268,0.00186514644858833
0.0009028582243372565,0.002940177354796319
0.00025267262016806025,0.0028756812044180018
-0.0011035041258080664,0.0008015952280849061
-0.0013023323723392792,-0.0022547443193161655
-0.0003045647550975789,0.0037158130606356416
-0.0003094608752672557,-0.00286210499673419
0.0007279664973018371,-0.002348620842775305
-0.0017845979862934746,-0.000678728058911505
0.0022956896032671134,-0.0005170077773543806
-0.0009121525490486703,2.4447203065817882e-05
0.003185066360803474,-0.0005855178183808746
-0.001714698310377391,0.002908246147351909
0.000716074531464232,0.0022612270268553875
-0.001459362122056211,0.0021933946760995353
0.0005809753253929329,0.0012368639891604271
-0.0012870673997189338,-0.0019803728208308584
-0.002368841105115554,0.00499481932049217
0.003638508632134716,0.0011328139445822422
-0.0010674685721205964,0.000505035261948594
-0.0008505684751733797,0.0003899590413701889
0.001100914412696958,0.0020967733939499956
0.00037805084745413687,0.0034381900868123796
0.0006942508651849122,0.0020083140062645962
0.0043044488968969384,-0.0015964314153431522
-0.0028791635363246983,0.0021279527651455257
0.00034355607124106563,0.0032137347296688277
0.0014520121367814576,0.0029406910896447483
0.0021979189114432686,9.35273748501305e-05
0.0025625189195414093,0.00226614276249992
0.0013081504470966953,-0.0008441192737049085
0.003072383383680186,0.0006156784335331398
-5.461520573978484e-05,-0.0024343485102607623
-0.0017028549846518667,-0.0017338871421048129
0.00238304465571092,7.706050169190796e-05
0.006520209204386863,0.0014990968618722345
-0.0014297996553121791,0.0038223434930466415
0.001152603042762706,-0.002641594915215487
0.0021177538039220552,0.003103661697461628
-0.002954767826415605,4.5376716969608595e-05
0.0018346628190827592,0.001194789846463126
0.0014343880425988862,0.0006389419742910121
-0.002281907543267711,0.0001437658495180609
0.0002845021963081416,-0.0007092551473788564
-0.0008959096694647209,-0.001110797041971133
0.0014430349241150416,0.0030832087783761787
0.0007004127732390871,0.0034430273059046874
-0.0007239318166439801,0.0008059171337860675
-0.0015671366673030863,0.004581520356511738
0.0025444028564547616,0.0014878905946528365
-0.002271163762721834,-0.0030903468060697915
-0.0006407721283849326,-0.0006698692518441096
0.0007446549440364193,-0.001402768812770707
0.0012007139053475946,-0.001282852679956384
-0.0016909296646053667,-0.0005295540237767896
-0.003269524101426124,0.0035383626818789008
-0.0014320877355216356,-0.00380540809729095
0.00261214278460918,-0.0005670038883719167
-0.00032161570844724887,-0.001262155499099242
0.0020931123226288076,-0.0005815564197860934
0.0007251651660176101,-0.0007892180698999773
0.004235785829762156,-0.0028928692741365066
-0.0016257029032644712,0.0002611012873944666
-0.0004150753591607981,-0.00011777902801151521
-0.0010105659894609847,0.0025650109013679086
-0.0007658059718424815,-0.0011135427710009436
0.0025783477142692717,-0.001992369496054303
-0.0001919031701335727,0.00031849420583149546
0.005083693885978694,0.0009014189927474492
0.0013367113698941257,0.000936079863918768
0.002031864547920952,-0.0007531672294447054
-0.0014282019455338975,0.0020623793601919882
-0.000321440177361269,-0.00022442027227383322
-0.0014675972528553076,-0.0025360439118623356
-0.00020393428089241134,0.0018650817775030003
-0.0030918534719221635,-0.0022810565646453683
-0.002348505586734487,-0.0020262002508909683
0.0007187045160260415,-7.586275807787245e-05
0.0012250038663399773,0.000632451245921086
0.0016103765827349412,-0.0005162241243366624
-0.002342553680696635,0.0004289838808714489
-0.00017550906153401607,-0.0009737097428514394
0.004993106510303282,0.0002555540830901816
0.0014822144488139638,6.236387855754904e-05
-0.0028401235956529818,-0.0006708718919371305
0.0015368362874063908,0.0034128407996376624
0.0017240101508006597,-0.0004792101115321857
-0.0029292966090073962,-0.0017654220090231388
-0.000883306408959716,-0.0037663730708315884
-0.0006313694354882517,0.0010703979579861056
-0.0005486479237761015,-0.001960822083417893
8.585833645436043e-05,-0.00015299146368733918
0.0004380134684614994,0.003254915184712606
-0.0015796641255225515,-0.0036506420068724817
0.0016719931459787873,-0.0006691917946956393
-0.0009004885564656501,-0.0034306806278353048
0.0005359413290117153,0.0025133691548813535
0.003151603591854291,0.0007693128020429085
-0.00029221106189552425,-0.0030558904020357137
-1.8322756921809402e-05,-0.00038390478018342726
-0.004492592796133476,0.0009310805533816963
-0.0035294368986082455,-0.001429186849478268
-0.0028717860399839774,0.0031189802660131745
-0.002303320284558773,0.0010637086384814266
-0.001836130019922922,-0.0010769157215122342
-0.0022353501108603843,0.0003128268443501501
0.0008019589991423277,0.0022104632551243897
0.0011764205716326584,0.0010320493056855569
0.002165902160720692,0.0008841121100805088
0.001203490966833544,0.0003966463784280628
-0.0015248596513262806,-0.0017221294677932928
0.0005961382052741561,0.00017029056568515196
0.0001797926225156153,-0.0007219697670192063
0.002270262894224111,0.010484843210903467
0.0017963720107624106,0.0032091889549178284
-0.0032939717324236366,0.0018981473088195708
0.00329610381076276,0.0014650531012241456
-0.0008545350962692814,-0.0005441654455746422
-0.0019580430991350886,-0.001110862182504272
9.790896232027866e-05,4.137882560246444e-05
0.0007514385846848794,0.0018211613498923965
-0.002089490539971692,-0.0006284257729828368
0.0012718303183403186,0.0010796977204967045
-3.065576209079925e-05,0.006980845587689343
0.0007347595774700711,0.0008108936062983769
0.000717601137953609,-0.0013034243931742278
-0.0006691547731932953,0.0013277931997660074
0.0027109343880798603,0.0016235356281318202
-0.002048677117781109,7.942722472387663e-05
0.004443013751320326,-7.645685485859572e-05
0.0020650576382098954,-0.0016295237738084482
-0.003163011150827746,0.00016932491134410895
-0.003168502897155031,0.0005136130098263963
-0.0025599055233731845,-0.00031439460827265226
-0.000871189978430648,-0.00042511871616861545
-0.0011704483449768844,0.00035075054686433186
-0.0014185445151436334,0.0005513478388880734
-0.0005007113707846091,0.002013837428701607
0.0024508553665792193,0.001548919064872329
-8.480690892614405e-05,-0.0026722156026915533
0.0008285559857678232,0.0014805985683736646
0.0006287284217820642,-0.001544203152855369
-0.0015651662650791815,0.0033042879461043935
0.0032998773721611284,-0.001726115919889767
-0.0011134343343596636,-0.0029996260160270556
0.0052665582914284284,-6.728027439099069e-05
0.0019328575227674956,-0.0007707717768089625
0.0010629345988476388,0.00323969254511615
0.0010833741252285313,0.0024983824466213375
-0.0023975778436185523,-0.0022997974928661916
-0.0011867883620620854,-0.0007259536401252726
-0.0040021854515144015,-0.0014736834992596973
-0.0017247999911982333,0.0017687388856284126
0.0020644538327961644,-0.001213561392757489
0.001865828295196814,-0.002872694082598609
0.0006008415030739091,-0.003401003323549542
-0.0031064999583731547,-0.0005429969431248369
-0.0013369085121754708,0.0027666797497857224
-8.910905095953147e-05,-0.0005063405877609677
-0.0015397493777571047,0.0034331599098977824
0.001201299016461781,0.001672858804113812
-0.0005140685179080083,-0.001660685764184692
0.001287509988832696,-0.0018553366128730678
-0.001211571996313107,0.0006756731005481837
-0.002965891604992676,-0.002325846055617213
-0.003044422049977077,0.0003285052766990788
-0.00040909282124875553,0.0008999994754574171
-0.0007986610831300674,-0.0011697215743244492
0.0015340721147997917,7.274084702108425e-05
-0.002403543379829741,0.0016764504235200648
-0.0017039012627104735,0.00021542123707273122
-0.0008393656937890232,0.002321845667139392
0.00022892249798804018,0.0017868123322662642
-0.001526096425042013,-7.97304681306681e-05
-0.0007992406273591571,-0.0024945142217641983
0.001156047879702834,-0.0018905244452727746
-0.00018543544800831595,-0.003031891369819466
0.0005144929050455084,0.0008438926328604495
-0.00136854104956672,-0.0024426755051327495
-0.0009191081451515141,-0.000581249061361831
-0.0018674909971108386,0.0009037409316943906
-0.001363764333254033,-0.002660645483842022
-0.0006193387454476753,-7.331546509821901e-05
0.0008073993891564472,-0.0020082521283727095
-0.0017133381510768167,-0.0010483475337727504
0.00022880081151194546,0.0004212457528030211
0.0007656424349287271,-0.000156346682431126
0.0015354501129945875,0.00084293590839209
-0.0033884467026994653,-0.001280326481885212
-0.00196415303037442,-0.0013732517350745028
0.0007471285371600273,-0.00017480574578543297
0.0011350104935014054,0.002424730714580026
0.0012551865973684424,0.004263948331194361
-0.0011269611747985685,0.0020686829670825526
0.002168331644187189,0.001235626462937687
0.0013477952441623199,0.002740436052519671
-0.00015587243827636522,-0.0019495722492846965
-0.0002797757533760566,-0.0008516910164486982
-0.003982254104637862,1.608262309229537e-05
0.0014831426126270465,0.00019601166088172457
-0.0015420920948644341,0.000379800929562273
-0.001182719349478143,-0.0005888642056985144
-0.0008008412341944954,3.9016145043943226e-05
-0.0007498794958753406,0.003443276484014822
-0.0029877209337706885,-0.0034626958217675937
-0.001509759804332273,0.0017151584546735293
-0.002622729276454981,0.0037217582450774726
0.002390123192746495,-0.0005217381502504821
0.0014823499673524635,-0.0027640803003807987
-0.001298629179340019,-2.0686017823905016e-06
-0.0024754332563892622,0.0016356700587498068
0.0017499353039461497,0.0012097878505848067
-0.0016362028069222246,0.00012459211347815306
0.002364909788948545,-0.0010918762637185508
5.1635848978684896e-05,0.004128726378314457
-0.003222337354534051,-0.00025551743174846307
-0.0023860534924976134,-0.002551212477849152
0.002931665796544781,-0.0019067770639678797
0.0004859817174845401,0.0013453230365628793
0.0002722842262510344,-0.001804852382418642
-0.0007604638187497545,0.0009822127537258442
0.0029699341006406694,-0.0009074648993948954
0.0032977831161110235,0.0016657592877383862
0.0008628284044097999,0.002251728352265145
-0.0003421235063549374,0.0005063724568257616
-0.000530550308684462,-0.001964381359249095
0.0032197679296186183,-0.0005737758821044947
0.0006138927553719775,0.0018860834830626437
0.0013666378139040392,0.0015010012246123746
0.0018214805688495789,0.001420200124260214
-0.001470645832737153,0.002311114530887528
-0.002103278699116513,-0.0014094383876758732
-0.00024645403436557886,-0.00022672688993233454
-0.0035829924268997375,0.0007772534410813996
-0.000826485276825622,-0.0006671424740286932
-0.0031471785433690278,0.001594661646609462
-0.00010743200253172176,0.0031559803058335356
-0.0037104352384682918,8.534821668915247e-05
0.0016514234145140524,0.0021313350127683123
-0.00023753049714458793,-5.875171733868187e-05
-0.00046188800136907665,0.0007111581620869566
0.003202582950315986,0.0015156242546553857
-8.650773573860873e-05,-0.002270571613511564
0.003492664349231349,0.00031603991219269893
1.8543865071738623e-05,0.002421666617752534
-0.0029940996693797045,-0.001178529555742627
-0.003470065351826158,0.0002775141181214764
-0.0018045015160790628,-0.002452708184347216
-0.0038274205392303403,-0.0028274056931939305
0.0018302024149596916,-0.001467204351812509
0.0008734554063451951,-0.0015911844800263976
0.0032449440483472186,-0.0014853984404784757
0.0012326626843004891,-0.001228908036883178
-0.002368987400563717,0.0007624157011412281
-0.0014832758061840614,0.0001987517373733984
-0.0015608756719500635,0.0018616502952167003
-0.002900088134451577,-0.0016261488771443836
0.001998704294757553,0.0008609921385105558
-0.0030351625485884855,0.0014610944533078425
-8.02341420380135e-05,0.0003128509437391292
-0.0007932281751461884,0.0010741557236279853
-0.004242578955127084,-0.002872649949555687
0.0017540585953385005,-0.0033077019906738543
-0.0013405185655456747,0.0027660166666921824
0.0009546560619046044,-0.0005408194749068296
-0.0011196178664860605,0.0009784555988894227
0.0024404016589453822,-0.002576290220503687
-0.00016270244236804966,0.0014151519431844627
0.0013343166860345776,0.001374683170643258
-0.00023937254404211234,0.0016408955177194778
-0.001763887873161144,-0.003070857444579715
0.002261922767515301,-0.0011735297597459146
-0.0002123923074593293,0.00243674934812163
0.0035123817350976964,-0.0009398349580992071
-0.00195676616021645,-0.0013682823557912677
-0.0033176536447777185,2.2492801804090666e-05
0.0012374100097423384,0.0042196346864196085
0.0019878130784645844,0.002680375972600112
-0.0015945202945365127,-0.0006268639277334801
-0.0009459203740071406,0.0009896847014508148
0.004280298681730194,0.003796623205324724
-0.002802224648410567,0.0004896151497178877
-0.001888228784743381,-0.0007289790041707144
-0.0009287770730845918,0.00144041604352048
