subject,roi,session,is_session_of_720,mean_rho_with_own_other_sessions
sub-01,V1,1,False,0.005329072044856465
sub-01,V1,2,False,0.004409726253697738
sub-01,V1,3,True,0.009314773245542507
sub-01,V1,4,False,0.01241446256769581
sub-01,V1,5,False,-0.0015043227675000576
sub-01,V1,6,False,0.01356133195553046
sub-01,V1,7,False,0.008404915989273488
sub-01,V1,8,False,0.009501854267507836
sub-01,V1,9,False,0.01022207182588264
sub-01,V1,10,False,0.0057691724756483926
sub-01,V1,11,False,0.01121012585159002
sub-01,V1,12,False,0.005929735654904806
sub-01,V2,1,False,0.0018602509081309857
sub-01,V2,2,False,0.0019136316594944524
sub-01,V2,3,True,0.0035353880171784227
sub-01,V2,4,False,0.005070763362511177
sub-01,V2,5,False,-0.0008605578430700954
sub-01,V2,6,False,0.0047867491483445535
sub-01,V2,7,False,0.0030614615513032727
sub-01,V2,8,False,0.004031822458340806
sub-01,V2,9,False,0.003086743093317934
sub-01,V2,10,False,0.0024044380356132767
sub-01,V2,11,False,0.005030755863786041
sub-01,V2,12,False,0.002863718238882967
sub-01,LOC,1,False,0.011573034618850094
sub-01,LOC,2,False,0.013188601371882824
sub-01,LOC,3,True,0.013459842134037935
sub-01,LOC,4,False,0.010942598259058743
sub-01,LOC,5,False,0.007469808843021828
sub-01,LOC,6,False,0.011814695147443393
sub-01,LOC,7,False,0.007443638282760218
sub-01,LOC,8,False,0.008413022547680395
sub-01,LOC,9,False,0.009788260570734418
sub-01,LOC,10,False,0.008873544580155624
sub-01,LOC,11,False,0.008733303875249244
sub-01,LOC,12,False,0.009656125730267725
sub-01,IT,1,False,0.008773748262756372
sub-01,IT,2,False,0.00939241060624101
sub-01,IT,3,True,0.010624467602096626
sub-01,IT,4,False,0.010480960431663326
sub-01,IT,5,False,0.005318600325307107
sub-01,IT,6,False,0.010024309647814613
sub-01,IT,7,False,0.007147834375238133
sub-01,IT,8,False,0.008614865159031058
sub-01,IT,9,False,0.00850058365427893
sub-01,IT,10,False,0.007675279401516277
sub-01,IT,11,False,0.008067598410332806
sub-01,IT,12,False,0.008864152519166986
sub-02,V1,1,False,0.008546748505810687
sub-02,V1,2,True,0.009625531075538582
sub-02,V1,3,False,0.01000080858512445
sub-02,V1,4,False,0.009185781431311673
sub-02,V1,5,False,0.013521147495652636
sub-02,V1,6,False,0.008973085026066393
sub-02,V1,7,False,0.006927890574594734
sub-02,V1,8,False,-0.0007516774860621848
sub-02,V1,9,False,0.00021079093010913373
sub-02,V1,10,False,0.0067132131504694026
sub-02,V1,11,False,-0.0011275246480143986
sub-02,V1,12,False,0.008418237249149908
sub-02,V2,1,False,0.004213602234275574
sub-02,V2,2,True,0.00392485778963905
sub-02,V2,3,False,0.0052885732325633796
sub-02,V2,4,False,0.0028586820842279675
sub-02,V2,5,False,0.00624306345134355
sub-02,V2,6,False,0.005813815884710544
sub-02,V2,7,False,0.003375623387810067
sub-02,V2,8,False,0.0010169392847964205
sub-02,V2,9,False,0.00021635734037828266
sub-02,V2,10,False,0.0020821919756329687
sub-02,V2,11,False,-0.00150322667108483
sub-02,V2,12,False,0.004042266698550314
sub-02,LOC,1,False,0.015035961374318202
sub-02,LOC,2,True,0.013514847028180083
sub-02,LOC,3,False,0.017156829989522226
sub-02,LOC,4,False,0.013299403729731096
sub-02,LOC,5,False,0.013615388121827564
sub-02,LOC,6,False,0.012879518332137433
sub-02,LOC,7,False,0.010872061746835764
sub-02,LOC,8,False,0.011101698607255859
sub-02,LOC,9,False,0.010140876372848792
sub-02,LOC,10,False,0.012645837315133489
sub-02,LOC,11,False,0.006161887361959648
sub-02,LOC,12,False,0.014633215671845673
sub-02,IT,1,False,0.012556786159577997
sub-02,IT,2,True,0.013980253566909483
sub-02,IT,3,False,0.01564892655563299
sub-02,IT,4,False,0.01242132580221333
sub-02,IT,5,False,0.012487211447500394
sub-02,IT,6,False,0.01385147760338831
sub-02,IT,7,False,0.012192292660077668
sub-02,IT,8,False,0.009623497209645247
sub-02,IT,9,False,0.009857329352140414
sub-02,IT,10,False,0.009880837889477807
sub-02,IT,11,False,0.00581838476429746
sub-02,IT,12,False,0.013163085425805009
sub-03,V1,1,False,0.0005136919489725643
sub-03,V1,2,False,0.0016451248136836562
sub-03,V1,3,False,0.0004396105068994762
sub-03,V1,4,False,0.0018831409678868065
sub-03,V1,5,True,0.000599807631327692
sub-03,V1,6,False,0.0013251829280608073
sub-03,V1,7,False,-0.0005289753320190624
sub-03,V1,8,False,0.0008004648019318717
sub-03,V1,9,False,0.0008851244492939759
sub-03,V1,10,False,0.0011615247016929188
sub-03,V1,11,False,0.0005253827161394612
sub-03,V1,12,False,0.0011804481044515674
sub-03,V2,1,False,-0.0002593874304306517
sub-03,V2,2,False,0.0013284424251392196
sub-03,V2,3,False,0.00016617315052173403
sub-03,V2,4,False,0.0012597141439333838
sub-03,V2,5,True,-0.0005102809765100282
sub-03,V2,6,False,0.0004181576588441701
sub-03,V2,7,False,-0.0007845787649185186
sub-03,V2,8,False,0.0005692470115673504
sub-03,V2,9,False,0.0014845726338751698
sub-03,V2,10,False,0.0001091154246736459
sub-03,V2,11,False,0.0008474076271763391
sub-03,V2,12,False,0.0001279650898872446
sub-03,LOC,1,False,0.0042984909276512434
sub-03,LOC,2,False,0.005001276796647302
sub-03,LOC,3,False,0.0030370203364892922
sub-03,LOC,4,False,0.0055612075582364175
sub-03,LOC,5,True,0.004049170770303589
sub-03,LOC,6,False,0.0036757396067743035
sub-03,LOC,7,False,0.0020084435397062614
sub-03,LOC,8,False,0.0025282808928223694
sub-03,LOC,9,False,0.004252590216908665
sub-03,LOC,10,False,0.0023633897391593436
sub-03,LOC,11,False,0.0022476687658911474
sub-03,LOC,12,False,0.003894007395153581
sub-03,IT,1,False,0.0032013288598442768
sub-03,IT,2,False,0.004143803843983968
sub-03,IT,3,False,0.0012626820387708114
sub-03,IT,4,False,0.004269398458962025
sub-03,IT,5,True,0.0037434333863687603
sub-03,IT,6,False,0.004228151255295203
sub-03,IT,7,False,0.0017330805751095586
sub-03,IT,8,False,0.0023458263681592393
sub-03,IT,9,False,0.003446337499592252
sub-03,IT,10,False,0.0019526935648146865
sub-03,IT,11,False,0.0019652817365445174
sub-03,IT,12,False,0.003335632026595026
