rule,roi,subject,mean,sd,n
backprop,IT,sub-01,0.0127726457362764,0.001753954840144035,5
backprop,IT,sub-02,0.00894675935305598,0.002392102300544485,5
backprop,IT,sub-03,0.00516687896073902,0.0008416790388359647,5
backprop,LOC,sub-01,0.0069316898142224,0.0007083045515948028,5
backprop,LOC,sub-02,0.00959888740445672,0.001903802654903548,5
backprop,LOC,sub-03,0.00440572978725996,0.00041084549879287166,5
backprop,V1,sub-01,0.021170061706995057,0.005215000149482183,5
backprop,V1,sub-02,0.0371771370261105,0.007086444539125114,5
backprop,V1,sub-03,0.00821161387866018,0.001683006623619331,5
backprop,V2,sub-01,0.01181050704561842,0.003684746048992919,5
backprop,V2,sub-02,0.022293681537869238,0.005667971031646714,5
backprop,V2,sub-03,0.0026850847336684,0.0005439894775705145,5
feedback_alignment,IT,sub-01,0.00829119219735944,0.0010697437476062052,5
feedback_alignment,IT,sub-02,0.00934961885586256,0.0011946967390175538,5
feedback_alignment,IT,sub-03,0.0023831451477828,0.0005391893911415545,5
feedback_alignment,LOC,sub-01,0.00624367727270272,0.0010235096215641837,5
feedback_alignment,LOC,sub-02,0.00468474809555144,0.0007169454205553834,5
feedback_alignment,LOC,sub-03,-0.0009231124119411599,0.0003970802835714891,5
feedback_alignment,V1,sub-01,0.0023189302785723205,0.00756425146068443,5
feedback_alignment,V1,sub-02,0.01622469196507636,0.006925128367138301,5
feedback_alignment,V1,sub-03,0.00383329289766842,0.0017810670749255615,5
feedback_alignment,V2,sub-01,-0.0002401126506057001,0.00400278257027128,5
feedback_alignment,V2,sub-02,0.00858204842936478,0.002099008856950306,5
feedback_alignment,V2,sub-03,8.609917899158421e-05,0.00030462784228734905,5
predictive_coding,IT,sub-01,0.01164943031153954,0.001279965345362646,5
predictive_coding,IT,sub-02,0.0098933069234606,0.003399954990673163,5
predictive_coding,IT,sub-03,0.00394857503079038,0.0013398732263325615,5
predictive_coding,LOC,sub-01,0.0081873761725508,0.0012068067036969002,5
predictive_coding,LOC,sub-02,0.00260578581703388,0.0012723473281002768,5
predictive_coding,LOC,sub-03,0.00106841363187852,0.0005136229262604731,5
predictive_coding,V1,sub-01,0.04095402823062058,0.007283709782243839,5
predictive_coding,V1,sub-02,0.06148278858183672,0.012346580503692384,5
predictive_coding,V1,sub-03,0.012715747586041359,0.00283044519579037,5
predictive_coding,V2,sub-01,0.022999844855744363,0.004083665763950724,5
predictive_coding,V2,sub-02,0.031719012322045805,0.007395860270977474,5
predictive_coding,V2,sub-03,0.0010000102757367,0.0007711397225538772,5
random_weights,IT,sub-01,0.00238379665737946,0.0011132660621397323,5
random_weights,IT,sub-02,0.00893480560611026,0.004032114394902406,5
random_weights,IT,sub-03,0.00315814651618892,0.001195366629023974,5
random_weights,LOC,sub-01,0.00603331281244062,0.0008509294849446231,5
random_weights,LOC,sub-02,-0.009490763966172721,0.003556008600348792,5
random_weights,LOC,sub-03,-0.00273620205326362,0.000602405410153079,5
random_weights,V1,sub-01,0.053283767005109985,0.007338754419438586,5
random_weights,V1,sub-02,0.08831552371442418,0.009485902234070425,5
random_weights,V1,sub-03,0.0161381082540634,0.0015219383518080731,5
random_weights,V2,sub-01,0.033706780751239215,0.004168129667114076,5
random_weights,V2,sub-02,0.05114346403462226,0.005811394984301973,5
random_weights,V2,sub-03,0.00175007971184684,0.0005892106814114208,5
stdp,IT,sub-01,0.009761343801980519,0.0022898873922007888,5
stdp,IT,sub-02,0.00831400750837682,0.0031191096227927853,5
stdp,IT,sub-03,0.0038328266453562404,0.0010473093223278833,5
stdp,LOC,sub-01,0.0083679686297641,0.00204919173733748,5
stdp,LOC,sub-02,0.0025684481664841998,0.0015915139348596451,5
stdp,LOC,sub-03,0.0003266431648124105,0.00068143914585938,5
stdp,V1,sub-01,0.04712555862200206,0.007559514652076756,5
stdp,V1,sub-02,0.07285624032605634,0.013121915169794203,5
stdp,V1,sub-03,0.012004224668275821,0.001753468206853041,5
stdp,V2,sub-01,0.026886856932955498,0.0046163164247003275,5
stdp,V2,sub-02,0.0425809962420347,0.009355787289751978,5
stdp,V2,sub-03,0.00156289826672788,0.0008527826451610644,5
