pos,sub-01_stimulus,sub-01_trial_id,sub-01_session,sub-01_run,sub-02_stimulus,sub-02_trial_id,sub-02_session,sub-02_run,sub-03_stimulus,sub-03_trial_id,sub-03_session,sub-03_run
0,acorn_01b.jpg,1930,3,4,acorn_01b.jpg,1110,2,4,acorn_01b.jpg,3591,5,4
1,airbag_01b.jpg,1836,3,3,airbag_01b.jpg,1016,2,3,airbag_01b.jpg,4036,5,10
2,aircraft_carrier_01b.jpg,2275,3,8,aircraft_carrier_01b.jpg,1455,2,8,aircraft_carrier_01b.jpg,3326,5,1
3,airplane_01b.jpg,2209,3,7,airplane_01b.jpg,1389,2,7,airplane_01b.jpg,4078,5,10
4,alligator_01b.jpg,2057,3,6,alligator_01b.jpg,1237,2,6,alligator_01b.jpg,3680,5,5
5,aloe_01b.jpg,2172,3,7,aloe_01b.jpg,1352,2,7,aloe_01b.jpg,3342,5,1
6,altar_01b.jpg,2354,3,9,altar_01b.jpg,1534,2,9,altar_01b.jpg,3717,5,6
7,aluminum_foil_01b.jpg,2300,3,9,aluminum_foil_01b.jpg,1480,2,9,aluminum_foil_01b.jpg,3631,5,5
8,anchor_01b.jpg,2450,3,10,anchor_01b.jpg,1630,2,10,anchor_01b.jpg,3338,5,1
9,anklet_01b.jpg,1702,3,1,anklet_01b.jpg,882,2,1,anklet_01b.jpg,3731,5,6
10,ant_01b.jpg,1840,3,3,ant_01b.jpg,1020,2,3,ant_01b.jpg,3546,5,4
11,anteater_01b.jpg,2377,3,9,anteater_01b.jpg,1557,2,9,anteater_01b.jpg,3443,5,2
12,antelope_01b.jpg,1645,3,1,antelope_01b.jpg,825,2,1,antelope_01b.jpg,3984,5,9
13,antenna_01b.jpg,2121,3,6,antenna_01b.jpg,1301,2,6,antenna_01b.jpg,3708,5,6
14,anvil_01b.jpg,1811,3,3,anvil_01b.jpg,991,2,3,anvil_01b.jpg,3441,5,2
15,apple_01b.jpg,1682,3,1,apple_01b.jpg,862,2,1,apple_01b.jpg,3554,5,4
16,applesauce_01b.jpg,1658,3,1,applesauce_01b.jpg,838,2,1,applesauce_01b.jpg,3384,5,2
17,artichoke_01b.jpg,2217,3,8,artichoke_01b.jpg,1397,2,8,artichoke_01b.jpg,3755,5,6
18,ashtray_01s.jpg,2263,3,8,ashtray_01s.jpg,1443,2,8,ashtray_01s.jpg,3432,5,2
19,asparagus_01b.jpg,2011,3,5,asparagus_01b.jpg,1191,2,5,asparagus_01b.jpg,3888,5,8
20,avocado_01b.jpg,1912,3,4,avocado_01b.jpg,1092,2,4,avocado_01b.jpg,3685,5,5
21,axe_01b.jpg,2394,3,10,axe_01b.jpg,1574,2,10,axe_01b.jpg,3358,5,1
22,baby_01b.jpg,1987,3,5,baby_01b.jpg,1167,2,5,baby_01b.jpg,3497,5,3
23,backpack_01b.jpg,2457,3,10,backpack_01b.jpg,1637,2,10,backpack_01b.jpg,3979,5,9
24,bag_01b.jpg,2392,3,10,bag_01b.jpg,1572,2,10,bag_01b.jpg,4040,5,10
25,bagel_01s.jpg,1803,3,2,bagel_01s.jpg,983,2,2,bagel_01s.jpg,3900,5,8
26,ball_01b.jpg,2202,3,7,ball_01b.jpg,1382,2,7,ball_01b.jpg,3330,5,1
27,balloon_01b.jpg,2327,3,9,balloon_01b.jpg,1507,2,9,balloon_01b.jpg,3489,5,3
28,bamboo_01b.jpg,2428,3,10,bamboo_01b.jpg,1608,2,10,bamboo_01b.jpg,3354,5,1
29,banana_01b.jpg,1892,3,4,banana_01b.jpg,1072,2,4,banana_01b.jpg,4011,5,9
30,banana_split_01b.jpg,2255,3,8,banana_split_01b.jpg,1435,2,8,banana_split_01b.jpg,3620,5,5
31,bandage_01b.jpg,1728,3,2,bandage_01b.jpg,908,2,2,bandage_01b.jpg,3765,5,6
32,banner_01b.jpg,2224,3,8,banner_01b.jpg,1404,2,8,banner_01b.jpg,4001,5,9
33,barnacle_01s.jpg,2030,3,5,barnacle_01s.jpg,1210,2,5,barnacle_01s.jpg,3675,5,5
34,barrel_01b.jpg,1717,3,1,barrel_01b.jpg,897,2,1,barrel_01b.jpg,3592,5,4
35,basket_01b.jpg,2416,3,10,basket_01b.jpg,1596,2,10,basket_01b.jpg,3952,5,9
36,bassinet_01b.jpg,1842,3,3,bassinet_01b.jpg,1022,2,3,bassinet_01b.jpg,4013,5,9
37,battery_01b.jpg,1676,3,1,battery_01b.jpg,856,2,1,battery_01b.jpg,4067,5,10
38,beachball_01b.jpg,1865,3,3,beachball_01b.jpg,1045,2,3,beachball_01b.jpg,3895,5,8
39,beaker_01b.jpg,1955,3,4,beaker_01b.jpg,1135,2,4,beaker_01b.jpg,4029,5,10
40,bean_01b.jpg,2186,3,7,bean_01b.jpg,1366,2,7,bean_01b.jpg,3789,5,7
41,bear_01b.jpg,1927,3,4,bear_01b.jpg,1107,2,4,bear_01b.jpg,4053,5,10
42,beaver_01b.jpg,2146,3,7,beaver_01b.jpg,1326,2,7,beaver_01b.jpg,3876,5,8
43,bed_01b.jpg,2397,3,10,bed_01b.jpg,1577,2,10,bed_01b.jpg,3603,5,4
44,bee_01b.jpg,1735,3,2,bee_01b.jpg,915,2,2,bee_01b.jpg,3437,5,2
45,beer_01s.jpg,2196,3,7,beer_01s.jpg,1376,2,7,beer_01s.jpg,3969,5,9
46,beet_01b.jpg,1866,3,3,beet_01b.jpg,1046,2,3,beet_01b.jpg,3300,5,1
47,beetle_01b.jpg,2298,3,9,beetle_01b.jpg,1478,2,9,beetle_01b.jpg,3779,5,7
48,bell_01b.jpg,1683,3,1,bell_01b.jpg,863,2,1,bell_01b.jpg,4038,5,10
49,bench_01b.jpg,1980,3,5,bench_01b.jpg,1160,2,5,bench_01b.jpg,3671,5,5
50,bib_01n.jpg,1667,3,1,bib_01n.jpg,847,2,1,bib_01n.jpg,4075,5,10
51,bike_01b.jpg,2029,3,5,bike_01b.jpg,1209,2,5,bike_01b.jpg,4055,5,10
52,binoculars_01s.jpg,2163,3,7,binoculars_01s.jpg,1343,2,7,binoculars_01s.jpg,4056,5,10
53,bird_01b.jpg,2236,3,8,bird_01b.jpg,1416,2,8,bird_01b.jpg,3363,5,2
54,birdcage_01b.jpg,1754,3,2,birdcage_01b.jpg,934,2,2,birdcage_01b.jpg,4007,5,9
55,birdhouse_01b.jpg,2430,3,10,birdhouse_01b.jpg,1610,2,10,birdhouse_01b.jpg,3635,5,5
56,bison_01b.jpg,2154,3,7,bison_01b.jpg,1334,2,7,bison_01b.jpg,3373,5,2
57,blackberry_01b.jpg,1833,3,3,blackberry_01b.jpg,1013,2,3,blackberry_01b.jpg,3884,5,8
58,blanket_01b.jpg,1705,3,1,blanket_01b.jpg,885,2,1,blanket_01b.jpg,3756,5,6
59,blazer_01b.jpg,2333,3,9,blazer_01b.jpg,1513,2,9,blazer_01b.jpg,3784,5,7
60,blender_01b.jpg,1961,3,4,blender_01b.jpg,1141,2,4,blender_01b.jpg,3467,5,3
61,blimp_01b.jpg,2438,3,10,blimp_01b.jpg,1618,2,10,blimp_01b.jpg,3459,5,3
62,blind_01b.jpg,2140,3,7,blind_01b.jpg,1320,2,7,blind_01b.jpg,3945,5,9
63,blowtorch_01b.jpg,2455,3,10,blowtorch_01b.jpg,1635,2,10,blowtorch_01b.jpg,3809,5,7
64,blueberry_01b.jpg,2085,3,6,blueberry_01b.jpg,1265,2,6,blueberry_01b.jpg,3856,5,8
65,boa_01s.jpg,2435,3,10,boa_01s.jpg,1615,2,10,boa_01s.jpg,3858,5,8
66,boar_01b.jpg,1755,3,2,boar_01b.jpg,935,2,2,boar_01b.jpg,3760,5,6
67,boat_01b.jpg,2181,3,7,boat_01b.jpg,1361,2,7,boat_01b.jpg,3391,5,2
68,bobsled_01s.jpg,1666,3,1,bobsled_01s.jpg,846,2,1,bobsled_01s.jpg,4095,5,10
69,bolt_01b.jpg,2418,3,10,bolt_01b.jpg,1598,2,10,bolt_01b.jpg,4066,5,10
70,book_01b.jpg,1747,3,2,book_01b.jpg,927,2,2,book_01b.jpg,3617,5,5
71,boot_01b.jpg,1725,3,2,boot_01b.jpg,905,2,2,boot_01b.jpg,3490,5,3
72,bottle_01b.jpg,1995,3,5,bottle_01b.jpg,1175,2,5,bottle_01b.jpg,3628,5,5
73,bow2_01s.jpg,1827,3,3,bow2_01s.jpg,1007,2,3,bow2_01s.jpg,3655,5,5
74,bowl_01b.jpg,2192,3,7,bowl_01b.jpg,1372,2,7,bowl_01b.jpg,3711,5,6
75,boxer_shorts_01b.jpg,1934,3,4,boxer_shorts_01b.jpg,1114,2,4,boxer_shorts_01b.jpg,3519,5,3
76,boxing_gloves_01b.jpg,1731,3,2,boxing_gloves_01b.jpg,911,2,2,boxing_gloves_01b.jpg,3732,5,6
77,boy_01b.jpg,1722,3,2,boy_01b.jpg,902,2,2,boy_01b.jpg,3933,5,8
78,brace_01b.jpg,2282,3,8,brace_01b.jpg,1462,2,8,brace_01b.jpg,3559,5,4
79,bracelet2_01b.jpg,2082,3,6,bracelet2_01b.jpg,1262,2,6,bracelet2_01b.jpg,3293,5,1
80,bracket_01b.jpg,1929,3,4,bracket_01b.jpg,1109,2,4,bracket_01b.jpg,3791,5,7
81,bread_01b.jpg,1948,3,4,bread_01b.jpg,1128,2,4,bread_01b.jpg,3726,5,6
82,breadbox_01b.jpg,2304,3,9,breadbox_01b.jpg,1484,2,9,breadbox_01b.jpg,4059,5,10
83,breadstick_01b.jpg,2246,3,8,breadstick_01b.jpg,1426,2,8,breadstick_01b.jpg,3716,5,6
84,broccoli_01b.jpg,1891,3,4,broccoli_01b.jpg,1071,2,4,broccoli_01b.jpg,3919,5,8
85,broom_01b.jpg,1903,3,4,broom_01b.jpg,1083,2,4,broom_01b.jpg,3380,5,2
86,brownie_01b.jpg,1882,3,3,brownie_01b.jpg,1062,2,3,brownie_01b.jpg,3689,5,5
87,brush_01s.jpg,2424,3,10,brush_01s.jpg,1604,2,10,brush_01s.jpg,3721,5,6
88,bubble_01b.jpg,2297,3,9,bubble_01b.jpg,1477,2,9,bubble_01b.jpg,3801,5,7
89,bucket_01b.jpg,2132,3,7,bucket_01b.jpg,1312,2,7,bucket_01b.jpg,3475,5,3
90,buggy_01s.jpg,1824,3,3,buggy_01s.jpg,1004,2,3,buggy_01s.jpg,3584,5,4
91,bulldozer_01b.jpg,2218,3,8,bulldozer_01b.jpg,1398,2,8,bulldozer_01b.jpg,3615,5,5
92,bullet_01s.jpg,2104,3,6,bullet_01s.jpg,1284,2,6,bullet_01s.jpg,4002,5,9
93,bumper_01b.jpg,1714,3,1,bumper_01b.jpg,894,2,1,bumper_01b.jpg,3525,5,3
94,bungee_01b.jpg,2148,3,7,bungee_01b.jpg,1328,2,7,bungee_01b.jpg,3672,5,5
95,bunkbed_01b.jpg,2147,3,7,bunkbed_01b.jpg,1327,2,7,bunkbed_01b.jpg,3586,5,4
96,burner_01b.jpg,2098,3,6,burner_01b.jpg,1278,2,6,burner_01b.jpg,4003,5,9
97,burrito_01b.jpg,1786,3,2,burrito_01b.jpg,966,2,2,burrito_01b.jpg,3905,5,8
98,bus_01b.jpg,1739,3,2,bus_01b.jpg,919,2,2,bus_01b.jpg,3343,5,1
99,butterfly_01b.jpg,2168,3,7,butterfly_01b.jpg,1348,2,7,butterfly_01b.jpg,3917,5,8
100,cabbage_01b.jpg,1954,3,4,cabbage_01b.jpg,1134,2,4,cabbage_01b.jpg,4043,5,10
101,cactus_01b.jpg,2358,3,9,cactus_01b.jpg,1538,2,9,cactus_01b.jpg,3328,5,1
102,cage_01b.jpg,1669,3,1,cage_01b.jpg,849,2,1,cage_01b.jpg,3916,5,8
103,cake_01b.jpg,2295,3,8,cake_01b.jpg,1475,2,8,cake_01b.jpg,3453,5,3
104,calculator_01b.jpg,2018,3,5,calculator_01b.jpg,1198,2,5,calculator_01b.jpg,3357,5,1
105,camcorder_01b.jpg,2014,3,5,camcorder_01b.jpg,1194,2,5,camcorder_01b.jpg,3419,5,2
106,camel_01b.jpg,1810,3,3,camel_01b.jpg,990,2,3,camel_01b.jpg,3987,5,9
107,camera1_01b.jpg,2150,3,7,camera1_01b.jpg,1330,2,7,camera1_01b.jpg,3729,5,6
108,camera2_01b.jpg,1687,3,1,camera2_01b.jpg,867,2,1,camera2_01b.jpg,3515,5,3
109,candelabra_01b.jpg,2379,3,10,candelabra_01b.jpg,1559,2,10,candelabra_01b.jpg,3793,5,7
110,candle_01b.jpg,2187,3,7,candle_01b.jpg,1367,2,7,candle_01b.jpg,3311,5,1
111,candy_01b.jpg,2022,3,5,candy_01b.jpg,1202,2,5,candy_01b.jpg,3767,5,6
112,candy_bar_01b.jpg,2020,3,5,candy_bar_01b.jpg,1200,2,5,candy_bar_01b.jpg,3747,5,6
113,cane_01s.jpg,2083,3,6,cane_01s.jpg,1263,2,6,cane_01s.jpg,3639,5,5
114,cannon_01b.jpg,2301,3,9,cannon_01b.jpg,1481,2,9,cannon_01b.jpg,3682,5,5
115,canoe_01b.jpg,2442,3,10,canoe_01b.jpg,1622,2,10,canoe_01b.jpg,3460,5,3
116,canvas_01b.jpg,2219,3,8,canvas_01b.jpg,1399,2,8,canvas_01b.jpg,3877,5,8
117,car_01b.jpg,1923,3,4,car_01b.jpg,1103,2,4,car_01b.jpg,4048,5,10
118,cardigan_01b.jpg,2097,3,6,cardigan_01b.jpg,1277,2,6,cardigan_01b.jpg,3887,5,8
119,carousel_01b.jpg,2088,3,6,carousel_01b.jpg,1268,2,6,carousel_01b.jpg,3710,5,6
120,carrot_01b.jpg,2126,3,6,carrot_01b.jpg,1306,2,6,carrot_01b.jpg,3852,5,7
121,cashew_01b.jpg,2452,3,10,cashew_01b.jpg,1632,2,10,cashew_01b.jpg,3890,5,8
122,cassette_01b.jpg,2167,3,7,cassette_01b.jpg,1347,2,7,cassette_01b.jpg,3323,5,1
123,cat_01b.jpg,1787,3,2,cat_01b.jpg,967,2,2,cat_01b.jpg,4090,5,10
124,caterpillar_01b.jpg,2033,3,5,caterpillar_01b.jpg,1213,2,5,caterpillar_01b.jpg,3299,5,1
125,cauliflower_01b.jpg,1726,3,2,cauliflower_01b.jpg,906,2,2,cauliflower_01b.jpg,3920,5,8
126,celery_01b.jpg,2270,3,8,celery_01b.jpg,1450,2,8,celery_01b.jpg,4082,5,10
127,cellphone_01b.jpg,1917,3,4,cellphone_01b.jpg,1097,2,4,cellphone_01b.jpg,3468,5,3
128,chair_01b.jpg,1919,3,4,chair_01b.jpg,1099,2,4,chair_01b.jpg,3623,5,5
129,chalice_01s.jpg,2120,3,6,chalice_01s.jpg,1300,2,6,chalice_01s.jpg,3582,5,4
130,chalk_01b.jpg,1661,3,1,chalk_01b.jpg,841,2,1,chalk_01b.jpg,3792,5,7
131,chalkboard_01b.jpg,2229,3,8,chalkboard_01b.jpg,1409,2,8,chalkboard_01b.jpg,3780,5,7
132,chandelier_01b.jpg,2443,3,10,chandelier_01b.jpg,1623,2,10,chandelier_01b.jpg,3402,5,2
133,cheese_01b.jpg,2060,3,6,cheese_01b.jpg,1240,2,6,cheese_01b.jpg,3389,5,2
134,cheetah_01b.jpg,1730,3,2,cheetah_01b.jpg,910,2,2,cheetah_01b.jpg,3446,5,3
135,cherry_01b.jpg,1937,3,4,cherry_01b.jpg,1117,2,4,cherry_01b.jpg,4031,5,10
136,chess_piece_01b.jpg,2445,3,10,chess_piece_01b.jpg,1625,2,10,chess_piece_01b.jpg,3577,5,4
137,chest1_01b.jpg,2130,3,6,chest1_01b.jpg,1310,2,6,chest1_01b.jpg,3811,5,7
138,chest2_01b.jpg,2449,3,10,chest2_01b.jpg,1629,2,10,chest2_01b.jpg,3937,5,9
139,chicken_wire_01b.jpg,2439,3,10,chicken_wire_01b.jpg,1619,2,10,chicken_wire_01b.jpg,3824,5,7
140,chili_01b.jpg,1924,3,4,chili_01b.jpg,1104,2,4,chili_01b.jpg,3662,5,5
141,chin_01b.jpg,2241,3,8,chin_01b.jpg,1421,2,8,chin_01b.jpg,3925,5,8
142,chinchilla_01b.jpg,2205,3,7,chinchilla_01b.jpg,1385,2,7,chinchilla_01b.jpg,3973,5,9
143,chip_01b.jpg,2336,3,9,chip_01b.jpg,1516,2,9,chip_01b.jpg,3795,5,7
144,chipmunk_01b.jpg,1906,3,4,chipmunk_01b.jpg,1086,2,4,chipmunk_01b.jpg,3771,5,6
145,chocolate_01b.jpg,1837,3,3,chocolate_01b.jpg,1017,2,3,chocolate_01b.jpg,3374,5,2
146,christmas_tree_01b.jpg,2165,3,7,christmas_tree_01b.jpg,1345,2,7,christmas_tree_01b.jpg,3283,5,1
147,cinnamon_01b.jpg,2398,3,10,cinnamon_01b.jpg,1578,2,10,cinnamon_01b.jpg,3301,5,1
148,clarinet_01b.jpg,1935,3,4,clarinet_01b.jpg,1115,2,4,clarinet_01b.jpg,3352,5,1
149,clay_01b.jpg,1742,3,2,clay_01b.jpg,922,2,2,clay_01b.jpg,3687,5,5
150,clipboard_01b.jpg,1884,3,3,clipboard_01b.jpg,1064,2,3,clipboard_01b.jpg,3498,5,3
151,clock_01b.jpg,1694,3,1,clock_01b.jpg,874,2,1,clock_01b.jpg,3861,5,8
152,closet_01b.jpg,2408,3,10,closet_01b.jpg,1588,2,10,closet_01b.jpg,3377,5,2
153,coat_01b.jpg,1956,3,4,coat_01b.jpg,1136,2,4,coat_01b.jpg,3280,5,1
154,coat_rack_01b.jpg,2447,3,10,coat_rack_01b.jpg,1627,2,10,coat_rack_01b.jpg,3943,5,9
155,cockroach_01b.jpg,2138,3,7,cockroach_01b.jpg,1318,2,7,cockroach_01b.jpg,4080,5,10
156,coconut_01b.jpg,2159,3,7,coconut_01b.jpg,1339,2,7,coconut_01b.jpg,3928,5,8
157,coffee_pot_01s.jpg,2406,3,10,coffee_pot_01s.jpg,1586,2,10,coffee_pot_01s.jpg,3530,5,4
158,coffin_01b.jpg,2017,3,5,coffin_01b.jpg,1197,2,5,coffin_01b.jpg,3549,5,4
159,coin_01b.jpg,1795,3,2,coin_01b.jpg,975,2,2,coin_01b.jpg,4022,5,10
160,coleslaw_01b.jpg,2189,3,7,coleslaw_01b.jpg,1369,2,7,coleslaw_01b.jpg,3297,5,1
161,comb_01b.jpg,2274,3,8,comb_01b.jpg,1454,2,8,comb_01b.jpg,3593,5,4
162,compass_01b.jpg,2041,3,5,compass_01b.jpg,1221,2,5,compass_01b.jpg,3828,5,7
163,computer_01b.jpg,2349,3,9,computer_01b.jpg,1529,2,9,computer_01b.jpg,4088,5,10
164,computer_screen_01b.jpg,2432,3,10,computer_screen_01b.jpg,1612,2,10,computer_screen_01b.jpg,3946,5,9
165,confetti_01b.jpg,2346,3,9,confetti_01b.jpg,1526,2,9,confetti_01b.jpg,3346,5,1
166,contact_lens_01s.jpg,1819,3,3,contact_lens_01s.jpg,999,2,3,contact_lens_01s.jpg,3704,5,6
167,cookie_01b.jpg,1706,3,1,cookie_01b.jpg,886,2,1,cookie_01b.jpg,3336,5,1
168,copier_01s.jpg,1834,3,3,copier_01s.jpg,1014,2,3,copier_01s.jpg,3351,5,1
169,cork_01b.jpg,2243,3,8,cork_01b.jpg,1423,2,8,cork_01b.jpg,3971,5,9
170,corkscrew_01b.jpg,2157,3,7,corkscrew_01b.jpg,1337,2,7,corkscrew_01b.jpg,3327,5,1
171,corn_01s.jpg,1781,3,2,corn_01s.jpg,961,2,2,corn_01s.jpg,3934,5,8
172,cotton_candy_01b.jpg,2311,3,9,cotton_candy_01b.jpg,1491,2,9,cotton_candy_01b.jpg,3691,5,6
173,couch_01b.jpg,2201,3,7,couch_01b.jpg,1381,2,7,couch_01b.jpg,3893,5,8
174,coverall_01b.jpg,2259,3,8,coverall_01b.jpg,1439,2,8,coverall_01b.jpg,3907,5,8
175,cow_01b.jpg,2026,3,5,cow_01b.jpg,1206,2,5,cow_01b.jpg,3488,5,3
176,cranberry_01b.jpg,2064,3,6,cranberry_01b.jpg,1244,2,6,cranberry_01b.jpg,3289,5,1
177,crank_01b.jpg,1688,3,1,crank_01b.jpg,868,2,1,crank_01b.jpg,3754,5,6
178,crate_01b.jpg,1782,3,2,crate_01b.jpg,962,2,2,crate_01b.jpg,3387,5,2
179,crayfish_01b.jpg,2179,3,7,crayfish_01b.jpg,1359,2,7,crayfish_01b.jpg,3588,5,4
180,crayon_01b.jpg,2139,3,7,crayon_01b.jpg,1319,2,7,crayon_01b.jpg,3741,5,6
181,credit_card_01b.jpg,1876,3,3,credit_card_01b.jpg,1056,2,3,credit_card_01b.jpg,3848,5,7
182,crib_01b.jpg,2227,3,8,crib_01b.jpg,1407,2,8,crib_01b.jpg,3612,5,5
183,croissant_01b.jpg,2404,3,10,croissant_01b.jpg,1584,2,10,croissant_01b.jpg,3473,5,3
184,crouton_01b.jpg,1950,3,4,crouton_01b.jpg,1130,2,4,crouton_01b.jpg,3878,5,8
185,crowbar_01b.jpg,1859,3,3,crowbar_01b.jpg,1039,2,3,crowbar_01b.jpg,3774,5,7
186,crown_01b.jpg,1681,3,1,crown_01b.jpg,861,2,1,crown_01b.jpg,3880,5,8
187,crutch_01b.jpg,2386,3,10,crutch_01b.jpg,1566,2,10,crutch_01b.jpg,3484,5,3
188,crystal1_01b.jpg,2124,3,6,crystal1_01b.jpg,1304,2,6,crystal1_01b.jpg,3846,5,7
189,cucumber_01b.jpg,2250,3,8,cucumber_01b.jpg,1430,2,8,cucumber_01b.jpg,3306,5,1
190,cufflink_01b.jpg,2431,3,10,cufflink_01b.jpg,1611,2,10,cufflink_01b.jpg,3438,5,2
191,cup_01s.jpg,2353,3,9,cup_01s.jpg,1533,2,9,cup_01s.jpg,3349,5,1
192,cupcake_01b.jpg,2415,3,10,cupcake_01b.jpg,1595,2,10,cupcake_01b.jpg,3998,5,9
193,curtain_01b.jpg,1768,3,2,curtain_01b.jpg,948,2,2,curtain_01b.jpg,3333,5,1
194,cymbal_01b.jpg,1784,3,2,cymbal_01b.jpg,964,2,2,cymbal_01b.jpg,3778,5,7
195,dashboard_01b.jpg,2238,3,8,dashboard_01b.jpg,1418,2,8,dashboard_01b.jpg,3766,5,6
196,deer_01b.jpg,1650,3,1,deer_01b.jpg,830,2,1,deer_01b.jpg,3805,5,7
197,defibrillator_01b.jpg,1894,3,4,defibrillator_01b.jpg,1074,2,4,defibrillator_01b.jpg,3949,5,9
198,desk_01b.jpg,1721,3,1,desk_01b.jpg,901,2,1,desk_01b.jpg,3661,5,5
199,diaper_01b.jpg,1992,3,5,diaper_01b.jpg,1172,2,5,diaper_01b.jpg,3552,5,4
200,dice_01s.jpg,2119,3,6,dice_01s.jpg,1299,2,6,dice_01s.jpg,3926,5,8
201,dish_01b.jpg,1883,3,3,dish_01b.jpg,1063,2,3,dish_01b.jpg,4050,5,10
202,dishrag_01b.jpg,1774,3,2,dishrag_01b.jpg,954,2,2,dishrag_01b.jpg,3292,5,1
203,dishwasher_01b.jpg,1831,3,3,dishwasher_01b.jpg,1011,2,3,dishwasher_01b.jpg,3751,5,6
204,dog_01b.jpg,2285,3,8,dog_01b.jpg,1465,2,8,dog_01b.jpg,3520,5,3
205,doll_01b.jpg,1922,3,4,doll_01b.jpg,1102,2,4,doll_01b.jpg,4027,5,10
206,dollhouse_01b.jpg,1938,3,4,dollhouse_01b.jpg,1118,2,4,dollhouse_01b.jpg,3291,5,1
207,dolly_01s.jpg,2008,3,5,dolly_01s.jpg,1188,2,5,dolly_01s.jpg,3927,5,8
208,dolphin_01b.jpg,2007,3,5,dolphin_01b.jpg,1187,2,5,dolphin_01b.jpg,3644,5,5
209,donkey_01b.jpg,2213,3,7,donkey_01b.jpg,1393,2,7,donkey_01b.jpg,3785,5,7
210,donut_01b.jpg,2339,3,9,donut_01b.jpg,1519,2,9,donut_01b.jpg,3626,5,5
211,doormat_01b.jpg,1926,3,4,doormat_01b.jpg,1106,2,4,doormat_01b.jpg,3477,5,3
212,dough_01b.jpg,2101,3,6,dough_01b.jpg,1281,2,6,dough_01b.jpg,3960,5,9
213,dragonfly_01b.jpg,1888,3,4,dragonfly_01b.jpg,1068,2,4,dragonfly_01b.jpg,3329,5,1
214,drain_01b.jpg,2046,3,5,drain_01b.jpg,1226,2,5,drain_01b.jpg,3744,5,6
215,drawer_01b.jpg,2329,3,9,drawer_01b.jpg,1509,2,9,drawer_01b.jpg,3989,5,9
216,dress_01b.jpg,2051,3,6,dress_01b.jpg,1231,2,6,dress_01b.jpg,3447,5,3
217,dresser_01b.jpg,2175,3,7,dresser_01b.jpg,1355,2,7,dresser_01b.jpg,3310,5,1
218,drill_01b.jpg,1864,3,3,drill_01b.jpg,1044,2,3,drill_01b.jpg,3649,5,5
219,drum_01b.jpg,2417,3,10,drum_01b.jpg,1597,2,10,drum_01b.jpg,4000,5,9
220,duster_01s.jpg,1651,3,1,duster_01s.jpg,831,2,1,duster_01s.jpg,3777,5,7
221,dustpan_01b.jpg,1780,3,2,dustpan_01b.jpg,960,2,2,dustpan_01b.jpg,3850,5,7
222,earring_01b.jpg,1761,3,2,earring_01b.jpg,941,2,2,earring_01b.jpg,3407,5,2
223,earwig_01b.jpg,2223,3,8,earwig_01b.jpg,1403,2,8,earwig_01b.jpg,4096,5,10
224,easel_01b.jpg,1693,3,1,easel_01b.jpg,873,2,1,easel_01b.jpg,3376,5,2
225,egg_01b.jpg,2240,3,8,egg_01b.jpg,1420,2,8,egg_01b.jpg,3863,5,8
226,egg_roll_01b.jpg,2040,3,5,egg_roll_01b.jpg,1220,2,5,egg_roll_01b.jpg,3815,5,7
227,eggbeater_01b.jpg,2204,3,7,eggbeater_01b.jpg,1384,2,7,eggbeater_01b.jpg,3970,5,9
228,eggplant_01b.jpg,2283,3,8,eggplant_01b.jpg,1463,2,8,eggplant_01b.jpg,3624,5,5
229,elbow_01b.jpg,2012,3,5,elbow_01b.jpg,1192,2,5,elbow_01b.jpg,3931,5,8
230,elephant_01b.jpg,1713,3,1,elephant_01b.jpg,893,2,1,elephant_01b.jpg,3383,5,2
231,emerald_01b.jpg,2380,3,10,emerald_01b.jpg,1560,2,10,emerald_01b.jpg,3918,5,8
232,envelope_01b.jpg,1952,3,4,envelope_01b.jpg,1132,2,4,envelope_01b.jpg,3539,5,4
233,extinguisher_01b.jpg,1941,3,4,extinguisher_01b.jpg,1121,2,4,extinguisher_01b.jpg,3650,5,5
234,eyedropper_01b.jpg,1794,3,2,eyedropper_01b.jpg,974,2,2,eyedropper_01b.jpg,3786,5,7
235,eyepiece_01s.jpg,2087,3,6,eyepiece_01s.jpg,1267,2,6,eyepiece_01s.jpg,3797,5,7
236,face_01b.jpg,1801,3,2,face_01b.jpg,981,2,2,face_01b.jpg,3429,5,2
237,face_mask_01b.jpg,2365,3,9,face_mask_01b.jpg,1545,2,9,face_mask_01b.jpg,3400,5,2
238,fence_01b.jpg,2194,3,7,fence_01b.jpg,1374,2,7,fence_01b.jpg,3864,5,8
239,fern_01b.jpg,1978,3,5,fern_01b.jpg,1158,2,5,fern_01b.jpg,3413,5,2
240,ferret_01b.jpg,2035,3,5,ferret_01b.jpg,1215,2,5,ferret_01b.jpg,4024,5,10
241,ferris_wheel_01b.jpg,1852,3,3,ferris_wheel_01b.jpg,1032,2,3,ferris_wheel_01b.jpg,3507,5,3
242,fig_01b.jpg,2281,3,8,fig_01b.jpg,1461,2,8,fig_01b.jpg,3775,5,7
243,filing_cabinet_01b.jpg,2287,3,8,filing_cabinet_01b.jpg,1467,2,8,filing_cabinet_01b.jpg,3746,5,6
244,fire_01b.jpg,1909,3,4,fire_01b.jpg,1089,2,4,fire_01b.jpg,3527,5,4
245,firetruck_01b.jpg,2080,3,6,firetruck_01b.jpg,1260,2,6,firetruck_01b.jpg,3713,5,6
246,fireworks_01b.jpg,1914,3,4,fireworks_01b.jpg,1094,2,4,fireworks_01b.jpg,3423,5,2
247,fish_01b.jpg,1825,3,3,fish_01b.jpg,1005,2,3,fish_01b.jpg,3322,5,1
248,flag_01b.jpg,1752,3,2,flag_01b.jpg,932,2,2,flag_01b.jpg,3966,5,9
249,flashbulb_01b.jpg,2042,3,5,flashbulb_01b.jpg,1222,2,5,flashbulb_01b.jpg,3706,5,6
250,flashlight_01b.jpg,1925,3,4,flashlight_01b.jpg,1105,2,4,flashlight_01b.jpg,3282,5,1
251,floss_01b.jpg,2066,3,6,floss_01b.jpg,1246,2,6,floss_01b.jpg,3479,5,3
252,flower_01b.jpg,2070,3,6,flower_01b.jpg,1250,2,6,flower_01b.jpg,3422,5,2
253,flyswatter_01b.jpg,2025,3,5,flyswatter_01b.jpg,1205,2,5,flyswatter_01b.jpg,3641,5,5
254,fondue_01s.jpg,1964,3,4,fondue_01s.jpg,1144,2,4,fondue_01s.jpg,3533,5,4
255,football_helmet_01b.jpg,2141,3,7,football_helmet_01b.jpg,1321,2,7,football_helmet_01b.jpg,3783,5,7
256,footbath_01s.jpg,1895,3,4,footbath_01s.jpg,1075,2,4,footbath_01s.jpg,3469,5,3
257,footprint_01b.jpg,2004,3,5,footprint_01b.jpg,1184,2,5,footprint_01b.jpg,3566,5,4
258,footrest_01b.jpg,2425,3,10,footrest_01b.jpg,1605,2,10,footrest_01b.jpg,3995,5,9
259,forklift_01b.jpg,1689,3,1,forklift_01b.jpg,869,2,1,forklift_01b.jpg,3337,5,1
260,frog_01b.jpg,2309,3,9,frog_01b.jpg,1489,2,9,frog_01b.jpg,3819,5,7
261,fudge_01b.jpg,2235,3,8,fudge_01b.jpg,1415,2,8,fudge_01b.jpg,4025,5,10
262,game_01s.jpg,2038,3,5,game_01s.jpg,1218,2,5,game_01s.jpg,3862,5,8
263,garbage_01b.jpg,1663,3,1,garbage_01b.jpg,843,2,1,garbage_01b.jpg,3604,5,4
264,gargoyle_01b.jpg,1969,3,5,gargoyle_01b.jpg,1149,2,5,gargoyle_01b.jpg,3718,5,6
265,garlic_01b.jpg,2161,3,7,garlic_01b.jpg,1341,2,7,garlic_01b.jpg,3837,5,7
266,garter_01b.jpg,2158,3,7,garter_01b.jpg,1338,2,7,garter_01b.jpg,4061,5,10
267,gauze_01b.jpg,2027,3,5,gauze_01b.jpg,1207,2,5,gauze_01b.jpg,3652,5,5
268,gearshift_01b.jpg,1806,3,3,gearshift_01b.jpg,986,2,3,gearshift_01b.jpg,3439,5,2
269,gel_01b.jpg,2034,3,5,gel_01b.jpg,1214,2,5,gel_01b.jpg,3841,5,7
270,giraffe_01b.jpg,2214,3,8,giraffe_01b.jpg,1394,2,8,giraffe_01b.jpg,3594,5,4
271,girl_01b.jpg,2316,3,9,girl_01b.jpg,1496,2,9,girl_01b.jpg,3882,5,8
272,glass_01b.jpg,2225,3,8,glass_01b.jpg,1405,2,8,glass_01b.jpg,3399,5,2
273,go-kart_01b.jpg,1644,3,1,go-kart_01b.jpg,824,2,1,go-kart_01b.jpg,3442,5,2
274,goalpost_01b.jpg,1763,3,2,goalpost_01b.jpg,943,2,2,goalpost_01b.jpg,3799,5,7
275,goat_01b.jpg,2117,3,6,goat_01b.jpg,1297,2,6,goat_01b.jpg,3585,5,4
276,golf_cart_01b.jpg,1855,3,3,golf_cart_01b.jpg,1035,2,3,golf_cart_01b.jpg,3610,5,5
277,gondola_01b.jpg,2256,3,8,gondola_01b.jpg,1436,2,8,gondola_01b.jpg,3930,5,8
278,graffiti_01b.jpg,2006,3,5,graffiti_01b.jpg,1186,2,5,graffiti_01b.jpg,3810,5,7
279,gramophone_01b.jpg,2015,3,5,gramophone_01b.jpg,1195,2,5,gramophone_01b.jpg,3500,5,3
280,granite_01b.jpg,2278,3,8,granite_01b.jpg,1458,2,8,granite_01b.jpg,3341,5,1
281,granola_01b.jpg,2111,3,6,granola_01b.jpg,1291,2,6,granola_01b.jpg,3839,5,7
282,grape_01b.jpg,2122,3,6,grape_01b.jpg,1302,2,6,grape_01b.jpg,3904,5,8
283,grapefruit_01b.jpg,2211,3,7,grapefruit_01b.jpg,1391,2,7,grapefruit_01b.jpg,3550,5,4
284,grasshopper_01b.jpg,1998,3,5,grasshopper_01b.jpg,1178,2,5,grasshopper_01b.jpg,3968,5,9
285,grate_01b.jpg,2221,3,8,grate_01b.jpg,1401,2,8,grate_01b.jpg,3773,5,7
286,gravel_01b.jpg,1733,3,2,gravel_01b.jpg,913,2,2,gravel_01b.jpg,3536,5,4
287,gravestone_01b.jpg,2156,3,7,gravestone_01b.jpg,1336,2,7,gravestone_01b.jpg,3570,5,4
288,grenade_01b.jpg,2337,3,9,grenade_01b.jpg,1517,2,9,grenade_01b.jpg,4032,5,10
289,grits_01s.jpg,2446,3,10,grits_01s.jpg,1626,2,10,grits_01s.jpg,3736,5,6
290,groundhog_01b.jpg,2032,3,5,groundhog_01b.jpg,1212,2,5,groundhog_01b.jpg,3464,5,3
291,guacamole_01b.jpg,2173,3,7,guacamole_01b.jpg,1353,2,7,guacamole_01b.jpg,3818,5,7
292,guardrail_01b.jpg,2284,3,8,guardrail_01b.jpg,1464,2,8,guardrail_01b.jpg,3375,5,2
293,guillotine_01b.jpg,2108,3,6,guillotine_01b.jpg,1288,2,6,guillotine_01b.jpg,3543,5,4
294,guitar_01b.jpg,1871,3,3,guitar_01b.jpg,1051,2,3,guitar_01b.jpg,3692,5,6
295,gun_01b.jpg,2113,3,6,gun_01b.jpg,1293,2,6,gun_01b.jpg,3990,5,9
296,hairbrush_01b.jpg,1904,3,4,hairbrush_01b.jpg,1084,2,4,hairbrush_01b.jpg,3690,5,6
297,hairpin_01b.jpg,1893,3,4,hairpin_01b.jpg,1073,2,4,hairpin_01b.jpg,3869,5,8
298,hamburger_01s.jpg,1697,3,1,hamburger_01s.jpg,877,2,1,hamburger_01s.jpg,3420,5,2
299,hammer_01b.jpg,2426,3,10,hammer_01b.jpg,1606,2,10,hammer_01b.jpg,3607,5,4
300,hammock_01b.jpg,2348,3,9,hammock_01b.jpg,1528,2,9,hammock_01b.jpg,3315,5,1
301,hamster_01b.jpg,2137,3,7,hamster_01b.jpg,1317,2,7,hamster_01b.jpg,3562,5,4
302,hand_01b.jpg,1977,3,5,hand_01b.jpg,1157,2,5,hand_01b.jpg,3350,5,1
303,handcuff_01b.jpg,1874,3,3,handcuff_01b.jpg,1054,2,3,handcuff_01b.jpg,3835,5,7
304,hanger_01b.jpg,2078,3,6,hanger_01b.jpg,1258,2,6,hanger_01b.jpg,3544,5,4
305,hatbox_01b.jpg,2280,3,8,hatbox_01b.jpg,1460,2,8,hatbox_01b.jpg,3386,5,2
306,hay_01b.jpg,1703,3,1,hay_01b.jpg,883,2,1,hay_01b.jpg,3657,5,5
307,headlamp_01b.jpg,1783,3,2,headlamp_01b.jpg,963,2,2,headlamp_01b.jpg,3891,5,8
308,headphones_01b.jpg,1668,3,1,headphones_01b.jpg,848,2,1,headphones_01b.jpg,3335,5,1
309,hedge_01b.jpg,1854,3,3,hedge_01b.jpg,1034,2,3,hedge_01b.jpg,4020,5,10
310,hedgehog_01b.jpg,2239,3,8,hedgehog_01b.jpg,1419,2,8,hedgehog_01b.jpg,3416,5,2
311,helicopter_01b.jpg,1991,3,5,helicopter_01b.jpg,1171,2,5,helicopter_01b.jpg,3394,5,2
312,helmet_01b.jpg,2364,3,9,helmet_01b.jpg,1544,2,9,helmet_01b.jpg,3834,5,7
313,highlighter_01b.jpg,1737,3,2,highlighter_01b.jpg,917,2,2,highlighter_01b.jpg,3803,5,7
314,hip_01b.jpg,2294,3,8,hip_01b.jpg,1474,2,8,hip_01b.jpg,3510,5,3
315,hippopotamus_01b.jpg,2390,3,10,hippopotamus_01b.jpg,1570,2,10,hippopotamus_01b.jpg,4037,5,10
316,honeycomb_01b.jpg,2292,3,8,honeycomb_01b.jpg,1472,2,8,honeycomb_01b.jpg,4051,5,10
317,hood_01b.jpg,2193,3,7,hood_01b.jpg,1373,2,7,hood_01b.jpg,3513,5,3
318,horse_01b.jpg,1932,3,4,horse_01b.jpg,1112,2,4,horse_01b.jpg,4026,5,10
319,horseshoe_01b.jpg,2237,3,8,horseshoe_01b.jpg,1417,2,8,horseshoe_01b.jpg,3983,5,9
320,hotdog_01b.jpg,1897,3,4,hotdog_01b.jpg,1077,2,4,hotdog_01b.jpg,3673,5,5
321,hotplate_01b.jpg,2184,3,7,hotplate_01b.jpg,1364,2,7,hotplate_01b.jpg,3796,5,7
322,hourglass_01b.jpg,2072,3,6,hourglass_01b.jpg,1252,2,6,hourglass_01b.jpg,3651,5,5
323,hovercraft_01b.jpg,1985,3,5,hovercraft_01b.jpg,1165,2,5,hovercraft_01b.jpg,3425,5,2
324,hula_hoop_01b.jpg,1809,3,3,hula_hoop_01b.jpg,989,2,3,hula_hoop_01b.jpg,3802,5,7
325,iceskate_01b.jpg,1709,3,1,iceskate_01b.jpg,889,2,1,iceskate_01b.jpg,3340,5,1
326,icicle_01b.jpg,1981,3,5,icicle_01b.jpg,1161,2,5,icicle_01b.jpg,3568,5,4
327,iguana_01b.jpg,1999,3,5,iguana_01b.jpg,1179,2,5,iguana_01b.jpg,4033,5,10
328,inhaler_01b.jpg,1984,3,5,inhaler_01b.jpg,1164,2,5,inhaler_01b.jpg,4052,5,10
329,iron_01b.jpg,2369,3,9,iron_01b.jpg,1549,2,9,iron_01b.jpg,3424,5,2
330,jack_01b.jpg,1640,3,1,jack_01b.jpg,820,2,1,jack_01b.jpg,3595,5,4
331,jam_01b.jpg,2437,3,10,jam_01b.jpg,1617,2,10,jam_01b.jpg,3955,5,9
332,jar_01s.jpg,2249,3,8,jar_01s.jpg,1429,2,8,jar_01s.jpg,3836,5,7
333,jeans_01s.jpg,2200,3,7,jeans_01s.jpg,1380,2,7,jeans_01s.jpg,3528,5,4
334,jellyfish_01b.jpg,1746,3,2,jellyfish_01b.jpg,926,2,2,jellyfish_01b.jpg,3768,5,6
335,jersey_01b.jpg,2207,3,7,jersey_01b.jpg,1387,2,7,jersey_01b.jpg,3738,5,6
336,joystick_01b.jpg,1744,3,2,joystick_01b.jpg,924,2,2,joystick_01b.jpg,3681,5,5
337,jukebox_01n.jpg,2074,3,6,jukebox_01n.jpg,1254,2,6,jukebox_01n.jpg,3518,5,3
338,kale_01b.jpg,1916,3,4,kale_01b.jpg,1096,2,4,kale_01b.jpg,4076,5,10
339,kangaroo_01b.jpg,2272,3,8,kangaroo_01b.jpg,1452,2,8,kangaroo_01b.jpg,3304,5,1
340,kazoo_01s.jpg,2129,3,6,kazoo_01s.jpg,1309,2,6,kazoo_01s.jpg,4005,5,9
341,kebab_01b.jpg,2013,3,5,kebab_01b.jpg,1193,2,5,kebab_01b.jpg,3816,5,7
342,kettle_01b.jpg,1812,3,3,kettle_01b.jpg,992,2,3,kettle_01b.jpg,3581,5,4
343,key_01b.jpg,1662,3,1,key_01b.jpg,842,2,1,key_01b.jpg,3611,5,5
344,kimono_01b.jpg,2296,3,9,kimono_01b.jpg,1476,2,9,kimono_01b.jpg,3452,5,3
345,kite_01b.jpg,2387,3,10,kite_01b.jpg,1567,2,10,kite_01b.jpg,3461,5,3
346,knife_01b.jpg,1800,3,2,knife_01b.jpg,980,2,2,knife_01b.jpg,3504,5,3
347,knot_01b.jpg,2453,3,10,knot_01b.jpg,1633,2,10,knot_01b.jpg,3705,5,6
348,koala_01b.jpg,1879,3,3,koala_01b.jpg,1059,2,3,koala_01b.jpg,3978,5,9
349,ladder_01b.jpg,2366,3,9,ladder_01b.jpg,1546,2,9,ladder_01b.jpg,3963,5,9
350,ladle_01b.jpg,2277,3,8,ladle_01b.jpg,1457,2,8,ladle_01b.jpg,3529,5,4
351,lamp_01b.jpg,2291,3,8,lamp_01b.jpg,1471,2,8,lamp_01b.jpg,3855,5,8
352,lampshade_01b.jpg,2160,3,7,lampshade_01b.jpg,1340,2,7,lampshade_01b.jpg,3737,5,6
353,lantern_01b.jpg,2355,3,9,lantern_01b.jpg,1535,2,9,lantern_01b.jpg,4016,5,9
354,lasagna_01b.jpg,1886,3,4,lasagna_01b.jpg,1066,2,4,lasagna_01b.jpg,3749,5,6
355,lawnmower_01b.jpg,2145,3,7,lawnmower_01b.jpg,1325,2,7,lawnmower_01b.jpg,3821,5,7
356,lectern_01b.jpg,2260,3,8,lectern_01b.jpg,1440,2,8,lectern_01b.jpg,3621,5,5
357,leek_01b.jpg,1918,3,4,leek_01b.jpg,1098,2,4,leek_01b.jpg,3553,5,4
358,leggings_01b.jpg,1647,3,1,leggings_01b.jpg,827,2,1,leggings_01b.jpg,3548,5,4
359,lego_01b.jpg,2312,3,9,lego_01b.jpg,1492,2,9,lego_01b.jpg,3483,5,3
360,lemon_01b.jpg,1846,3,3,lemon_01b.jpg,1026,2,3,lemon_01b.jpg,4010,5,9
361,lemonade_01b.jpg,2313,3,9,lemonade_01b.jpg,1493,2,9,lemonade_01b.jpg,3622,5,5
362,leopard_01b.jpg,1817,3,3,leopard_01b.jpg,997,2,3,leopard_01b.jpg,3331,5,1
363,lettuce_01b.jpg,2268,3,8,lettuce_01b.jpg,1448,2,8,lettuce_01b.jpg,3842,5,7
364,life_jacket_01b.jpg,1942,3,4,life_jacket_01b.jpg,1122,2,4,life_jacket_01b.jpg,4083,5,10
365,lightbulb_01b.jpg,1979,3,5,lightbulb_01b.jpg,1159,2,5,lightbulb_01b.jpg,3426,5,2
366,lime_01b.jpg,2299,3,9,lime_01b.jpg,1479,2,9,lime_01b.jpg,3371,5,2
367,limousine_01s.jpg,1766,3,2,limousine_01s.jpg,946,2,2,limousine_01s.jpg,3564,5,4
368,lingerie_01b.jpg,1850,3,3,lingerie_01b.jpg,1030,2,3,lingerie_01b.jpg,3317,5,1
369,lion_01b.jpg,1764,3,2,lion_01b.jpg,944,2,2,lion_01b.jpg,4074,5,10
370,lip_balm_01b.jpg,1778,3,2,lip_balm_01b.jpg,958,2,2,lip_balm_01b.jpg,3830,5,7
371,lizard_01b.jpg,2010,3,5,lizard_01b.jpg,1190,2,5,lizard_01b.jpg,3602,5,4
372,llama_01b.jpg,1805,3,3,llama_01b.jpg,985,2,3,llama_01b.jpg,3616,5,5
373,lobster_01b.jpg,1710,3,1,lobster_01b.jpg,890,2,1,lobster_01b.jpg,3976,5,9
374,lock_01b.jpg,1707,3,1,lock_01b.jpg,887,2,1,lock_01b.jpg,3605,5,4
375,locker_01b.jpg,2076,3,6,locker_01b.jpg,1256,2,6,locker_01b.jpg,3385,5,2
376,lollipop_01b.jpg,1804,3,3,lollipop_01b.jpg,984,2,3,lollipop_01b.jpg,3686,5,5
377,macadamia_01b.jpg,2142,3,7,macadamia_01b.jpg,1322,2,7,macadamia_01b.jpg,3897,5,8
378,magnifying_glass_01b.jpg,1830,3,3,magnifying_glass_01b.jpg,1010,2,3,magnifying_glass_01b.jpg,3381,5,2
379,mailbox_01b.jpg,2330,3,9,mailbox_01b.jpg,1510,2,9,mailbox_01b.jpg,3444,5,3
380,man_01b.jpg,2407,3,10,man_01b.jpg,1587,2,10,man_01b.jpg,3360,5,1
381,manatee_01b.jpg,1649,3,1,manatee_01b.jpg,829,2,1,manatee_01b.jpg,3646,5,5
382,mandolin_01s.jpg,1945,3,4,mandolin_01s.jpg,1125,2,4,mandolin_01s.jpg,3913,5,8
383,mango_01b.jpg,2376,3,9,mango_01b.jpg,1556,2,9,mango_01b.jpg,3827,5,7
384,manhole_01b.jpg,1692,3,1,manhole_01b.jpg,872,2,1,manhole_01b.jpg,3725,5,6
385,map_01s.jpg,1740,3,2,map_01s.jpg,920,2,2,map_01s.jpg,3445,5,3
386,marijuana_01b.jpg,1701,3,1,marijuana_01b.jpg,881,2,1,marijuana_01b.jpg,4077,5,10
387,marshmallow_01b.jpg,1736,3,2,marshmallow_01b.jpg,916,2,2,marshmallow_01b.jpg,4012,5,9
388,mascara_01b.jpg,1691,3,1,mascara_01b.jpg,871,2,1,mascara_01b.jpg,3516,5,3
389,mask_01b.jpg,2371,3,9,mask_01b.jpg,1551,2,9,mask_01b.jpg,3822,5,7
390,mast_01b.jpg,2302,3,9,mast_01b.jpg,1482,2,9,mast_01b.jpg,3463,5,3
391,match_01b.jpg,2335,3,9,match_01b.jpg,1515,2,9,match_01b.jpg,4045,5,10
392,meat_01b.jpg,2052,3,6,meat_01b.jpg,1232,2,6,meat_01b.jpg,4081,5,10
393,meat_grinder_01b.jpg,1910,3,4,meat_grinder_01b.jpg,1090,2,4,meat_grinder_01b.jpg,3702,5,6
394,meatball_01b.jpg,2288,3,8,meatball_01b.jpg,1468,2,8,meatball_01b.jpg,3753,5,6
395,melon_01b.jpg,1843,3,3,melon_01b.jpg,1023,2,3,melon_01b.jpg,3540,5,4
396,microphone_01b.jpg,2084,3,6,microphone_01b.jpg,1264,2,6,microphone_01b.jpg,3537,5,4
397,microscope_01b.jpg,1695,3,1,microscope_01b.jpg,875,2,1,microscope_01b.jpg,3941,5,9
398,milk_01b.jpg,1711,3,1,milk_01b.jpg,891,2,1,milk_01b.jpg,3663,5,5
399,milkshake_01b.jpg,1856,3,3,milkshake_01b.jpg,1036,2,3,milkshake_01b.jpg,3629,5,5
400,mirror_01b.jpg,2047,3,5,mirror_01b.jpg,1227,2,5,mirror_01b.jpg,4063,5,10
401,missile_01b.jpg,1660,3,1,missile_01b.jpg,840,2,1,missile_01b.jpg,4064,5,10
402,mistletoe_01b.jpg,2410,3,10,mistletoe_01b.jpg,1590,2,10,mistletoe_01b.jpg,4018,5,10
403,mitten_01b.jpg,1719,3,1,mitten_01b.jpg,899,2,1,mitten_01b.jpg,3840,5,7
404,monkey_01b.jpg,1675,3,1,monkey_01b.jpg,855,2,1,monkey_01b.jpg,3831,5,7
405,moose_01b.jpg,2409,3,10,moose_01b.jpg,1589,2,10,moose_01b.jpg,3532,5,4
406,mop_01b.jpg,1872,3,3,mop_01b.jpg,1052,2,3,mop_01b.jpg,3393,5,2
407,mosquito_01b.jpg,1760,3,2,mosquito_01b.jpg,940,2,2,mosquito_01b.jpg,3390,5,2
408,mosquito_net_01b.jpg,1712,3,1,mosquito_net_01b.jpg,892,2,1,mosquito_net_01b.jpg,3910,5,8
409,moth_01b.jpg,2378,3,10,moth_01b.jpg,1558,2,10,moth_01b.jpg,3411,5,2
410,motorcycle_01b.jpg,2058,3,6,motorcycle_01b.jpg,1238,2,6,motorcycle_01b.jpg,3935,5,8
411,mouse1_01b.jpg,2267,3,8,mouse1_01b.jpg,1447,2,8,mouse1_01b.jpg,3683,5,5
412,mousetrap_01b.jpg,2143,3,7,mousetrap_01b.jpg,1323,2,7,mousetrap_01b.jpg,3849,5,7
413,mousse_01b.jpg,1907,3,4,mousse_01b.jpg,1087,2,4,mousse_01b.jpg,3403,5,2
414,muffin_01b.jpg,2269,3,8,muffin_01b.jpg,1449,2,8,muffin_01b.jpg,3645,5,5
415,mushroom_01b.jpg,1963,3,4,mushroom_01b.jpg,1143,2,4,mushroom_01b.jpg,4098,5,10
416,nacho_01b.jpg,2073,3,6,nacho_01b.jpg,1253,2,6,nacho_01b.jpg,3511,5,3
417,nail_polish_01b.jpg,1788,3,2,nail_polish_01b.jpg,968,2,2,nail_polish_01b.jpg,3303,5,1
418,napkin_ring_01b.jpg,2381,3,10,napkin_ring_01b.jpg,1561,2,10,napkin_ring_01b.jpg,4060,5,10
419,necklace_01b.jpg,1860,3,3,necklace_01b.jpg,1040,2,3,necklace_01b.jpg,3355,5,1
420,needle_01s.jpg,1698,3,1,needle_01s.jpg,878,2,1,needle_01s.jpg,3494,5,3
421,nest_01b.jpg,2257,3,8,nest_01b.jpg,1437,2,8,nest_01b.jpg,4044,5,10
422,net_01b.jpg,2429,3,10,net_01b.jpg,1609,2,10,net_01b.jpg,3932,5,8
423,noodle_01s.jpg,1758,3,2,noodle_01s.jpg,938,2,2,noodle_01s.jpg,3451,5,3
424,nose_01b.jpg,2002,3,5,nose_01b.jpg,1182,2,5,nose_01b.jpg,3728,5,6
425,oar_01b.jpg,1674,3,1,oar_01b.jpg,854,2,1,oar_01b.jpg,3800,5,7
426,oatmeal_01s.jpg,2152,3,7,oatmeal_01s.jpg,1332,2,7,oatmeal_01s.jpg,3874,5,8
427,octopus_01b.jpg,2367,3,9,octopus_01b.jpg,1547,2,9,octopus_01b.jpg,3669,5,5
428,odometer_01b.jpg,1939,3,4,odometer_01b.jpg,1119,2,4,odometer_01b.jpg,3975,5,9
429,okra_01b.jpg,2155,3,7,okra_01b.jpg,1335,2,7,okra_01b.jpg,3369,5,2
430,omelet_01b.jpg,2190,3,7,omelet_01b.jpg,1370,2,7,omelet_01b.jpg,3555,5,4
431,onion_01b.jpg,1643,3,1,onion_01b.jpg,823,2,1,onion_01b.jpg,3866,5,8
432,otter_01b.jpg,1793,3,2,otter_01b.jpg,973,2,2,otter_01b.jpg,3485,5,3
433,overalls_01s.jpg,2174,3,7,overalls_01s.jpg,1354,2,7,overalls_01s.jpg,3471,5,3
434,oyster_01b.jpg,1772,3,2,oyster_01b.jpg,952,2,2,oyster_01b.jpg,3896,5,8
435,pacifier_01s.jpg,1779,3,2,pacifier_01s.jpg,959,2,2,pacifier_01s.jpg,3781,5,7
436,padlock_01b.jpg,2220,3,8,padlock_01b.jpg,1400,2,8,padlock_01b.jpg,3763,5,6
437,paint_01b.jpg,2315,3,9,paint_01b.jpg,1495,2,9,paint_01b.jpg,3465,5,3
438,paintbrush_01b.jpg,1946,3,4,paintbrush_01b.jpg,1126,2,4,paintbrush_01b.jpg,3466,5,3
439,pan_01b.jpg,2185,3,7,pan_01b.jpg,1365,2,7,pan_01b.jpg,4094,5,10
440,pancake_01b.jpg,1887,3,4,pancake_01b.jpg,1067,2,4,pancake_01b.jpg,3957,5,9
441,panda_01b.jpg,2303,3,9,panda_01b.jpg,1483,2,9,panda_01b.jpg,4028,5,10
442,pantyhose_01b.jpg,2363,3,9,pantyhose_01b.jpg,1543,2,9,pantyhose_01b.jpg,3898,5,8
443,papaya_01b.jpg,1901,3,4,papaya_01b.jpg,1081,2,4,papaya_01b.jpg,3571,5,4
444,paper_01b.jpg,2136,3,7,paper_01b.jpg,1316,2,7,paper_01b.jpg,3722,5,6
445,paperclip_01s.jpg,1671,3,1,paperclip_01s.jpg,851,2,1,paperclip_01s.jpg,3697,5,6
446,parachute_01b.jpg,1664,3,1,parachute_01b.jpg,844,2,1,parachute_01b.jpg,3814,5,7
447,parsley_01b.jpg,1873,3,3,parsley_01b.jpg,1053,2,3,parsley_01b.jpg,3679,5,5
448,pastry_01b.jpg,2203,3,7,pastry_01b.jpg,1383,2,7,pastry_01b.jpg,3287,5,1
449,pea_01s.jpg,1885,3,3,pea_01s.jpg,1065,2,3,pea_01s.jpg,3285,5,1
450,peach_01b.jpg,2031,3,5,peach_01b.jpg,1211,2,5,peach_01b.jpg,3844,5,7
451,peanut_01b.jpg,2019,3,5,peanut_01b.jpg,1199,2,5,peanut_01b.jpg,3609,5,5
452,pear_01b.jpg,2054,3,6,pear_01b.jpg,1234,2,6,pear_01b.jpg,3501,5,3
453,pecan_01b.jpg,2170,3,7,pecan_01b.jpg,1350,2,7,pecan_01b.jpg,3462,5,3
454,peeler_01b.jpg,1642,3,1,peeler_01b.jpg,822,2,1,peeler_01b.jpg,3347,5,1
455,pencil_01s.jpg,2359,3,9,pencil_01s.jpg,1539,2,9,pencil_01s.jpg,3653,5,5
456,pencil_sharpener_01b.jpg,2134,3,7,pencil_sharpener_01b.jpg,1314,2,7,pencil_sharpener_01b.jpg,3506,5,3
457,penguin_01b.jpg,2320,3,9,penguin_01b.jpg,1500,2,9,penguin_01b.jpg,3820,5,7
458,pepper1_01b.jpg,1802,3,2,pepper1_01b.jpg,982,2,2,pepper1_01b.jpg,3551,5,4
459,petal_01b.jpg,1797,3,2,petal_01b.jpg,977,2,2,petal_01b.jpg,3542,5,4
460,phone_01b.jpg,2290,3,8,phone_01b.jpg,1470,2,8,phone_01b.jpg,3636,5,5
461,piano_01b.jpg,1680,3,1,piano_01b.jpg,860,2,1,piano_01b.jpg,3320,5,1
462,pickle_01b.jpg,2061,3,6,pickle_01b.jpg,1241,2,6,pickle_01b.jpg,3526,5,4
463,pie_01b.jpg,1851,3,3,pie_01b.jpg,1031,2,3,pie_01b.jpg,3745,5,6
464,pig_01b.jpg,2079,3,6,pig_01b.jpg,1259,2,6,pig_01b.jpg,3606,5,4
465,pigeon_01b.jpg,2053,3,6,pigeon_01b.jpg,1233,2,6,pigeon_01b.jpg,3491,5,3
466,pill_01b.jpg,1727,3,2,pill_01b.jpg,907,2,2,pill_01b.jpg,3667,5,5
467,pillow_01b.jpg,1659,3,1,pillow_01b.jpg,839,2,1,pillow_01b.jpg,3567,5,4
468,pineapple_01b.jpg,1808,3,3,pineapple_01b.jpg,988,2,3,pineapple_01b.jpg,3883,5,8
469,ping-pong_table_01b.jpg,2086,3,6,ping-pong_table_01b.jpg,1266,2,6,ping-pong_table_01b.jpg,3556,5,4
470,pinwheel_01b.jpg,1765,3,2,pinwheel_01b.jpg,945,2,2,pinwheel_01b.jpg,3764,5,6
471,pistachio_01b.jpg,1858,3,3,pistachio_01b.jpg,1038,2,3,pistachio_01b.jpg,3481,5,3
472,pizza_01b.jpg,2100,3,6,pizza_01b.jpg,1280,2,6,pizza_01b.jpg,4097,5,10
473,plastic_film_01b.jpg,2050,3,6,plastic_film_01b.jpg,1230,2,6,plastic_film_01b.jpg,4047,5,10
474,plate_01b.jpg,1665,3,1,plate_01b.jpg,845,2,1,plate_01b.jpg,3790,5,7
475,platypus_01b.jpg,2216,3,8,platypus_01b.jpg,1396,2,8,platypus_01b.jpg,3870,5,8
476,playing_card_01b.jpg,1775,3,2,playing_card_01b.jpg,955,2,2,playing_card_01b.jpg,3428,5,2
477,pliers_01s.jpg,1973,3,5,pliers_01s.jpg,1153,2,5,pliers_01s.jpg,3871,5,8
478,plum_01b.jpg,2374,3,9,plum_01b.jpg,1554,2,9,plum_01b.jpg,4006,5,9
479,pocket_01b.jpg,2245,3,8,pocket_01b.jpg,1425,2,8,pocket_01b.jpg,3587,5,4
480,pocketknife_01b.jpg,1844,3,3,pocketknife_01b.jpg,1024,2,3,pocketknife_01b.jpg,3901,5,8
481,pogo_stick_01s.jpg,1791,3,2,pogo_stick_01s.jpg,971,2,2,pogo_stick_01s.jpg,3435,5,2
482,polaroid_01b.jpg,1845,3,3,polaroid_01b.jpg,1025,2,3,polaroid_01b.jpg,3939,5,9
483,pom-pom_01b.jpg,2350,3,9,pom-pom_01b.jpg,1530,2,9,pom-pom_01b.jpg,3666,5,5
484,pomegranate_01b.jpg,2334,3,9,pomegranate_01b.jpg,1514,2,9,pomegranate_01b.jpg,3408,5,2
485,popcorn_01b.jpg,2347,3,9,popcorn_01b.jpg,1527,2,9,popcorn_01b.jpg,3406,5,2
486,popsicle_01b.jpg,2103,3,6,popsicle_01b.jpg,1283,2,6,popsicle_01b.jpg,3794,5,7
487,porcupine_01b.jpg,1716,3,1,porcupine_01b.jpg,896,2,1,porcupine_01b.jpg,3735,5,6
488,possum_01b.jpg,1673,3,1,possum_01b.jpg,853,2,1,possum_01b.jpg,3472,5,3
489,poster_01s.jpg,2310,3,9,poster_01s.jpg,1490,2,9,poster_01s.jpg,3770,5,6
490,pot_01b.jpg,2271,3,8,pot_01b.jpg,1451,2,8,pot_01b.jpg,3505,5,3
491,potato_01b.jpg,1814,3,3,potato_01b.jpg,994,2,3,potato_01b.jpg,4068,5,10
492,pothole_01b.jpg,2248,3,8,pothole_01b.jpg,1428,2,8,pothole_01b.jpg,4008,5,9
493,powder_01b.jpg,1958,3,4,powder_01b.jpg,1138,2,4,powder_01b.jpg,3703,5,6
494,praying_mantis_01b.jpg,1655,3,1,praying_mantis_01b.jpg,835,2,1,praying_mantis_01b.jpg,4079,5,10
495,pretzel_01b.jpg,1838,3,3,pretzel_01b.jpg,1018,2,3,pretzel_01b.jpg,3742,5,6
496,prism_01b.jpg,2024,3,5,prism_01b.jpg,1204,2,5,prism_01b.jpg,3307,5,1
497,projector_01b.jpg,2345,3,9,projector_01b.jpg,1525,2,9,projector_01b.jpg,3486,5,3
498,puck_01b.jpg,1672,3,1,puck_01b.jpg,852,2,1,puck_01b.jpg,3325,5,1
499,pudding_01b.jpg,1908,3,4,pudding_01b.jpg,1088,2,4,pudding_01b.jpg,3750,5,6
500,pumpkin_01b.jpg,2169,3,7,pumpkin_01b.jpg,1349,2,7,pumpkin_01b.jpg,3996,5,9
501,punch1_01s.jpg,1821,3,3,punch1_01s.jpg,1001,2,3,punch1_01s.jpg,4071,5,10
502,punching_bag_01b.jpg,2071,3,6,punching_bag_01b.jpg,1251,2,6,punching_bag_01b.jpg,3344,5,1
503,quill_01b.jpg,2005,3,5,quill_01b.jpg,1185,2,5,quill_01b.jpg,4058,5,10
504,rabbit_01b.jpg,1853,3,3,rabbit_01b.jpg,1033,2,3,rabbit_01b.jpg,3648,5,5
505,raccoon_01b.jpg,2399,3,10,raccoon_01b.jpg,1579,2,10,raccoon_01b.jpg,3674,5,5
506,racket_01b.jpg,2401,3,10,racket_01b.jpg,1581,2,10,racket_01b.jpg,3947,5,9
507,radiator_01b.jpg,2441,3,10,radiator_01b.jpg,1621,2,10,radiator_01b.jpg,3733,5,6
508,radish_01b.jpg,2114,3,6,radish_01b.jpg,1294,2,6,radish_01b.jpg,3985,5,9
509,raft_01b.jpg,1862,3,3,raft_01b.jpg,1042,2,3,raft_01b.jpg,3915,5,8
510,railing_01b.jpg,2059,3,6,railing_01b.jpg,1239,2,6,railing_01b.jpg,3665,5,5
511,raspberry_01b.jpg,1822,3,3,raspberry_01b.jpg,1002,2,3,raspberry_01b.jpg,3499,5,3
512,rat_01b.jpg,1966,3,4,rat_01b.jpg,1146,2,4,rat_01b.jpg,3557,5,4
513,rattle_01b.jpg,1975,3,5,rattle_01b.jpg,1155,2,5,rattle_01b.jpg,3319,5,1
514,razor_01b.jpg,1994,3,5,razor_01b.jpg,1174,2,5,razor_01b.jpg,3660,5,5
515,ready_meal_01b.jpg,2286,3,8,ready_meal_01b.jpg,1466,2,8,ready_meal_01b.jpg,3632,5,5
516,record_01b.jpg,2247,3,8,record_01b.jpg,1427,2,8,record_01b.jpg,3889,5,8
517,refrigerator_01b.jpg,2000,3,5,refrigerator_01b.jpg,1180,2,5,refrigerator_01b.jpg,3433,5,2
518,retainer_01b.jpg,2314,3,9,retainer_01b.jpg,1494,2,9,retainer_01b.jpg,4039,5,10
519,revolver_01s.jpg,1773,3,2,revolver_01s.jpg,953,2,2,revolver_01s.jpg,3294,5,1
520,rhinoceros_01b.jpg,2252,3,8,rhinoceros_01b.jpg,1432,2,8,rhinoceros_01b.jpg,3734,5,6
521,rhubarb_01b.jpg,2068,3,6,rhubarb_01b.jpg,1248,2,6,rhubarb_01b.jpg,3538,5,4
522,ribbon_01b.jpg,2352,3,9,ribbon_01b.jpg,1532,2,9,ribbon_01b.jpg,4062,5,10
523,rice_01b.jpg,1751,3,2,rice_01b.jpg,931,2,2,rice_01b.jpg,3696,5,6
524,rifle_01s.jpg,2414,3,10,rifle_01s.jpg,1594,2,10,rifle_01s.jpg,3956,5,9
525,ring_01b.jpg,1974,3,5,ring_01b.jpg,1154,2,5,ring_01b.jpg,3309,5,1
526,road_sign_01b.jpg,1648,3,1,road_sign_01b.jpg,828,2,1,road_sign_01b.jpg,3714,5,6
527,robot_01b.jpg,2055,3,6,robot_01b.jpg,1235,2,6,robot_01b.jpg,3974,5,9
528,rocking_chair_01b.jpg,2001,3,5,rocking_chair_01b.jpg,1181,2,5,rocking_chair_01b.jpg,3502,5,3
529,roll_01b.jpg,1823,3,3,roll_01b.jpg,1003,2,3,roll_01b.jpg,3457,5,3
530,rollerblade_01b.jpg,2188,3,7,rollerblade_01b.jpg,1368,2,7,rollerblade_01b.jpg,3414,5,2
531,roof_rack_01b.jpg,2400,3,10,roof_rack_01b.jpg,1580,2,10,roof_rack_01b.jpg,4034,5,10
532,rug_01b.jpg,2182,3,7,rug_01b.jpg,1362,2,7,rug_01b.jpg,3808,5,7
533,ruler_01b.jpg,2195,3,7,ruler_01b.jpg,1375,2,7,ruler_01b.jpg,3873,5,8
534,saddle_01s.jpg,1741,3,2,saddle_01s.jpg,921,2,2,saddle_01s.jpg,3401,5,2
535,saltshaker_01b.jpg,1749,3,2,saltshaker_01b.jpg,929,2,2,saltshaker_01b.jpg,3817,5,7
536,sandpaper_01b.jpg,2373,3,9,sandpaper_01b.jpg,1553,2,9,sandpaper_01b.jpg,3583,5,4
537,satellite_dish_01b.jpg,2049,3,5,satellite_dish_01b.jpg,1229,2,5,satellite_dish_01b.jpg,3981,5,9
538,scaffolding_01b.jpg,2391,3,10,scaffolding_01b.jpg,1571,2,10,scaffolding_01b.jpg,3580,5,4
539,scallion_01b.jpg,2105,3,6,scallion_01b.jpg,1285,2,6,scallion_01b.jpg,3953,5,9
540,scanner_01b.jpg,1732,3,2,scanner_01b.jpg,912,2,2,scanner_01b.jpg,4099,5,10
541,scarecrow_01b.jpg,2056,3,6,scarecrow_01b.jpg,1236,2,6,scarecrow_01b.jpg,3724,5,6
542,scissors_01s.jpg,2144,3,7,scissors_01s.jpg,1324,2,7,scissors_01s.jpg,3838,5,7
543,scone_01b.jpg,1738,3,2,scone_01b.jpg,918,2,2,scone_01b.jpg,3664,5,5
544,scoreboard_01b.jpg,2210,3,7,scoreboard_01b.jpg,1390,2,7,scoreboard_01b.jpg,3388,5,2
545,scorpion_01b.jpg,2293,3,8,scorpion_01b.jpg,1473,2,8,scorpion_01b.jpg,3906,5,8
546,screwdriver_01s.jpg,2357,3,9,screwdriver_01s.jpg,1537,2,9,screwdriver_01s.jpg,3959,5,9
547,sea_urchin_01b.jpg,1962,3,4,sea_urchin_01b.jpg,1142,2,4,sea_urchin_01b.jpg,3359,5,1
548,seagull_01b.jpg,2459,3,10,seagull_01b.jpg,1639,2,10,seagull_01b.jpg,3348,5,1
549,seesaw_01b.jpg,1700,3,1,seesaw_01b.jpg,880,2,1,seesaw_01b.jpg,3633,5,5
550,sewing_kit_01b.jpg,1828,3,3,sewing_kit_01b.jpg,1008,2,3,sewing_kit_01b.jpg,3455,5,3
551,shaving_cream_01b.jpg,2242,3,8,shaving_cream_01b.jpg,1422,2,8,shaving_cream_01b.jpg,4049,5,10
552,sheep_01b.jpg,2131,3,6,sheep_01b.jpg,1311,2,6,sheep_01b.jpg,3924,5,8
553,shell2_01b.jpg,1757,3,2,shell2_01b.jpg,937,2,2,shell2_01b.jpg,3404,5,2
554,shield_01b.jpg,2340,3,9,shield_01b.jpg,1520,2,9,shield_01b.jpg,3324,5,1
555,ship_01b.jpg,1898,3,4,ship_01b.jpg,1078,2,4,ship_01b.jpg,3740,5,6
556,shirt_01s.jpg,2096,3,6,shirt_01s.jpg,1276,2,6,shirt_01s.jpg,3668,5,5
557,shoe_01s.jpg,2323,3,9,shoe_01s.jpg,1503,2,9,shoe_01s.jpg,3496,5,3
558,shovel_01b.jpg,1940,3,4,shovel_01b.jpg,1120,2,4,shovel_01b.jpg,4021,5,10
559,shower_01b.jpg,2109,3,6,shower_01b.jpg,1289,2,6,shower_01b.jpg,3590,5,4
560,shower_cap_01b.jpg,1789,3,2,shower_cap_01b.jpg,969,2,2,shower_cap_01b.jpg,3366,5,2
561,shredder_01b.jpg,2361,3,9,shredder_01b.jpg,1541,2,9,shredder_01b.jpg,3415,5,2
562,shrimp_01b.jpg,1826,3,3,shrimp_01b.jpg,1006,2,3,shrimp_01b.jpg,3572,5,4
563,sickle_01b.jpg,2261,3,8,sickle_01b.jpg,1441,2,8,sickle_01b.jpg,3523,5,3
564,silverware_01b.jpg,1996,3,5,silverware_01b.jpg,1176,2,5,silverware_01b.jpg,3395,5,2
565,sim_card_01b.jpg,2372,3,9,sim_card_01b.jpg,1552,2,9,sim_card_01b.jpg,3288,5,1
566,sink_01b.jpg,1820,3,3,sink_01b.jpg,1000,2,3,sink_01b.jpg,3436,5,2
567,ski_pole_01b.jpg,2180,3,7,ski_pole_01b.jpg,1360,2,7,ski_pole_01b.jpg,3409,5,2
568,skunk_01b.jpg,1933,3,4,skunk_01b.jpg,1113,2,4,skunk_01b.jpg,3640,5,5
569,sleeping_bag_01b.jpg,1652,3,1,sleeping_bag_01b.jpg,832,2,1,sleeping_bag_01b.jpg,3693,5,6
570,slingshot_01b.jpg,1993,3,5,slingshot_01b.jpg,1173,2,5,slingshot_01b.jpg,3372,5,2
571,sloth_01b.jpg,2115,3,6,sloth_01b.jpg,1295,2,6,sloth_01b.jpg,4017,5,9
572,smoke_alarm_01b.jpg,2456,3,10,smoke_alarm_01b.jpg,1636,2,10,smoke_alarm_01b.jpg,3911,5,8
573,snail_01b.jpg,2319,3,9,snail_01b.jpg,1499,2,9,snail_01b.jpg,4086,5,10
574,snake_01b.jpg,1943,3,4,snake_01b.jpg,1123,2,4,snake_01b.jpg,3944,5,9
575,snorkel_01b.jpg,1657,3,1,snorkel_01b.jpg,837,2,1,snorkel_01b.jpg,3847,5,7
576,snowboard_01b.jpg,2231,3,8,snowboard_01b.jpg,1411,2,8,snowboard_01b.jpg,3512,5,3
577,snowplow_01b.jpg,2427,3,10,snowplow_01b.jpg,1607,2,10,snowplow_01b.jpg,3843,5,7
578,sock_01b.jpg,1734,3,2,sock_01b.jpg,914,2,2,sock_01b.jpg,3909,5,8
579,soda_fountain_01s.jpg,2382,3,10,soda_fountain_01s.jpg,1562,2,10,soda_fountain_01s.jpg,4085,5,10
580,solar_panel_01b.jpg,2151,3,7,solar_panel_01b.jpg,1331,2,7,solar_panel_01b.jpg,3298,5,1
581,sombrero_01b.jpg,1967,3,4,sombrero_01b.jpg,1147,2,4,sombrero_01b.jpg,3865,5,8
582,sonogram_01b.jpg,2413,3,10,sonogram_01b.jpg,1593,2,10,sonogram_01b.jpg,3759,5,6
583,soy_sauce_01s.jpg,2191,3,7,soy_sauce_01s.jpg,1371,2,7,soy_sauce_01s.jpg,3787,5,7
584,space_shuttle_01b.jpg,2368,3,9,space_shuttle_01b.jpg,1548,2,9,space_shuttle_01b.jpg,4093,5,10
585,spareribs_01b.jpg,1867,3,3,spareribs_01b.jpg,1047,2,3,spareribs_01b.jpg,4057,5,10
586,spatula_01b.jpg,2212,3,7,spatula_01b.jpg,1392,2,7,spatula_01b.jpg,3965,5,9
587,speaker_01s.jpg,2102,3,6,speaker_01s.jpg,1282,2,6,speaker_01s.jpg,3370,5,2
588,spider_01b.jpg,1971,3,5,spider_01b.jpg,1151,2,5,spider_01b.jpg,3698,5,6
589,spinach_01b.jpg,2402,3,10,spinach_01b.jpg,1582,2,10,spinach_01b.jpg,3573,5,4
590,spoon_01b.jpg,2332,3,9,spoon_01b.jpg,1512,2,9,spoon_01b.jpg,3730,5,6
591,spout_01b.jpg,1900,3,4,spout_01b.jpg,1080,2,4,spout_01b.jpg,3868,5,8
592,sprinkler_01b.jpg,1957,3,4,sprinkler_01b.jpg,1137,2,4,sprinkler_01b.jpg,3914,5,8
593,squeegee_01b.jpg,2356,3,9,squeegee_01b.jpg,1536,2,9,squeegee_01b.jpg,3812,5,7
594,squirrel_01b.jpg,1818,3,3,squirrel_01b.jpg,998,2,3,squirrel_01b.jpg,3316,5,1
595,stair_01b.jpg,1857,3,3,stair_01b.jpg,1037,2,3,stair_01b.jpg,3509,5,3
596,stalagmite_01b.jpg,2273,3,8,stalagmite_01b.jpg,1453,2,8,stalagmite_01b.jpg,3382,5,2
597,stamp2_01b.jpg,1745,3,2,stamp2_01b.jpg,925,2,2,stamp2_01b.jpg,3418,5,2
598,stapler_01b.jpg,1686,3,1,stapler_01b.jpg,866,2,1,stapler_01b.jpg,3613,5,5
599,starfish_01b.jpg,1815,3,3,starfish_01b.jpg,995,2,3,starfish_01b.jpg,3977,5,9
600,steak_01b.jpg,2321,3,9,steak_01b.jpg,1501,2,9,steak_01b.jpg,3988,5,9
601,steamroller_01b.jpg,1723,3,2,steamroller_01b.jpg,903,2,2,steamroller_01b.jpg,3364,5,2
602,stethoscope_01b.jpg,2383,3,10,stethoscope_01b.jpg,1563,2,10,stethoscope_01b.jpg,3448,5,3
603,stiletto_01b.jpg,2090,3,6,stiletto_01b.jpg,1270,2,6,stiletto_01b.jpg,3345,5,1
604,stopwatch_01b.jpg,1928,3,4,stopwatch_01b.jpg,1108,2,4,stopwatch_01b.jpg,3853,5,7
605,stove1_01b.jpg,2112,3,6,stove1_01b.jpg,1292,2,6,stove1_01b.jpg,3993,5,9
606,strainer_01b.jpg,1790,3,2,strainer_01b.jpg,970,2,2,strainer_01b.jpg,3772,5,7
607,strawberry_01b.jpg,2433,3,10,strawberry_01b.jpg,1613,2,10,strawberry_01b.jpg,3961,5,9
608,streetlight_01b.jpg,2265,3,8,streetlight_01b.jpg,1445,2,8,streetlight_01b.jpg,3427,5,2
609,submarine_01b.jpg,1905,3,4,submarine_01b.jpg,1085,2,4,submarine_01b.jpg,3482,5,3
610,subway_01b.jpg,1989,3,5,subway_01b.jpg,1169,2,5,subway_01b.jpg,3982,5,9
611,suit_01b.jpg,2176,3,7,suit_01b.jpg,1356,2,7,suit_01b.jpg,3798,5,7
612,sundae_01b.jpg,1708,3,1,sundae_01b.jpg,888,2,1,sundae_01b.jpg,3286,5,1
613,sundial_01b.jpg,2009,3,5,sundial_01b.jpg,1189,2,5,sundial_01b.jpg,3534,5,4
614,sunroof_01b.jpg,1990,3,5,sunroof_01b.jpg,1170,2,5,sunroof_01b.jpg,3508,5,3
615,sushi_01b.jpg,2331,3,9,sushi_01b.jpg,1511,2,9,sushi_01b.jpg,3936,5,9
616,suspenders_01b.jpg,1951,3,4,suspenders_01b.jpg,1131,2,4,suspenders_01b.jpg,4092,5,10
617,sweatsuit_01s.jpg,2234,3,8,sweatsuit_01s.jpg,1414,2,8,sweatsuit_01s.jpg,3954,5,9
618,sword_01b.jpg,1641,3,1,sword_01b.jpg,821,2,1,sword_01b.jpg,3854,5,8
619,syringe_01b.jpg,1685,3,1,syringe_01b.jpg,865,2,1,syringe_01b.jpg,3365,5,2
620,syrup_01s.jpg,1816,3,3,syrup_01s.jpg,996,2,3,syrup_01s.jpg,3474,5,3
621,t-shirt_01b.jpg,2075,3,6,t-shirt_01b.jpg,1255,2,6,t-shirt_01b.jpg,3929,5,8
622,tab_01b.jpg,2133,3,7,tab_01b.jpg,1313,2,7,tab_01b.jpg,3951,5,9
623,table_01b.jpg,1771,3,2,table_01b.jpg,951,2,2,table_01b.jpg,3958,5,9
624,tablecloth_01b.jpg,2317,3,9,tablecloth_01b.jpg,1497,2,9,tablecloth_01b.jpg,3707,5,6
625,taco_01b.jpg,2233,3,8,taco_01b.jpg,1413,2,8,taco_01b.jpg,3458,5,3
626,tadpole_01b.jpg,1972,3,5,tadpole_01b.jpg,1152,2,5,tadpole_01b.jpg,4041,5,10
627,tag_01b.jpg,2099,3,6,tag_01b.jpg,1279,2,6,tag_01b.jpg,3421,5,2
628,taillight_01b.jpg,1792,3,2,taillight_01b.jpg,972,2,2,taillight_01b.jpg,3630,5,5
629,tamale_01b.jpg,2370,3,9,tamale_01b.jpg,1550,2,9,tamale_01b.jpg,3579,5,4
630,tarp_01b.jpg,1959,3,4,tarp_01b.jpg,1139,2,4,tarp_01b.jpg,3712,5,6
631,tattoo_01b.jpg,1982,3,5,tattoo_01b.jpg,1162,2,5,tattoo_01b.jpg,4042,5,10
632,teapot_01b.jpg,2344,3,9,teapot_01b.jpg,1524,2,9,teapot_01b.jpg,3670,5,5
633,telescope_01b.jpg,2403,3,10,telescope_01b.jpg,1583,2,10,telescope_01b.jpg,3313,5,1
634,television_01b.jpg,2107,3,6,television_01b.jpg,1287,2,6,television_01b.jpg,3601,5,4
635,tent_01b.jpg,1654,3,1,tent_01b.jpg,834,2,1,tent_01b.jpg,4072,5,10
636,thermometer_01b.jpg,1696,3,1,thermometer_01b.jpg,876,2,1,thermometer_01b.jpg,3361,5,1
637,thermos_01b.jpg,2436,3,10,thermos_01b.jpg,1616,2,10,thermos_01b.jpg,3295,5,1
638,thermostat_01b.jpg,1988,3,5,thermostat_01b.jpg,1168,2,5,thermostat_01b.jpg,3923,5,8
639,thimble_01b.jpg,1848,3,3,thimble_01b.jpg,1028,2,3,thimble_01b.jpg,3608,5,5
640,thumbtack_01b.jpg,1796,3,2,thumbtack_01b.jpg,976,2,2,thumbtack_01b.jpg,3563,5,4
641,tiara_01b.jpg,2254,3,8,tiara_01b.jpg,1434,2,8,tiara_01b.jpg,3560,5,4
642,tie_01b.jpg,1997,3,5,tie_01b.jpg,1177,2,5,tie_01b.jpg,3832,5,7
643,tiger_01b.jpg,2389,3,10,tiger_01b.jpg,1569,2,10,tiger_01b.jpg,3656,5,5
644,tiramisu_01b.jpg,2448,3,10,tiramisu_01b.jpg,1628,2,10,tiramisu_01b.jpg,3684,5,5
645,toast_01b.jpg,1785,3,2,toast_01b.jpg,965,2,2,toast_01b.jpg,4087,5,10
646,toaster_01b.jpg,1839,3,3,toaster_01b.jpg,1019,2,3,toaster_01b.jpg,3545,5,4
647,toilet_01b.jpg,2065,3,6,toilet_01b.jpg,1245,2,6,toilet_01b.jpg,3997,5,9
648,toilet_paper_01b.jpg,2089,3,6,toilet_paper_01b.jpg,1269,2,6,toilet_paper_01b.jpg,3678,5,5
649,tomato_01b.jpg,2419,3,10,tomato_01b.jpg,1599,2,10,tomato_01b.jpg,3715,5,6
650,tongs_01s.jpg,1756,3,2,tongs_01s.jpg,936,2,2,tongs_01s.jpg,3578,5,4
651,tongue_01s.jpg,2325,3,9,tongue_01s.jpg,1505,2,9,tongue_01s.jpg,3410,5,2
652,toolbox_01b.jpg,2388,3,10,toolbox_01b.jpg,1568,2,10,toolbox_01b.jpg,3758,5,6
653,toothpick_01b.jpg,1677,3,1,toothpick_01b.jpg,857,2,1,toothpick_01b.jpg,3517,5,3
654,tortilla_01b.jpg,1902,3,4,tortilla_01b.jpg,1082,2,4,tortilla_01b.jpg,3967,5,9
655,toucan_01b.jpg,2360,3,9,toucan_01b.jpg,1540,2,9,toucan_01b.jpg,3752,5,6
656,touchpad_01b.jpg,1699,3,1,touchpad_01b.jpg,879,2,1,touchpad_01b.jpg,4073,5,10
657,towel_01b.jpg,2451,3,10,towel_01b.jpg,1631,2,10,towel_01b.jpg,3894,5,8
658,towel_rack_01b.jpg,2023,3,5,towel_rack_01b.jpg,1203,2,5,towel_rack_01b.jpg,3470,5,3
659,tractor_01b.jpg,2067,3,6,tractor_01b.jpg,1247,2,6,tractor_01b.jpg,3614,5,5
660,train_01b.jpg,2434,3,10,train_01b.jpg,1614,2,10,train_01b.jpg,3922,5,8
661,trap_01b.jpg,1911,3,4,trap_01b.jpg,1091,2,4,trap_01b.jpg,3379,5,2
662,trashcan_01b.jpg,2328,3,9,trashcan_01b.jpg,1508,2,9,trashcan_01b.jpg,3638,5,5
663,tray_01s.jpg,1965,3,4,tray_01s.jpg,1145,2,4,tray_01s.jpg,3875,5,8
664,treadmill_01b.jpg,1863,3,3,treadmill_01b.jpg,1043,2,3,treadmill_01b.jpg,3999,5,9
665,tree_01b.jpg,2092,3,6,tree_01b.jpg,1272,2,6,tree_01b.jpg,3694,5,6
666,tree_trunk_01b.jpg,2279,3,8,tree_trunk_01b.jpg,1459,2,8,tree_trunk_01b.jpg,3699,5,6
667,trowel_01s.jpg,1921,3,4,trowel_01s.jpg,1101,2,4,trowel_01s.jpg,3700,5,6
668,truck_01b.jpg,2016,3,5,truck_01b.jpg,1196,2,5,truck_01b.jpg,3748,5,6
669,trumpet_01s.jpg,1798,3,2,trumpet_01s.jpg,978,2,2,trumpet_01s.jpg,4014,5,9
670,tumbleweed_01b.jpg,1877,3,3,tumbleweed_01b.jpg,1057,2,3,tumbleweed_01b.jpg,3318,5,1
671,turtle_01b.jpg,1841,3,3,turtle_01b.jpg,1021,2,3,turtle_01b.jpg,3709,5,6
672,tuxedo_01b.jpg,2396,3,10,tuxedo_01b.jpg,1576,2,10,tuxedo_01b.jpg,3569,5,4
673,tweezers_01b.jpg,2149,3,7,tweezers_01b.jpg,1329,2,7,tweezers_01b.jpg,3872,5,8
674,typewriter_01b.jpg,1849,3,3,typewriter_01b.jpg,1029,2,3,typewriter_01b.jpg,3305,5,1
675,ukulele_01b.jpg,2039,3,5,ukulele_01b.jpg,1219,2,5,ukulele_01b.jpg,3362,5,2
676,umbrella_01b.jpg,2422,3,10,umbrella_01b.jpg,1602,2,10,umbrella_01b.jpg,3334,5,1
677,undershirt_01s.jpg,2116,3,6,undershirt_01s.jpg,1296,2,6,undershirt_01s.jpg,3495,5,3
678,uniform_01b.jpg,2197,3,7,uniform_01b.jpg,1377,2,7,uniform_01b.jpg,3378,5,2
679,urinal_01b.jpg,2322,3,9,urinal_01b.jpg,1502,2,9,urinal_01b.jpg,3867,5,8
680,valve_01b.jpg,1777,3,2,valve_01b.jpg,957,2,2,valve_01b.jpg,3881,5,8
681,vase_01b.jpg,2423,3,10,vase_01b.jpg,1603,2,10,vase_01b.jpg,4004,5,9
682,velcro_01b.jpg,2444,3,10,velcro_01b.jpg,1624,2,10,velcro_01b.jpg,3845,5,7
683,videocassette_01b.jpg,2276,3,8,videocassette_01b.jpg,1456,2,8,videocassette_01b.jpg,3908,5,8
684,viewfinder_01s.jpg,1880,3,3,viewfinder_01s.jpg,1060,2,3,viewfinder_01s.jpg,3885,5,8
685,violin_01b.jpg,2411,3,10,violin_01b.jpg,1591,2,10,violin_01b.jpg,3727,5,6
686,waffle_iron_01b.jpg,2326,3,9,waffle_iron_01b.jpg,1506,2,9,waffle_iron_01b.jpg,3597,5,4
687,walker1_01b.jpg,1870,3,3,walker1_01b.jpg,1050,2,3,walker1_01b.jpg,3565,5,4
688,wall_01b.jpg,2003,3,5,wall_01b.jpg,1183,2,5,wall_01b.jpg,3492,5,3
689,wallet_01b.jpg,1776,3,2,wallet_01b.jpg,956,2,2,wallet_01b.jpg,3962,5,9
690,wallpaper_01b.jpg,2036,3,5,wallpaper_01b.jpg,1216,2,5,wallpaper_01b.jpg,3339,5,1
691,walnut_01b.jpg,1875,3,3,walnut_01b.jpg,1055,2,3,walnut_01b.jpg,3688,5,5
692,walrus_01b.jpg,2178,3,7,walrus_01b.jpg,1358,2,7,walrus_01b.jpg,3637,5,5
693,wand_01s.jpg,1960,3,4,wand_01s.jpg,1140,2,4,wand_01s.jpg,3522,5,3
694,warthog_01b.jpg,2043,3,5,warthog_01b.jpg,1223,2,5,warthog_01b.jpg,3417,5,2
695,washboard_01b.jpg,1899,3,4,washboard_01b.jpg,1079,2,4,washboard_01b.jpg,3405,5,2
696,wasp_01b.jpg,2164,3,7,wasp_01b.jpg,1344,2,7,wasp_01b.jpg,3634,5,5
697,watch_01b.jpg,2118,3,6,watch_01b.jpg,1298,2,6,watch_01b.jpg,3851,5,7
698,water_fountain_01b.jpg,2081,3,6,water_fountain_01b.jpg,1261,2,6,water_fountain_01b.jpg,3823,5,7
699,weasel_01b.jpg,2106,3,6,weasel_01b.jpg,1286,2,6,weasel_01b.jpg,3807,5,7
700,whale_01b.jpg,1878,3,3,whale_01b.jpg,1058,2,3,whale_01b.jpg,3938,5,9
701,wheat_01b.jpg,2153,3,7,wheat_01b.jpg,1333,2,7,wheat_01b.jpg,3912,5,8
702,wheelbarrow_01b.jpg,1913,3,4,wheelbarrow_01b.jpg,1093,2,4,wheelbarrow_01b.jpg,3314,5,1
703,wheelchair_01b.jpg,2222,3,8,wheelchair_01b.jpg,1402,2,8,wheelchair_01b.jpg,3450,5,3
704,whip_01b.jpg,2351,3,9,whip_01b.jpg,1531,2,9,whip_01b.jpg,3598,5,4
705,whisk_01b.jpg,2226,3,8,whisk_01b.jpg,1406,2,8,whisk_01b.jpg,3992,5,9
706,wig_01s.jpg,1646,3,1,wig_01s.jpg,826,2,1,wig_01s.jpg,3719,5,6
707,windowsill_01b.jpg,2125,3,6,windowsill_01b.jpg,1305,2,6,windowsill_01b.jpg,3625,5,5
708,wine_01b.jpg,2215,3,8,wine_01b.jpg,1395,2,8,wine_01b.jpg,3398,5,2
709,wire_01s.jpg,2095,3,6,wire_01s.jpg,1275,2,6,wire_01s.jpg,4009,5,9
710,wire_cutters_01b.jpg,2343,3,9,wire_cutters_01b.jpg,1523,2,9,wire_cutters_01b.jpg,4054,5,10
711,wolf_01b.jpg,1715,3,1,wolf_01b.jpg,895,2,1,wolf_01b.jpg,3994,5,9
712,woman_01b.jpg,1931,3,4,woman_01b.jpg,1111,2,4,woman_01b.jpg,3658,5,5
713,wooden_leg_01b.jpg,2230,3,8,wooden_leg_01b.jpg,1410,2,8,wooden_leg_01b.jpg,3600,5,4
714,worm_01b.jpg,2063,3,6,worm_01b.jpg,1243,2,6,worm_01b.jpg,3487,5,3
715,wrapping_paper_01b.jpg,2048,3,5,wrapping_paper_01b.jpg,1228,2,5,wrapping_paper_01b.jpg,3454,5,3
716,wrench_01b.jpg,1753,3,2,wrench_01b.jpg,933,2,2,wrench_01b.jpg,4091,5,10
717,yo-yo_01s.jpg,1743,3,2,yo-yo_01s.jpg,923,2,2,yo-yo_01s.jpg,3547,5,4
718,zebra_01b.jpg,2362,3,9,zebra_01b.jpg,1542,2,9,zebra_01b.jpg,3332,5,1
719,zucchini_01b.jpg,2458,3,10,zucchini_01b.jpg,1638,2,10,zucchini_01b.jpg,3576,5,4
