roi,pair,spearman,pearson
V1,01-02,0.11517345279890918,0.12585487629063885
V1,01-03,0.014144270317966088,0.012086411843323971
V1,02-03,0.01416010939751905,0.013609021787964007
V2,01-02,0.06330260057535156,0.0682495227472013
V2,01-03,0.0074057915757931815,0.008526853750123322
V2,02-03,0.005598016519670432,0.004991118720424465
LOC,01-02,0.061840107840675035,0.06861536840568876
LOC,01-03,0.007584481066305633,0.009839793543168052
LOC,02-03,0.008976028725732827,0.010928872246907787
IT,01-02,0.06585549622123035,0.07181015196708891
IT,01-03,0.008569889885611514,0.008043663910770401
IT,02-03,0.007376339592113836,0.0082967050781225
