subject,roi,n_voxels,frac_nan,frac_inf,frac_constant_voxels,mean_var_over_720_raw,rdm_mean,rdm_sd,rdm_skew,nc_testset_mean,nc_testset_median,splithalf_corrected_mean,frac_vox_nc_testset_gt10
sub-01,V1,1049,0.0,0.0,0.0,0.004758215043693781,0.9894054501614695,0.08050948987090754,-0.07270184677532694,25.684169303946618,17.085732,0.23476607972059105,0.6139180171591992
sub-01,V2,774,0.0,0.0,0.0,0.0046941074542701244,0.9918874767002894,0.07634322733635106,-0.06575763994376584,22.310969435193925,15.651145,0.198727931253876,0.5968992248062015
sub-01,LOC,2700,0.0,0.0,0.0,0.0042936671525239944,0.9976293066167513,0.045578083027336916,-0.0749827864187706,18.729523766394074,15.8262915,0.16887652992299407,0.6074074074074074
sub-01,IT,4145,0.0,0.0,0.0,0.00421043811365962,0.9982597605713316,0.040688568066368516,-0.07501808118022431,16.18826575254548,12.438785,0.13950086989668006,0.548854041013269
sub-02,V1,1104,0.0,0.0,0.0,0.004801291972398758,0.9839786041399201,0.08086889344356188,-0.02183412974817922,25.0816030048279,17.0176045,0.23632033161757246,0.6277173913043478
sub-02,V2,988,0.0,0.0,0.0,0.004594950471073389,0.9800213257269424,0.0794696789573582,-0.02877921286374121,21.80620187084008,15.424379000000002,0.19852777436427124,0.6143724696356275
sub-02,LOC,1175,0.0,0.0,0.0,0.004206334240734577,0.9858383786200194,0.056149168370926116,-0.21491634162115794,20.619827541787235,17.475002,0.18927065076527658,0.6382978723404256
sub-02,IT,3720,0.0,0.0,0.0,0.004212876781821251,0.991559577554731,0.04260334596593568,-0.286815577057797,17.930556106835482,13.656817499999999,0.15843111526431428,0.5795698924731183
sub-03,V1,839,0.0,0.0,0.0,0.004979537334293127,0.9963510036373924,0.11692753666068444,-0.07425495519728974,15.50030065762217,9.773318,0.13049503060438616,0.49463647199046484
sub-03,V2,660,0.0,0.0,0.0,0.004793936386704445,0.9963944119563553,0.10081185582296769,-0.06414368536479577,16.150594975445454,13.703184499999999,0.1437784409000909,0.5712121212121212
sub-03,LOC,423,0.0,0.0,0.0,0.004069213289767504,0.9975261632934415,0.06283113380058059,-0.03014187771766227,13.464482291591018,9.446421,0.1086532601962175,0.48936170212765956
sub-03,IT,3022,0.0,0.0,0.0,0.004249004181474447,0.9986103878124677,0.056312115511121884,-0.07100354095333897,11.356430049876238,7.6827007,0.07985830282505692,0.442753143613501
