pair,session_a,session_b
sub-01/sub-02,2,1
sub-01/sub-02,3,2
sub-01/sub-02,4,3
sub-01/sub-02,5,4
sub-01/sub-02,6,5
sub-01/sub-02,7,6
sub-01/sub-02,8,7
sub-01/sub-02,9,8
sub-01/sub-02,10,9
sub-01/sub-02,11,10
sub-01/sub-02,12,11
sub-01/sub-03,3,1
sub-01/sub-03,4,2
sub-01/sub-03,5,3
sub-01/sub-03,6,4
sub-01/sub-03,7,5
sub-01/sub-03,8,6
sub-01/sub-03,9,7
sub-01/sub-03,10,8
sub-01/sub-03,11,9
sub-01/sub-03,12,10
sub-02/sub-03,2,1
sub-02/sub-03,3,2
sub-02/sub-03,4,3
sub-02/sub-03,5,4
sub-02/sub-03,6,5
sub-02/sub-03,7,6
sub-02/sub-03,8,7
sub-02/sub-03,9,8
sub-02/sub-03,10,9
sub-02/sub-03,11,10
sub-02/sub-03,12,11
