roi,target,spearman,pearson
V1,sub-01,0.051961686067306154,0.06731588725788021
V1,sub-02,0.0940366293346985,0.11224646551748056
V1,sub-03,0.010684445858005487,0.012182529673543906
V1,mean-RDM,0.07446756972696343,0.09378886027366853
V2,sub-01,0.033494721530416174,0.04335733407495391
V2,sub-02,0.06078399857721533,0.07288880216441003
V2,sub-03,0.001531519467304239,0.0024350248134214227
V2,mean-RDM,0.04761180028864997,0.06118007038931094
LOC,sub-01,0.0019196841455143973,0.0019330282761606135
LOC,sub-02,0.0024070816218666104,0.0037391589620926293
LOC,sub-03,-0.0020844785337949495,-0.0026476811194277743
LOC,mean-RDM,-0.00033311191931721814,0.0013397780675211011
IT,sub-01,0.0031786532554538196,0.0029574746512231417
IT,sub-02,0.0060679077781693866,0.006423563859183179
IT,sub-03,0.001668937630476041,0.001362217451478503
IT,mean-RDM,0.005327735637068861,0.0056392527026645455
