stimulus,image,exact_filename_match,luminance
acorn_01b.jpg,acorn_01b.jpg,True,0.36020258
airbag_01b.jpg,airbag_01b.jpg,True,0.34248656
aircraft_carrier_01b.jpg,aircraft_carrier_01b.jpg,True,0.46922824
airplane_01b.jpg,airplane_01b.jpg,True,0.42937905
alligator_01b.jpg,alligator_01b.jpg,True,0.46670136
aloe_01b.jpg,aloe_01b.jpg,True,0.44714284
altar_01b.jpg,altar_01b.jpg,True,0.49150646
aluminum_foil_01b.jpg,aluminum_foil_01b.jpg,True,0.81721973
anchor_01b.jpg,anchor_01b.jpg,True,0.46068132
anklet_01b.jpg,anklet_01b.jpg,True,0.51413906
ant_01b.jpg,ant_01b.jpg,True,0.433807
anteater_01b.jpg,anteater_01b.jpg,True,0.4870252
antelope_01b.jpg,antelope_01b.jpg,True,0.4692683
antenna_01b.jpg,antenna_01b.jpg,True,0.7598293
anvil_01b.jpg,anvil_01b.jpg,True,0.28653485
apple_01b.jpg,apple_01b.jpg,True,0.5116128
applesauce_01b.jpg,applesauce_01b.jpg,True,0.3581028
artichoke_01b.jpg,artichoke_01b.jpg,True,0.4258007
ashtray_01s.jpg,ashtray_01s.jpg,True,0.28402486
asparagus_01b.jpg,asparagus_01b.jpg,True,0.5026611
avocado_01b.jpg,avocado_01b.jpg,True,0.44872382
axe_01b.jpg,axe_01b.jpg,True,0.49430957
baby_01b.jpg,baby_01b.jpg,True,0.6498224
backpack_01b.jpg,backpack_01b.jpg,True,0.46972072
bag_01b.jpg,bag_01b.jpg,True,0.68847114
bagel_01s.jpg,bagel_01s.jpg,True,0.5095484
ball_01b.jpg,ball_01b.jpg,True,0.45466
balloon_01b.jpg,balloon_01b.jpg,True,0.44009072
bamboo_01b.jpg,bamboo_01b.jpg,True,0.3311053
banana_01b.jpg,banana_01b.jpg,True,0.5689201
banana_split_01b.jpg,banana_split_01b.jpg,True,0.6562073
bandage_01b.jpg,bandage_01b.jpg,True,0.37766916
banner_01b.jpg,banner_01b.jpg,True,0.333351
barnacle_01s.jpg,barnacle_01s.jpg,True,0.47861838
barrel_01b.jpg,barrel_01b.jpg,True,0.4510991
basket_01b.jpg,basket_01b.jpg,True,0.43751827
bassinet_01b.jpg,bassinet_01b.jpg,True,0.3752591
battery_01b.jpg,battery_01b.jpg,True,0.46193242
beachball_01b.jpg,beachball_01b.jpg,True,0.626087
beaker_01b.jpg,beaker_01b.jpg,True,0.4049206
bean_01b.jpg,bean_01b.jpg,True,0.5832623
bear_01b.jpg,bear_01b.jpg,True,0.365441
beaver_01b.jpg,beaver_01b.jpg,True,0.5113306
bed_01b.jpg,bed_01b.jpg,True,0.46687695
bee_01b.jpg,bee_01b.jpg,True,0.5979311
beer_01s.jpg,beer_01s.jpg,True,0.3579222
beet_01b.jpg,beet_01b.jpg,True,0.21118872
beetle_01b.jpg,beetle_01b.jpg,True,0.7047607
bell_01b.jpg,bell_01b.jpg,True,0.3925402
bench_01b.jpg,bench_01b.jpg,True,0.46880993
bib_01n.jpg,bib_01n.jpg,True,0.71939695
bike_01b.jpg,bike_01b.jpg,True,0.40336466
binoculars_01s.jpg,binoculars_01s.jpg,True,0.41738957
bird_01b.jpg,bird_01b.jpg,True,0.4599779
birdcage_01b.jpg,birdcage_01b.jpg,True,0.33917215
birdhouse_01b.jpg,birdhouse_01b.jpg,True,0.4431641
bison_01b.jpg,bison_01b.jpg,True,0.5464582
blackberry_01b.jpg,blackberry_01b.jpg,True,0.3455573
blanket_01b.jpg,blanket_01b.jpg,True,0.45354638
blazer_01b.jpg,blazer_01b.jpg,True,0.7508483
blender_01b.jpg,blender_01b.jpg,True,0.46691334
blimp_01b.jpg,blimp_01b.jpg,True,0.47743517
blind_01b.jpg,blind_01b.jpg,True,0.45154643
blowtorch_01b.jpg,blowtorch_01b.jpg,True,0.2867017
blueberry_01b.jpg,blueberry_01b.jpg,True,0.4635745
boa_01s.jpg,boa_01s.jpg,True,0.27349913
boar_01b.jpg,boar_01b.jpg,True,0.35196492
boat_01b.jpg,boat_01b.jpg,True,0.5457524
bobsled_01s.jpg,bobsled_01s.jpg,True,0.45739505
bolt_01b.jpg,bolt_01b.jpg,True,0.2727819
book_01b.jpg,book_01b.jpg,True,0.4616131
boot_01b.jpg,boot_01b.jpg,True,0.4988408
bottle_01b.jpg,bottle_01b.jpg,True,0.52486485
bow2_01s.jpg,bow2_01s.jpg,True,0.7398601
bowl_01b.jpg,bowl_01b.jpg,True,0.5501411
boxer_shorts_01b.jpg,boxer_shorts_01b.jpg,True,0.27355123
boxing_gloves_01b.jpg,boxing_gloves_01b.jpg,True,0.311526
boy_01b.jpg,boy_01b.jpg,True,0.45572832
brace_01b.jpg,brace_01b.jpg,True,0.3317435
bracelet2_01b.jpg,bracelet2_01b.jpg,True,0.4426692
bracket_01b.jpg,bracket_01b.jpg,True,0.71130455
bread_01b.jpg,bread_01b.jpg,True,0.34634352
breadbox_01b.jpg,breadbox_01b.jpg,True,0.43250063
breadstick_01b.jpg,breadstick_01b.jpg,True,0.57021683
broccoli_01b.jpg,broccoli_01b.jpg,True,0.5174377
broom_01b.jpg,broom_01b.jpg,True,0.5518335
brownie_01b.jpg,brownie_01b.jpg,True,0.4381074
brush_01s.jpg,brush_01s.jpg,True,0.8582113
bubble_01b.jpg,bubble_01b.jpg,True,0.20265089
bucket_01b.jpg,bucket_01b.jpg,True,0.43068928
buggy_01s.jpg,buggy_01s.jpg,True,0.59716594
bulldozer_01b.jpg,bulldozer_01b.jpg,True,0.43744028
bullet_01s.jpg,bullet_01s.jpg,True,0.41696665
bumper_01b.jpg,bumper_01b.jpg,True,0.49829593
bungee_01b.jpg,bungee_01b.jpg,True,0.54905015
bunkbed_01b.jpg,bunkbed_01b.jpg,True,0.5772581
burner_01b.jpg,burner_01b.jpg,True,0.3440493
burrito_01b.jpg,burrito_01b.jpg,True,0.6769419
bus_01b.jpg,bus_01b.jpg,True,0.47062945
butterfly_01b.jpg,butterfly_01b.jpg,True,0.59271973
cabbage_01b.jpg,cabbage_01b.jpg,True,0.40307733
cactus_01b.jpg,cactus_01b.jpg,True,0.58532035
cage_01b.jpg,cage_01b.jpg,True,0.4213636
cake_01b.jpg,cake_01b.jpg,True,0.41288736
calculator_01b.jpg,calculator_01b.jpg,True,0.41127983
camcorder_01b.jpg,camcorder_01b.jpg,True,0.3564265
camel_01b.jpg,camel_01b.jpg,True,0.627885
camera1_01b.jpg,camera1_01b.jpg,True,0.36164996
camera2_01b.jpg,camera2_01b.jpg,True,0.34657213
candelabra_01b.jpg,candelabra_01b.jpg,True,0.16150534
candle_01b.jpg,candle_01b.jpg,True,0.38061032
candy_01b.jpg,candy_01b.jpg,True,0.47416106
candy_bar_01b.jpg,candy_bar_01b.jpg,True,0.49484664
cane_01s.jpg,cane_01s.jpg,True,0.6403138
cannon_01b.jpg,cannon_01b.jpg,True,0.56714034
canoe_01b.jpg,canoe_01b.jpg,True,0.3525809
canvas_01b.jpg,canvas_01b.jpg,True,0.45498058
car_01b.jpg,car_01b.jpg,True,0.36241502
cardigan_01b.jpg,cardigan_01b.jpg,True,0.255652
carousel_01b.jpg,carousel_01b.jpg,True,0.5162911
carrot_01b.jpg,carrot_01b.jpg,True,0.465597
cashew_01b.jpg,cashew_01b.jpg,True,0.5503018
cassette_01b.jpg,cassette_01b.jpg,True,0.6115722
cat_01b.jpg,cat_01b.jpg,True,0.5775838
caterpillar_01b.jpg,caterpillar_01b.jpg,True,0.5806069
cauliflower_01b.jpg,cauliflower_01b.jpg,True,0.3779041
celery_01b.jpg,celery_01b.jpg,True,0.59486777
cellphone_01b.jpg,cellphone_01b.jpg,True,0.5930272
chair_01b.jpg,chair_01b.jpg,True,0.50803876
chalice_01s.jpg,chalice_01s.jpg,True,0.5626239
chalk_01b.jpg,chalk_01b.jpg,True,0.59606636
chalkboard_01b.jpg,chalkboard_01b.jpg,True,0.505351
chandelier_01b.jpg,chandelier_01b.jpg,True,0.3985533
cheese_01b.jpg,cheese_01b.jpg,True,0.51884663
cheetah_01b.jpg,cheetah_01b.jpg,True,0.45762697
cherry_01b.jpg,cherry_01b.jpg,True,0.6893244
chess_piece_01b.jpg,chess_piece_01b.jpg,True,0.4547362
chest1_01b.jpg,chest1_01b.jpg,True,0.35195503
chest2_01b.jpg,chest2_01b.jpg,True,0.3771592
chicken_wire_01b.jpg,chicken_wire_01b.jpg,True,0.46727931
chili_01b.jpg,chili_01b.jpg,True,0.41396385
chin_01b.jpg,chin_01b.jpg,True,0.72723746
chinchilla_01b.jpg,chinchilla_01b.jpg,True,0.5475469
chip_01b.jpg,chip_01b.jpg,True,0.48415312
chipmunk_01b.jpg,chipmunk_01b.jpg,True,0.35198873
chocolate_01b.jpg,chocolate_01b.jpg,True,0.43494096
christmas_tree_01b.jpg,christmas_tree_01b.jpg,True,0.41101936
cinnamon_01b.jpg,cinnamon_01b.jpg,True,0.48539492
clarinet_01b.jpg,clarinet_01b.jpg,True,0.45200574
clay_01b.jpg,clay_01b.jpg,True,0.36107925
clipboard_01b.jpg,clipboard_01b.jpg,True,0.6857004
clock_01b.jpg,clock_01b.jpg,True,0.592151
closet_01b.jpg,closet_01b.jpg,True,0.4697767
coat_01b.jpg,coat_01b.jpg,True,0.54741484
coat_rack_01b.jpg,coat_rack_01b.jpg,True,0.83151025
cockroach_01b.jpg,cockroach_01b.jpg,True,0.551818
coconut_01b.jpg,coconut_01b.jpg,True,0.569816
coffee_pot_01s.jpg,coffee_pot_01s.jpg,True,0.5613626
coffin_01b.jpg,coffin_01b.jpg,True,0.26651663
coin_01b.jpg,coin_01b.jpg,True,0.54826057
coleslaw_01b.jpg,coleslaw_01b.jpg,True,0.48934072
comb_01b.jpg,comb_01b.jpg,True,0.5906319
compass_01b.jpg,compass_01b.jpg,True,0.6434984
computer_01b.jpg,computer_01b.jpg,True,0.5060096
computer_screen_01b.jpg,computer_screen_01b.jpg,True,0.37641498
confetti_01b.jpg,confetti_01b.jpg,True,0.27523997
contact_lens_01s.jpg,contact_lens_01s.jpg,True,0.7255229
cookie_01b.jpg,cookie_01b.jpg,True,0.27613193
copier_01s.jpg,copier_01s.jpg,True,0.5294806
cork_01b.jpg,cork_01b.jpg,True,0.43644807
corkscrew_01b.jpg,corkscrew_01b.jpg,True,0.52473193
corn_01s.jpg,corn_01s.jpg,True,0.6363866
cotton_candy_01b.jpg,cotton_candy_01b.jpg,True,0.4995335
couch_01b.jpg,couch_01b.jpg,True,0.49703777
coverall_01b.jpg,coverall_01b.jpg,True,0.5305013
cow_01b.jpg,cow_01b.jpg,True,0.49570474
cranberry_01b.jpg,cranberry_01b.jpg,True,0.30342144
crank_01b.jpg,crank_01b.jpg,True,0.51547015
crate_01b.jpg,crate_01b.jpg,True,0.5712263
crayfish_01b.jpg,crayfish_01b.jpg,True,0.588212
crayon_01b.jpg,crayon_01b.jpg,True,0.44412223
credit_card_01b.jpg,credit_card_01b.jpg,True,0.28063715
crib_01b.jpg,crib_01b.jpg,True,0.5964939
croissant_01b.jpg,croissant_01b.jpg,True,0.5750757
crouton_01b.jpg,crouton_01b.jpg,True,0.7197192
crowbar_01b.jpg,crowbar_01b.jpg,True,0.45676845
crown_01b.jpg,crown_01b.jpg,True,0.31344295
crutch_01b.jpg,crutch_01b.jpg,True,0.4975952
crystal1_01b.jpg,crystal1_01b.jpg,True,0.5402725
cucumber_01b.jpg,cucumber_01b.jpg,True,0.54598343
cufflink_01b.jpg,cufflink_01b.jpg,True,0.3691612
cup_01s.jpg,cup_01s.jpg,True,0.87374717
cupcake_01b.jpg,cupcake_01b.jpg,True,0.35212427
curtain_01b.jpg,curtain_01b.jpg,True,0.3600738
cymbal_01b.jpg,cymbal_01b.jpg,True,0.34101614
dashboard_01b.jpg,dashboard_01b.jpg,True,0.34901187
deer_01b.jpg,deer_01b.jpg,True,0.41264784
defibrillator_01b.jpg,defibrillator_01b.jpg,True,0.6809393
desk_01b.jpg,desk_01b.jpg,True,0.503013
diaper_01b.jpg,diaper_01b.jpg,True,0.55701184
dice_01s.jpg,dice_01s.jpg,True,0.45493415
dish_01b.jpg,dish_01b.jpg,True,0.6159021
dishrag_01b.jpg,dishrag_01b.jpg,True,0.49253616
dishwasher_01b.jpg,dishwasher_01b.jpg,True,0.42677546
dog_01b.jpg,dog_01b.jpg,True,0.49438137
doll_01b.jpg,doll_01b.jpg,True,0.41963527
dollhouse_01b.jpg,dollhouse_01b.jpg,True,0.54988396
dolly_01s.jpg,dolly_01s.jpg,True,0.46084735
dolphin_01b.jpg,dolphin_01b.jpg,True,0.46506602
donkey_01b.jpg,donkey_01b.jpg,True,0.51160383
donut_01b.jpg,donut_01b.jpg,True,0.52605695
doormat_01b.jpg,doormat_01b.jpg,True,0.5442549
dough_01b.jpg,dough_01b.jpg,True,0.79115075
dragonfly_01b.jpg,dragonfly_01b.jpg,True,0.4719683
drain_01b.jpg,drain_01b.jpg,True,0.5235253
drawer_01b.jpg,drawer_01b.jpg,True,0.32610506
dress_01b.jpg,dress_01b.jpg,True,0.44615844
dresser_01b.jpg,dresser_01b.jpg,True,0.36924893
drill_01b.jpg,drill_01b.jpg,True,0.6895235
drum_01b.jpg,drum_01b.jpg,True,0.32740843
duster_01s.jpg,duster_01s.jpg,True,0.7367566
dustpan_01b.jpg,dustpan_01b.jpg,True,0.3618674
earring_01b.jpg,earring_01b.jpg,True,0.59940016
earwig_01b.jpg,earwig_01b.jpg,True,0.65247625
easel_01b.jpg,easel_01b.jpg,True,0.46724233
egg_01b.jpg,egg_01b.jpg,True,0.5646716
egg_roll_01b.jpg,egg_roll_01b.jpg,True,0.5134966
eggbeater_01b.jpg,eggbeater_01b.jpg,True,0.3835629
eggplant_01b.jpg,eggplant_01b.jpg,True,0.7237392
elbow_01b.jpg,elbow_01b.jpg,True,0.5822606
elephant_01b.jpg,elephant_01b.jpg,True,0.40730855
emerald_01b.jpg,emerald_01b.jpg,True,0.38462904
envelope_01b.jpg,envelope_01b.jpg,True,0.47507107
extinguisher_01b.jpg,extinguisher_01b.jpg,True,0.2724291
eyedropper_01b.jpg,eyedropper_01b.jpg,True,0.59620243
eyepiece_01s.jpg,eyepiece_01s.jpg,True,0.5999257
face_01b.jpg,face_01b.jpg,True,0.38821372
face_mask_01b.jpg,face_mask_01b.jpg,True,0.4575825
fence_01b.jpg,fence_01b.jpg,True,0.6814236
fern_01b.jpg,fern_01b.jpg,True,0.43028945
ferret_01b.jpg,ferret_01b.jpg,True,0.5721778
ferris_wheel_01b.jpg,ferris_wheel_01b.jpg,True,0.5520164
fig_01b.jpg,fig_01b.jpg,True,0.5510338
filing_cabinet_01b.jpg,filing_cabinet_01b.jpg,True,0.30359322
fire_01b.jpg,fire_01b.jpg,True,0.29972854
firetruck_01b.jpg,firetruck_01b.jpg,True,0.53169656
fireworks_01b.jpg,fireworks_01b.jpg,True,0.2884908
fish_01b.jpg,fish_01b.jpg,True,0.32997805
flag_01b.jpg,flag_01b.jpg,True,0.48544982
flashbulb_01b.jpg,flashbulb_01b.jpg,True,0.55582625
flashlight_01b.jpg,flashlight_01b.jpg,True,0.32490876
floss_01b.jpg,floss_01b.jpg,True,0.72310793
flower_01b.jpg,flower_01b.jpg,True,0.4287961
flyswatter_01b.jpg,flyswatter_01b.jpg,True,0.37561268
fondue_01s.jpg,fondue_01s.jpg,True,0.45568365
football_helmet_01b.jpg,football_helmet_01b.jpg,True,0.40740353
footbath_01s.jpg,footbath_01s.jpg,True,0.6519817
footprint_01b.jpg,footprint_01b.jpg,True,0.4289392
footrest_01b.jpg,footrest_01b.jpg,True,0.5654036
forklift_01b.jpg,forklift_01b.jpg,True,0.4099739
frog_01b.jpg,frog_01b.jpg,True,0.40178517
fudge_01b.jpg,fudge_01b.jpg,True,0.46619788
game_01s.jpg,game_01s.jpg,True,0.43744624
garbage_01b.jpg,garbage_01b.jpg,True,0.39060807
gargoyle_01b.jpg,gargoyle_01b.jpg,True,0.5581795
garlic_01b.jpg,garlic_01b.jpg,True,0.48690063
garter_01b.jpg,garter_01b.jpg,True,0.686612
gauze_01b.jpg,gauze_01b.jpg,True,0.5825207
gearshift_01b.jpg,gearshift_01b.jpg,True,0.23798692
gel_01b.jpg,gel_01b.jpg,True,0.50003684
giraffe_01b.jpg,giraffe_01b.jpg,True,0.6504614
girl_01b.jpg,girl_01b.jpg,True,0.52733415
glass_01b.jpg,glass_01b.jpg,True,0.39095023
go-kart_01b.jpg,go-kart_01b.jpg,True,0.43917423
goalpost_01b.jpg,goalpost_01b.jpg,True,0.6141338
goat_01b.jpg,goat_01b.jpg,True,0.5900174
golf_cart_01b.jpg,golf_cart_01b.jpg,True,0.39061427
gondola_01b.jpg,gondola_01b.jpg,True,0.48914096
graffiti_01b.jpg,graffiti_01b.jpg,True,0.45901793
gramophone_01b.jpg,gramophone_01b.jpg,True,0.544445
granite_01b.jpg,granite_01b.jpg,True,0.58335143
granola_01b.jpg,granola_01b.jpg,True,0.46246618
grape_01b.jpg,grape_01b.jpg,True,0.359501
grapefruit_01b.jpg,grapefruit_01b.jpg,True,0.3953953
grasshopper_01b.jpg,grasshopper_01b.jpg,True,0.41818717
grate_01b.jpg,grate_01b.jpg,True,0.3747326
gravel_01b.jpg,gravel_01b.jpg,True,0.4343281
gravestone_01b.jpg,gravestone_01b.jpg,True,0.38099924
grenade_01b.jpg,grenade_01b.jpg,True,0.2153953
grits_01s.jpg,grits_01s.jpg,True,0.551749
groundhog_01b.jpg,groundhog_01b.jpg,True,0.47773987
guacamole_01b.jpg,guacamole_01b.jpg,True,0.36151847
guardrail_01b.jpg,guardrail_01b.jpg,True,0.35708848
guillotine_01b.jpg,guillotine_01b.jpg,True,0.5548723
guitar_01b.jpg,guitar_01b.jpg,True,0.4811099
gun_01b.jpg,gun_01b.jpg,True,0.44364086
hairbrush_01b.jpg,hairbrush_01b.jpg,True,0.52656525
hairpin_01b.jpg,hairpin_01b.jpg,True,0.68229973
hamburger_01s.jpg,hamburger_01s.jpg,True,0.426167
hammer_01b.jpg,hammer_01b.jpg,True,0.6584241
hammock_01b.jpg,hammock_01b.jpg,True,0.3579365
hamster_01b.jpg,hamster_01b.jpg,True,0.70035636
hand_01b.jpg,hand_01b.jpg,True,0.3840809
handcuff_01b.jpg,handcuff_01b.jpg,True,0.51197076
hanger_01b.jpg,hanger_01b.jpg,True,0.41434798
hatbox_01b.jpg,hatbox_01b.jpg,True,0.6127006
hay_01b.jpg,hay_01b.jpg,True,0.41501516
headlamp_01b.jpg,headlamp_01b.jpg,True,0.57970715
headphones_01b.jpg,headphones_01b.jpg,True,0.4798057
hedge_01b.jpg,hedge_01b.jpg,True,0.4586076
hedgehog_01b.jpg,hedgehog_01b.jpg,True,0.5348298
helicopter_01b.jpg,helicopter_01b.jpg,True,0.4913647
helmet_01b.jpg,helmet_01b.jpg,True,0.380437
highlighter_01b.jpg,highlighter_01b.jpg,True,0.63971347
hip_01b.jpg,hip_01b.jpg,True,0.74683326
hippopotamus_01b.jpg,hippopotamus_01b.jpg,True,0.52435046
honeycomb_01b.jpg,honeycomb_01b.jpg,True,0.5140262
hood_01b.jpg,hood_01b.jpg,True,0.32638916
horse_01b.jpg,horse_01b.jpg,True,0.43923733
horseshoe_01b.jpg,horseshoe_01b.jpg,True,0.49638072
hotdog_01b.jpg,hotdog_01b.jpg,True,0.5923339
hotplate_01b.jpg,hotplate_01b.jpg,True,0.5009058
hourglass_01b.jpg,hourglass_01b.jpg,True,0.29993525
hovercraft_01b.jpg,hovercraft_01b.jpg,True,0.5651774
hula_hoop_01b.jpg,hula_hoop_01b.jpg,True,0.36218354
iceskate_01b.jpg,iceskate_01b.jpg,True,0.5742096
icicle_01b.jpg,icicle_01b.jpg,True,0.50497913
iguana_01b.jpg,iguana_01b.jpg,True,0.48170862
inhaler_01b.jpg,inhaler_01b.jpg,True,0.55612224
iron_01b.jpg,iron_01b.jpg,True,0.2454069
jack_01b.jpg,jack_01b.jpg,True,0.5398056
jam_01b.jpg,jam_01b.jpg,True,0.40741307
jar_01s.jpg,jar_01s.jpg,True,0.74687344
jeans_01s.jpg,jeans_01s.jpg,True,0.5531009
jellyfish_01b.jpg,jellyfish_01b.jpg,True,0.31190425
jersey_01b.jpg,jersey_01b.jpg,True,0.38102785
joystick_01b.jpg,joystick_01b.jpg,True,0.40910387
jukebox_01n.jpg,jukebox_01n.jpg,True,0.51487255
kale_01b.jpg,kale_01b.jpg,True,0.37925896
kangaroo_01b.jpg,kangaroo_01b.jpg,True,0.49756154
kazoo_01s.jpg,kazoo_01s.jpg,True,0.51000816
kebab_01b.jpg,kebab_01b.jpg,True,0.67762476
kettle_01b.jpg,kettle_01b.jpg,True,0.40834773
key_01b.jpg,key_01b.jpg,True,0.24638708
kimono_01b.jpg,kimono_01b.jpg,True,0.29804787
kite_01b.jpg,kite_01b.jpg,True,0.8237146
knife_01b.jpg,knife_01b.jpg,True,0.45377365
knot_01b.jpg,knot_01b.jpg,True,0.4825357
koala_01b.jpg,koala_01b.jpg,True,0.4324024
ladder_01b.jpg,ladder_01b.jpg,True,0.32875052
ladle_01b.jpg,ladle_01b.jpg,True,0.35653538
lamp_01b.jpg,lamp_01b.jpg,True,0.46260196
lampshade_01b.jpg,lampshade_01b.jpg,True,0.3745525
lantern_01b.jpg,lantern_01b.jpg,True,0.42599356
lasagna_01b.jpg,lasagna_01b.jpg,True,0.4101247
lawnmower_01b.jpg,lawnmower_01b.jpg,True,0.5036701
lectern_01b.jpg,lectern_01b.jpg,True,0.4727483
leek_01b.jpg,leek_01b.jpg,True,0.48536107
leggings_01b.jpg,leggings_01b.jpg,True,0.64264345
lego_01b.jpg,lego_01b.jpg,True,0.34140062
lemon_01b.jpg,lemon_01b.jpg,True,0.4593257
lemonade_01b.jpg,lemonade_01b.jpg,True,0.6594261
leopard_01b.jpg,leopard_01b.jpg,True,0.5746561
lettuce_01b.jpg,lettuce_01b.jpg,True,0.4197247
life_jacket_01b.jpg,life_jacket_01b.jpg,True,0.39488193
lightbulb_01b.jpg,lightbulb_01b.jpg,True,0.6975669
lime_01b.jpg,lime_01b.jpg,True,0.45832333
limousine_01s.jpg,limousine_01s.jpg,True,0.38425717
lingerie_01b.jpg,lingerie_01b.jpg,True,0.5849324
lion_01b.jpg,lion_01b.jpg,True,0.4896122
lip_balm_01b.jpg,lip_balm_01b.jpg,True,0.3761506
lizard_01b.jpg,lizard_01b.jpg,True,0.71150005
llama_01b.jpg,llama_01b.jpg,True,0.6077097
lobster_01b.jpg,lobster_01b.jpg,True,0.24487025
lock_01b.jpg,lock_01b.jpg,True,0.56493914
locker_01b.jpg,locker_01b.jpg,True,0.35765862
lollipop_01b.jpg,lollipop_01b.jpg,True,0.5653684
macadamia_01b.jpg,macadamia_01b.jpg,True,0.4511307
magnifying_glass_01b.jpg,magnifying_glass_01b.jpg,True,0.5643731
mailbox_01b.jpg,mailbox_01b.jpg,True,0.43569154
man_01b.jpg,man_01b.jpg,True,0.419409
manatee_01b.jpg,manatee_01b.jpg,True,0.504609
mandolin_01s.jpg,mandolin_01s.jpg,True,0.33985168
mango_01b.jpg,mango_01b.jpg,True,0.5854887
manhole_01b.jpg,manhole_01b.jpg,True,0.52565175
map_01s.jpg,map_01s.jpg,True,0.46538076
marijuana_01b.jpg,marijuana_01b.jpg,True,0.5324316
marshmallow_01b.jpg,marshmallow_01b.jpg,True,0.42458773
mascara_01b.jpg,mascara_01b.jpg,True,0.63891554
mask_01b.jpg,mask_01b.jpg,True,0.3500397
mast_01b.jpg,mast_01b.jpg,True,0.5576128
match_01b.jpg,match_01b.jpg,True,0.4334782
meat_01b.jpg,meat_01b.jpg,True,0.479805
meat_grinder_01b.jpg,meat_grinder_01b.jpg,True,0.3779353
meatball_01b.jpg,meatball_01b.jpg,True,0.4682081
melon_01b.jpg,melon_01b.jpg,True,0.22577603
microphone_01b.jpg,microphone_01b.jpg,True,0.29764244
microscope_01b.jpg,microscope_01b.jpg,True,0.29758427
milk_01b.jpg,milk_01b.jpg,True,0.7158717
milkshake_01b.jpg,milkshake_01b.jpg,True,0.41258317
mirror_01b.jpg,mirror_01b.jpg,True,0.4515691
missile_01b.jpg,missile_01b.jpg,True,0.62884605
mistletoe_01b.jpg,mistletoe_01b.jpg,True,0.6629301
mitten_01b.jpg,mitten_01b.jpg,True,0.37341216
monkey_01b.jpg,monkey_01b.jpg,True,0.5400516
moose_01b.jpg,moose_01b.jpg,True,0.33151513
mop_01b.jpg,mop_01b.jpg,True,0.52131134
mosquito_01b.jpg,mosquito_01b.jpg,True,0.52859503
mosquito_net_01b.jpg,mosquito_net_01b.jpg,True,0.43723103
moth_01b.jpg,moth_01b.jpg,True,0.4073393
motorcycle_01b.jpg,motorcycle_01b.jpg,True,0.31397828
mouse1_01b.jpg,mouse1_01b.jpg,True,0.40232554
mousetrap_01b.jpg,mousetrap_01b.jpg,True,0.4165381
mousse_01b.jpg,mousse_01b.jpg,True,0.4176926
muffin_01b.jpg,muffin_01b.jpg,True,0.72744626
mushroom_01b.jpg,mushroom_01b.jpg,True,0.3892384
nacho_01b.jpg,nacho_01b.jpg,True,0.46315867
nail_polish_01b.jpg,nail_polish_01b.jpg,True,0.42338526
napkin_ring_01b.jpg,napkin_ring_01b.jpg,True,0.4321552
necklace_01b.jpg,necklace_01b.jpg,True,0.56786174
needle_01s.jpg,needle_01s.jpg,True,0.6513164
nest_01b.jpg,nest_01b.jpg,True,0.4902704
net_01b.jpg,net_01b.jpg,True,0.45879996
noodle_01s.jpg,noodle_01s.jpg,True,0.47249392
nose_01b.jpg,nose_01b.jpg,True,0.537874
oar_01b.jpg,oar_01b.jpg,True,0.3328606
oatmeal_01s.jpg,oatmeal_01s.jpg,True,0.6548624
octopus_01b.jpg,octopus_01b.jpg,True,0.40728208
odometer_01b.jpg,odometer_01b.jpg,True,0.2331086
okra_01b.jpg,okra_01b.jpg,True,0.4716162
omelet_01b.jpg,omelet_01b.jpg,True,0.52874905
onion_01b.jpg,onion_01b.jpg,True,0.61253434
otter_01b.jpg,otter_01b.jpg,True,0.44648936
overalls_01s.jpg,overalls_01s.jpg,True,0.73940355
oyster_01b.jpg,oyster_01b.jpg,True,0.5663031
pacifier_01s.jpg,pacifier_01s.jpg,True,0.6779996
padlock_01b.jpg,padlock_01b.jpg,True,0.2864869
paint_01b.jpg,paint_01b.jpg,True,0.47908044
paintbrush_01b.jpg,paintbrush_01b.jpg,True,0.46325013
pan_01b.jpg,pan_01b.jpg,True,0.6484619
pancake_01b.jpg,pancake_01b.jpg,True,0.3863988
panda_01b.jpg,panda_01b.jpg,True,0.5527724
pantyhose_01b.jpg,pantyhose_01b.jpg,True,0.7861775
papaya_01b.jpg,papaya_01b.jpg,True,0.46172342
paper_01b.jpg,paper_01b.jpg,True,0.84228647
paperclip_01s.jpg,paperclip_01s.jpg,True,0.35604018
parachute_01b.jpg,parachute_01b.jpg,True,0.4412795
parsley_01b.jpg,parsley_01b.jpg,True,0.6273362
pastry_01b.jpg,pastry_01b.jpg,True,0.38482085
pea_01s.jpg,pea_01s.jpg,True,0.6016698
peach_01b.jpg,peach_01b.jpg,True,0.54156244
peanut_01b.jpg,peanut_01b.jpg,True,0.30268803
pear_01b.jpg,pear_01b.jpg,True,0.41245553
pecan_01b.jpg,pecan_01b.jpg,True,0.5268653
peeler_01b.jpg,peeler_01b.jpg,True,0.39244244
pencil_01s.jpg,pencil_01s.jpg,True,0.7682057
pencil_sharpener_01b.jpg,pencil_sharpener_01b.jpg,True,0.5973343
penguin_01b.jpg,penguin_01b.jpg,True,0.49616486
pepper1_01b.jpg,pepper1_01b.jpg,True,0.6836425
petal_01b.jpg,petal_01b.jpg,True,0.4029035
phone_01b.jpg,phone_01b.jpg,True,0.764441
piano_01b.jpg,piano_01b.jpg,True,0.27245736
pickle_01b.jpg,pickle_01b.jpg,True,0.4729731
pie_01b.jpg,pie_01b.jpg,True,0.4586943
pig_01b.jpg,pig_01b.jpg,True,0.5293919
pigeon_01b.jpg,pigeon_01b.jpg,True,0.40521342
pill_01b.jpg,pill_01b.jpg,True,0.22013094
pillow_01b.jpg,pillow_01b.jpg,True,0.4810818
pineapple_01b.jpg,pineapple_01b.jpg,True,0.4725787
ping-pong_table_01b.jpg,ping-pong_table_01b.jpg,True,0.40339258
pinwheel_01b.jpg,pinwheel_01b.jpg,True,0.58130515
pistachio_01b.jpg,pistachio_01b.jpg,True,0.6041104
pizza_01b.jpg,pizza_01b.jpg,True,0.54502696
plastic_film_01b.jpg,plastic_film_01b.jpg,True,0.71228254
plate_01b.jpg,plate_01b.jpg,True,0.55378515
platypus_01b.jpg,platypus_01b.jpg,True,0.47221637
playing_card_01b.jpg,playing_card_01b.jpg,True,0.5004916
pliers_01s.jpg,pliers_01s.jpg,True,0.6899876
plum_01b.jpg,plum_01b.jpg,True,0.35230574
pocket_01b.jpg,pocket_01b.jpg,True,0.40775633
pocketknife_01b.jpg,pocketknife_01b.jpg,True,0.29234648
pogo_stick_01s.jpg,pogo_stick_01s.jpg,True,0.53019416
polaroid_01b.jpg,polaroid_01b.jpg,True,0.4231717
pom-pom_01b.jpg,pom-pom_01b.jpg,True,0.44623348
pomegranate_01b.jpg,pomegranate_01b.jpg,True,0.55715436
popcorn_01b.jpg,popcorn_01b.jpg,True,0.5221946
popsicle_01b.jpg,popsicle_01b.jpg,True,0.6831001
porcupine_01b.jpg,porcupine_01b.jpg,True,0.43057528
possum_01b.jpg,possum_01b.jpg,True,0.48657662
poster_01s.jpg,poster_01s.jpg,True,0.5072692
pot_01b.jpg,pot_01b.jpg,True,0.44195822
potato_01b.jpg,potato_01b.jpg,True,0.43420115
pothole_01b.jpg,pothole_01b.jpg,True,0.51983947
powder_01b.jpg,powder_01b.jpg,True,0.58339494
praying_mantis_01b.jpg,praying_mantis_01b.jpg,True,0.48425576
pretzel_01b.jpg,pretzel_01b.jpg,True,0.53667647
prism_01b.jpg,prism_01b.jpg,True,0.37105346
projector_01b.jpg,projector_01b.jpg,True,0.6610468
puck_01b.jpg,puck_01b.jpg,True,0.42536205
pudding_01b.jpg,pudding_01b.jpg,True,0.5935845
pumpkin_01b.jpg,pumpkin_01b.jpg,True,0.4036882
punch1_01s.jpg,punch1_01s.jpg,True,0.34421656
punching_bag_01b.jpg,punching_bag_01b.jpg,True,0.37774086
quill_01b.jpg,quill_01b.jpg,True,0.70191973
rabbit_01b.jpg,rabbit_01b.jpg,True,0.406747
raccoon_01b.jpg,raccoon_01b.jpg,True,0.43658462
racket_01b.jpg,racket_01b.jpg,True,0.40859565
radiator_01b.jpg,radiator_01b.jpg,True,0.4274324
radish_01b.jpg,radish_01b.jpg,True,0.28404802
raft_01b.jpg,raft_01b.jpg,True,0.527887
railing_01b.jpg,railing_01b.jpg,True,0.66746503
raspberry_01b.jpg,raspberry_01b.jpg,True,0.381031
rat_01b.jpg,rat_01b.jpg,True,0.39979023
rattle_01b.jpg,rattle_01b.jpg,True,0.43703002
razor_01b.jpg,razor_01b.jpg,True,0.47994143
ready_meal_01b.jpg,ready_meal_01b.jpg,True,0.38078752
record_01b.jpg,record_01b.jpg,True,0.26416814
refrigerator_01b.jpg,refrigerator_01b.jpg,True,0.52907133
retainer_01b.jpg,retainer_01b.jpg,True,0.69836706
revolver_01s.jpg,revolver_01s.jpg,True,0.50079656
rhinoceros_01b.jpg,rhinoceros_01b.jpg,True,0.54510564
rhubarb_01b.jpg,rhubarb_01b.jpg,True,0.44348872
ribbon_01b.jpg,ribbon_01b.jpg,True,0.4126597
rice_01b.jpg,rice_01b.jpg,True,0.5102353
rifle_01s.jpg,rifle_01s.jpg,True,0.5735838
ring_01b.jpg,ring_01b.jpg,True,0.4468966
road_sign_01b.jpg,road_sign_01b.jpg,True,0.46377853
robot_01b.jpg,robot_01b.jpg,True,0.34591958
rocking_chair_01b.jpg,rocking_chair_01b.jpg,True,0.57096386
roll_01b.jpg,roll_01b.jpg,True,0.6450917
rollerblade_01b.jpg,rollerblade_01b.jpg,True,0.48407292
roof_rack_01b.jpg,roof_rack_01b.jpg,True,0.31997037
rug_01b.jpg,rug_01b.jpg,True,0.4229354
ruler_01b.jpg,ruler_01b.jpg,True,0.5519658
saddle_01s.jpg,saddle_01s.jpg,True,0.5392722
saltshaker_01b.jpg,saltshaker_01b.jpg,True,0.30774236
sandpaper_01b.jpg,sandpaper_01b.jpg,True,0.5435227
satellite_dish_01b.jpg,satellite_dish_01b.jpg,True,0.48400086
scaffolding_01b.jpg,scaffolding_01b.jpg,True,0.41786867
scallion_01b.jpg,scallion_01b.jpg,True,0.5088727
scanner_01b.jpg,scanner_01b.jpg,True,0.6169141
scarecrow_01b.jpg,scarecrow_01b.jpg,True,0.38208482
scissors_01s.jpg,scissors_01s.jpg,True,0.7568903
scone_01b.jpg,scone_01b.jpg,True,0.41849065
scoreboard_01b.jpg,scoreboard_01b.jpg,True,0.45371306
scorpion_01b.jpg,scorpion_01b.jpg,True,0.69536597
screwdriver_01s.jpg,screwdriver_01s.jpg,True,0.5351621
sea_urchin_01b.jpg,sea_urchin_01b.jpg,True,0.33613664
seagull_01b.jpg,seagull_01b.jpg,True,0.6196802
seesaw_01b.jpg,seesaw_01b.jpg,True,0.35068095
sewing_kit_01b.jpg,sewing_kit_01b.jpg,True,0.32483053
shaving_cream_01b.jpg,shaving_cream_01b.jpg,True,0.49703035
sheep_01b.jpg,sheep_01b.jpg,True,0.5176289
shell2_01b.jpg,shell2_01b.jpg,True,0.45964643
shield_01b.jpg,shield_01b.jpg,True,0.4764327
ship_01b.jpg,ship_01b.jpg,True,0.3805444
shirt_01s.jpg,shirt_01s.jpg,True,0.49964663
shoe_01s.jpg,shoe_01s.jpg,True,0.60433143
shovel_01b.jpg,shovel_01b.jpg,True,0.51683897
shower_01b.jpg,shower_01b.jpg,True,0.5749007
shower_cap_01b.jpg,shower_cap_01b.jpg,True,0.5752599
shredder_01b.jpg,shredder_01b.jpg,True,0.42703947
shrimp_01b.jpg,shrimp_01b.jpg,True,0.3308903
sickle_01b.jpg,sickle_01b.jpg,True,0.444774
silverware_01b.jpg,silverware_01b.jpg,True,0.35379273
sim_card_01b.jpg,sim_card_01b.jpg,True,0.58152354
sink_01b.jpg,sink_01b.jpg,True,0.34972894
ski_pole_01b.jpg,ski_pole_01b.jpg,True,0.67921066
skunk_01b.jpg,skunk_01b.jpg,True,0.5330947
sleeping_bag_01b.jpg,sleeping_bag_01b.jpg,True,0.46202826
slingshot_01b.jpg,slingshot_01b.jpg,True,0.34930816
sloth_01b.jpg,sloth_01b.jpg,True,0.5758562
smoke_alarm_01b.jpg,smoke_alarm_01b.jpg,True,0.6280624
snail_01b.jpg,snail_01b.jpg,True,0.54895
snake_01b.jpg,snake_01b.jpg,True,0.48350254
snorkel_01b.jpg,snorkel_01b.jpg,True,0.5571578
snowboard_01b.jpg,snowboard_01b.jpg,True,0.56137383
snowplow_01b.jpg,snowplow_01b.jpg,True,0.7933124
sock_01b.jpg,sock_01b.jpg,True,0.43380356
soda_fountain_01s.jpg,soda_fountain_01s.jpg,True,0.4010352
solar_panel_01b.jpg,solar_panel_01b.jpg,True,0.45529202
sombrero_01b.jpg,sombrero_01b.jpg,True,0.35946235
sonogram_01b.jpg,sonogram_01b.jpg,True,0.33978465
soy_sauce_01s.jpg,soy_sauce_01s.jpg,True,0.39803466
space_shuttle_01b.jpg,space_shuttle_01b.jpg,True,0.568651
spareribs_01b.jpg,spareribs_01b.jpg,True,0.35677016
spatula_01b.jpg,spatula_01b.jpg,True,0.44912985
speaker_01s.jpg,speaker_01s.jpg,True,0.4643607
spider_01b.jpg,spider_01b.jpg,True,0.6139006
spinach_01b.jpg,spinach_01b.jpg,True,0.48999617
spoon_01b.jpg,spoon_01b.jpg,True,0.44807628
spout_01b.jpg,spout_01b.jpg,True,0.36250398
sprinkler_01b.jpg,sprinkler_01b.jpg,True,0.4344315
squeegee_01b.jpg,squeegee_01b.jpg,True,0.52022165
squirrel_01b.jpg,squirrel_01b.jpg,True,0.3220627
stair_01b.jpg,stair_01b.jpg,True,0.4212644
stalagmite_01b.jpg,stalagmite_01b.jpg,True,0.31648564
stamp2_01b.jpg,stamp2_01b.jpg,True,0.5679975
stapler_01b.jpg,stapler_01b.jpg,True,0.5143567
starfish_01b.jpg,starfish_01b.jpg,True,0.50922847
steak_01b.jpg,steak_01b.jpg,True,0.33056527
steamroller_01b.jpg,steamroller_01b.jpg,True,0.55069655
stethoscope_01b.jpg,stethoscope_01b.jpg,True,0.8308135
stiletto_01b.jpg,stiletto_01b.jpg,True,0.30553266
stopwatch_01b.jpg,stopwatch_01b.jpg,True,0.52571326
stove1_01b.jpg,stove1_01b.jpg,True,0.51967436
strainer_01b.jpg,strainer_01b.jpg,True,0.48807117
strawberry_01b.jpg,strawberry_01b.jpg,True,0.6805253
streetlight_01b.jpg,streetlight_01b.jpg,True,0.42327172
submarine_01b.jpg,submarine_01b.jpg,True,0.65049803
subway_01b.jpg,subway_01b.jpg,True,0.38192302
suit_01b.jpg,suit_01b.jpg,True,0.5489348
sundae_01b.jpg,sundae_01b.jpg,True,0.39709246
sundial_01b.jpg,sundial_01b.jpg,True,0.41780013
sunroof_01b.jpg,sunroof_01b.jpg,True,0.30000526
sushi_01b.jpg,sushi_01b.jpg,True,0.48742992
suspenders_01b.jpg,suspenders_01b.jpg,True,0.61717653
sweatsuit_01s.jpg,sweatsuit_01s.jpg,True,0.47719777
sword_01b.jpg,sword_01b.jpg,True,0.3562201
syringe_01b.jpg,syringe_01b.jpg,True,0.53020746
syrup_01s.jpg,syrup_01s.jpg,True,0.43881446
t-shirt_01b.jpg,t-shirt_01b.jpg,True,0.5423588
tab_01b.jpg,tab_01b.jpg,True,0.3964853
table_01b.jpg,table_01b.jpg,True,0.3967551
tablecloth_01b.jpg,tablecloth_01b.jpg,True,0.6024514
taco_01b.jpg,taco_01b.jpg,True,0.3844518
tadpole_01b.jpg,tadpole_01b.jpg,True,0.48294878
tag_01b.jpg,tag_01b.jpg,True,0.4872973
taillight_01b.jpg,taillight_01b.jpg,True,0.38350934
tamale_01b.jpg,tamale_01b.jpg,True,0.57618576
tarp_01b.jpg,tarp_01b.jpg,True,0.37241018
tattoo_01b.jpg,tattoo_01b.jpg,True,0.43809104
teapot_01b.jpg,teapot_01b.jpg,True,0.3877783
telescope_01b.jpg,telescope_01b.jpg,True,0.21430814
television_01b.jpg,television_01b.jpg,True,0.4566193
tent_01b.jpg,tent_01b.jpg,True,0.41246888
thermometer_01b.jpg,thermometer_01b.jpg,True,0.55756813
thermos_01b.jpg,thermos_01b.jpg,True,0.59742093
thermostat_01b.jpg,thermostat_01b.jpg,True,0.8603969
thimble_01b.jpg,thimble_01b.jpg,True,0.27621257
thumbtack_01b.jpg,thumbtack_01b.jpg,True,0.2622377
tiara_01b.jpg,tiara_01b.jpg,True,0.7586278
tie_01b.jpg,tie_01b.jpg,True,0.58047026
tiger_01b.jpg,tiger_01b.jpg,True,0.3378861
tiramisu_01b.jpg,tiramisu_01b.jpg,True,0.61172545
toast_01b.jpg,toast_01b.jpg,True,0.50416
toaster_01b.jpg,toaster_01b.jpg,True,0.16825595
toilet_01b.jpg,toilet_01b.jpg,True,0.5166196
toilet_paper_01b.jpg,toilet_paper_01b.jpg,True,0.4216251
tomato_01b.jpg,tomato_01b.jpg,True,0.4183118
tongs_01s.jpg,tongs_01s.jpg,True,0.4253385
tongue_01s.jpg,tongue_01s.jpg,True,0.48788995
toolbox_01b.jpg,toolbox_01b.jpg,True,0.31824374
toothpick_01b.jpg,toothpick_01b.jpg,True,0.49044597
tortilla_01b.jpg,tortilla_01b.jpg,True,0.37462655
toucan_01b.jpg,toucan_01b.jpg,True,0.37119254
touchpad_01b.jpg,touchpad_01b.jpg,True,0.51213104
towel_01b.jpg,towel_01b.jpg,True,0.5929481
towel_rack_01b.jpg,towel_rack_01b.jpg,True,0.74943215
tractor_01b.jpg,tractor_01b.jpg,True,0.4015952
train_01b.jpg,train_01b.jpg,True,0.43657544
trap_01b.jpg,trap_01b.jpg,True,0.45227316
trashcan_01b.jpg,trashcan_01b.jpg,True,0.5354653
tray_01s.jpg,tray_01s.jpg,True,0.64300716
treadmill_01b.jpg,treadmill_01b.jpg,True,0.45959273
tree_01b.jpg,tree_01b.jpg,True,0.4209951
tree_trunk_01b.jpg,tree_trunk_01b.jpg,True,0.5586102
trowel_01s.jpg,trowel_01s.jpg,True,0.517329
truck_01b.jpg,truck_01b.jpg,True,0.4225459
trumpet_01s.jpg,trumpet_01s.jpg,True,0.40899393
tumbleweed_01b.jpg,tumbleweed_01b.jpg,True,0.49164337
turtle_01b.jpg,turtle_01b.jpg,True,0.5992645
tuxedo_01b.jpg,tuxedo_01b.jpg,True,0.33167073
tweezers_01b.jpg,tweezers_01b.jpg,True,0.46687746
typewriter_01b.jpg,typewriter_01b.jpg,True,0.462075
ukulele_01b.jpg,ukulele_01b.jpg,True,0.38536227
umbrella_01b.jpg,umbrella_01b.jpg,True,0.41779274
undershirt_01s.jpg,undershirt_01s.jpg,True,0.52488947
uniform_01b.jpg,uniform_01b.jpg,True,0.44593236
urinal_01b.jpg,urinal_01b.jpg,True,0.6278134
valve_01b.jpg,valve_01b.jpg,True,0.5419028
vase_01b.jpg,vase_01b.jpg,True,0.5777949
velcro_01b.jpg,velcro_01b.jpg,True,0.5268378
videocassette_01b.jpg,videocassette_01b.jpg,True,0.32566842
viewfinder_01s.jpg,viewfinder_01s.jpg,True,0.41923442
violin_01b.jpg,violin_01b.jpg,True,0.12923402
waffle_iron_01b.jpg,waffle_iron_01b.jpg,True,0.33087286
walker1_01b.jpg,walker1_01b.jpg,True,0.48330286
wall_01b.jpg,wall_01b.jpg,True,0.57273614
wallet_01b.jpg,wallet_01b.jpg,True,0.5604439
wallpaper_01b.jpg,wallpaper_01b.jpg,True,0.4378197
walnut_01b.jpg,walnut_01b.jpg,True,0.41198668
walrus_01b.jpg,walrus_01b.jpg,True,0.48123425
wand_01s.jpg,wand_01s.jpg,True,0.51835775
warthog_01b.jpg,warthog_01b.jpg,True,0.4013566
washboard_01b.jpg,washboard_01b.jpg,True,0.37165874
wasp_01b.jpg,wasp_01b.jpg,True,0.37850028
watch_01b.jpg,watch_01b.jpg,True,0.4744322
water_fountain_01b.jpg,water_fountain_01b.jpg,True,0.64924604
weasel_01b.jpg,weasel_01b.jpg,True,0.4793577
whale_01b.jpg,whale_01b.jpg,True,0.3304614
wheat_01b.jpg,wheat_01b.jpg,True,0.60966533
wheelbarrow_01b.jpg,wheelbarrow_01b.jpg,True,0.47201374
wheelchair_01b.jpg,wheelchair_01b.jpg,True,0.38684422
whip_01b.jpg,whip_01b.jpg,True,0.52010095
whisk_01b.jpg,whisk_01b.jpg,True,0.45295164
wig_01s.jpg,wig_01s.jpg,True,0.426967
windowsill_01b.jpg,windowsill_01b.jpg,True,0.5171921
wine_01b.jpg,wine_01b.jpg,True,0.48862988
wire_01s.jpg,wire_01s.jpg,True,0.4771102
wire_cutters_01b.jpg,wire_cutters_01b.jpg,True,0.29299152
wolf_01b.jpg,wolf_01b.jpg,True,0.4707071
woman_01b.jpg,woman_01b.jpg,True,0.7299733
wooden_leg_01b.jpg,wooden_leg_01b.jpg,True,0.51218265
worm_01b.jpg,worm_01b.jpg,True,0.5536347
wrapping_paper_01b.jpg,wrapping_paper_01b.jpg,True,0.639287
wrench_01b.jpg,wrench_01b.jpg,True,0.40509856
yo-yo_01s.jpg,yo-yo_01s.jpg,True,0.5407641
zebra_01b.jpg,zebra_01b.jpg,True,0.37438038
zucchini_01b.jpg,zucchini_01b.jpg,True,0.315508
